archive_id,acquisition_id,roi_id,manual_label,manual_class,out_of_fold_discard_score
Archive_001,Acquisition_001,ROI_0001,0,keep,0.04647408349866228
Archive_001,Acquisition_001,ROI_0002,0,keep,0.07713659190030123
Archive_001,Acquisition_001,ROI_0003,0,keep,0.3114088432407836
Archive_001,Acquisition_001,ROI_0004,0,keep,0.08098492343601865
Archive_001,Acquisition_001,ROI_0005,0,keep,0.10717588821633396
Archive_001,Acquisition_001,ROI_0006,0,keep,0.028292456064982267
Archive_001,Acquisition_001,ROI_0007,0,keep,0.1582550892533195
Archive_001,Acquisition_001,ROI_0008,0,keep,0.036679846964444866
Archive_001,Acquisition_001,ROI_0009,0,keep,0.01987361246516123
Archive_001,Acquisition_001,ROI_0010,1,discard,0.7670364923367348
Archive_001,Acquisition_001,ROI_0011,0,keep,0.027764160420376816
Archive_001,Acquisition_001,ROI_0012,0,keep,0.06157488249628981
Archive_001,Acquisition_001,ROI_0013,0,keep,0.05628308750241737
Archive_001,Acquisition_001,ROI_0014,0,keep,0.018897182498757378
Archive_001,Acquisition_001,ROI_0015,0,keep,0.029968237146115545
Archive_001,Acquisition_001,ROI_0016,0,keep,0.29290309306872847
Archive_001,Acquisition_001,ROI_0017,0,keep,0.027899770964281995
Archive_001,Acquisition_001,ROI_0018,0,keep,0.07482018790117015
Archive_001,Acquisition_001,ROI_0019,0,keep,0.21525482481796432
Archive_001,Acquisition_001,ROI_0020,0,keep,0.07988514294751467
Archive_001,Acquisition_001,ROI_0021,0,keep,0.04237649695389738
Archive_001,Acquisition_001,ROI_0022,0,keep,0.041766621456255586
Archive_001,Acquisition_001,ROI_0023,0,keep,0.08266926862767449
Archive_001,Acquisition_001,ROI_0024,1,discard,0.9676356865570723
Archive_001,Acquisition_001,ROI_0025,1,discard,0.18211280635666982
Archive_001,Acquisition_001,ROI_0026,0,keep,0.06227285164165109
Archive_001,Acquisition_001,ROI_0027,1,discard,0.8928039834197071
Archive_001,Acquisition_001,ROI_0028,0,keep,0.10960560857281296
Archive_001,Acquisition_001,ROI_0029,0,keep,0.07027244816004462
Archive_001,Acquisition_001,ROI_0030,0,keep,0.09484157664979895
Archive_001,Acquisition_001,ROI_0031,0,keep,0.06785045706056307
Archive_001,Acquisition_001,ROI_0032,0,keep,0.0973322504742698
Archive_001,Acquisition_001,ROI_0033,0,keep,0.02586125879898487
Archive_001,Acquisition_001,ROI_0034,0,keep,0.05545034538288582
Archive_001,Acquisition_001,ROI_0035,0,keep,0.05843287177223183
Archive_001,Acquisition_001,ROI_0036,0,keep,0.0793565761834057
Archive_001,Acquisition_001,ROI_0037,0,keep,0.23155509359367965
Archive_001,Acquisition_001,ROI_0038,0,keep,0.0913100224486595
Archive_001,Acquisition_001,ROI_0039,0,keep,0.10634858119789461
Archive_001,Acquisition_001,ROI_0040,0,keep,0.03873115127239078
Archive_001,Acquisition_001,ROI_0041,1,discard,0.13546832961021862
Archive_001,Acquisition_001,ROI_0042,0,keep,0.12025294722653945
Archive_001,Acquisition_001,ROI_0043,0,keep,0.06638875030502238
Archive_001,Acquisition_001,ROI_0044,0,keep,0.10115191143554839
Archive_001,Acquisition_001,ROI_0045,0,keep,0.14735491573935502
Archive_001,Acquisition_001,ROI_0046,0,keep,0.07615598714158701
Archive_001,Acquisition_001,ROI_0047,0,keep,0.08437027656099264
Archive_001,Acquisition_001,ROI_0048,0,keep,0.12753130170805227
Archive_001,Acquisition_001,ROI_0049,0,keep,0.08678427597397266
Archive_001,Acquisition_001,ROI_0050,1,discard,0.999999996928312
Archive_001,Acquisition_001,ROI_0051,0,keep,0.10724484062459379
Archive_001,Acquisition_001,ROI_0052,0,keep,0.05421855197079111
Archive_001,Acquisition_001,ROI_0053,1,discard,0.5697523365930113
Archive_001,Acquisition_001,ROI_0054,0,keep,0.10329698240598423
Archive_001,Acquisition_001,ROI_0055,0,keep,0.1312282279417458
Archive_001,Acquisition_001,ROI_0056,0,keep,0.07436687482112281
Archive_001,Acquisition_001,ROI_0057,0,keep,0.08528476789970217
Archive_001,Acquisition_001,ROI_0058,0,keep,0.1510546513339165
Archive_001,Acquisition_001,ROI_0059,0,keep,0.05674151107973418
Archive_001,Acquisition_001,ROI_0060,0,keep,0.1403271416091485
Archive_001,Acquisition_001,ROI_0061,0,keep,0.18479535502475522
Archive_001,Acquisition_001,ROI_0062,0,keep,0.08466530605292899
Archive_001,Acquisition_001,ROI_0063,0,keep,0.14309899203354223
Archive_001,Acquisition_001,ROI_0064,1,discard,0.8887511647987995
Archive_001,Acquisition_001,ROI_0065,1,discard,0.6538124158826346
Archive_001,Acquisition_001,ROI_0066,0,keep,0.10287620989028085
Archive_001,Acquisition_001,ROI_0067,0,keep,0.1420684082603328
Archive_001,Acquisition_001,ROI_0068,0,keep,0.11832979209718704
Archive_001,Acquisition_001,ROI_0069,0,keep,0.08652418413224122
Archive_001,Acquisition_001,ROI_0070,0,keep,0.10276763338204462
Archive_001,Acquisition_001,ROI_0071,0,keep,0.09679048743867308
Archive_001,Acquisition_001,ROI_0072,0,keep,0.15191933283216424
Archive_001,Acquisition_001,ROI_0073,0,keep,0.05652331913620025
Archive_001,Acquisition_001,ROI_0074,0,keep,0.16129531123581917
Archive_001,Acquisition_001,ROI_0075,0,keep,0.1382081895364837
Archive_001,Acquisition_001,ROI_0076,0,keep,0.16436540753528892
Archive_001,Acquisition_001,ROI_0077,0,keep,0.152391297632435
Archive_001,Acquisition_001,ROI_0078,0,keep,0.29025980418426006
Archive_001,Acquisition_001,ROI_0079,0,keep,0.12053922208206881
Archive_001,Acquisition_001,ROI_0080,0,keep,0.2024542233466819
Archive_001,Acquisition_001,ROI_0081,0,keep,0.16704623468981158
Archive_001,Acquisition_001,ROI_0082,0,keep,0.11977320117029155
Archive_001,Acquisition_001,ROI_0083,0,keep,0.2501310800476341
Archive_001,Acquisition_001,ROI_0084,0,keep,0.23370921109557086
Archive_001,Acquisition_001,ROI_0085,0,keep,0.18410048360015263
Archive_001,Acquisition_001,ROI_0086,0,keep,0.17567805228933936
Archive_001,Acquisition_001,ROI_0087,0,keep,0.1476254050191279
Archive_001,Acquisition_001,ROI_0088,0,keep,0.13232820455128047
Archive_001,Acquisition_001,ROI_0089,0,keep,0.22801138787951844
Archive_001,Acquisition_001,ROI_0090,0,keep,0.24972813985509276
Archive_001,Acquisition_001,ROI_0091,0,keep,0.27583439458654413
Archive_001,Acquisition_001,ROI_0092,0,keep,0.2562706661597161
Archive_001,Acquisition_001,ROI_0093,0,keep,0.06119367349050679
Archive_001,Acquisition_001,ROI_0094,0,keep,0.21161264846155728
Archive_001,Acquisition_001,ROI_0095,0,keep,0.25012641394113533
Archive_001,Acquisition_001,ROI_0096,0,keep,0.19114011277683812
Archive_001,Acquisition_001,ROI_0097,0,keep,0.057783666208393536
Archive_001,Acquisition_001,ROI_0098,0,keep,0.20354282158775408
Archive_001,Acquisition_001,ROI_0099,0,keep,0.20174073802757966
Archive_001,Acquisition_001,ROI_0100,0,keep,0.19664710276508388
Archive_001,Acquisition_001,ROI_0101,0,keep,0.20709888070222573
Archive_001,Acquisition_001,ROI_0102,0,keep,0.1834474163002016
Archive_001,Acquisition_001,ROI_0103,0,keep,0.12335920414798103
Archive_001,Acquisition_001,ROI_0104,0,keep,0.11239917500830819
Archive_001,Acquisition_001,ROI_0105,0,keep,0.3365053186618726
Archive_001,Acquisition_001,ROI_0106,0,keep,0.1666202667417482
Archive_001,Acquisition_001,ROI_0107,0,keep,0.10540851902535073
Archive_001,Acquisition_001,ROI_0108,1,discard,0.9999923710327551
Archive_001,Acquisition_001,ROI_0109,0,keep,0.05906646385227727
Archive_001,Acquisition_001,ROI_0110,0,keep,0.11040074390680066
Archive_001,Acquisition_001,ROI_0111,0,keep,0.13290871364513498
Archive_001,Acquisition_001,ROI_0112,0,keep,0.08947003941998087
Archive_001,Acquisition_001,ROI_0113,0,keep,0.06512501287414577
Archive_001,Acquisition_001,ROI_0114,0,keep,0.2469207098723444
Archive_001,Acquisition_002,ROI_0001,1,discard,0.966892311996099
Archive_001,Acquisition_002,ROI_0002,0,keep,0.030959229024422993
Archive_001,Acquisition_002,ROI_0003,1,discard,0.986515979395065
Archive_001,Acquisition_002,ROI_0004,1,discard,0.4415472394560538
Archive_001,Acquisition_002,ROI_0005,0,keep,0.7601083547935287
Archive_001,Acquisition_002,ROI_0006,0,keep,0.043883324724807916
Archive_001,Acquisition_002,ROI_0007,1,discard,0.9340358246418684
Archive_001,Acquisition_002,ROI_0008,0,keep,0.02555848998180232
Archive_001,Acquisition_002,ROI_0009,0,keep,0.033519261541476206
Archive_001,Acquisition_002,ROI_0010,0,keep,0.14232363523234376
Archive_001,Acquisition_002,ROI_0011,0,keep,0.05583139442055051
Archive_001,Acquisition_002,ROI_0012,0,keep,0.024253180470380678
Archive_001,Acquisition_002,ROI_0013,0,keep,0.09110008478939002
Archive_001,Acquisition_002,ROI_0014,0,keep,0.05667416665873532
Archive_001,Acquisition_002,ROI_0015,0,keep,0.04729546471137761
Archive_001,Acquisition_002,ROI_0016,0,keep,0.055226201584429806
Archive_001,Acquisition_002,ROI_0017,1,discard,0.9990187962096431
Archive_001,Acquisition_002,ROI_0018,0,keep,0.08513241253318185
Archive_001,Acquisition_002,ROI_0019,0,keep,0.04832738902871782
Archive_001,Acquisition_002,ROI_0020,0,keep,0.16731183662778676
Archive_001,Acquisition_002,ROI_0021,0,keep,0.6730817952301024
Archive_001,Acquisition_002,ROI_0022,0,keep,0.09522455640024836
Archive_001,Acquisition_002,ROI_0023,0,keep,0.04073795868574729
Archive_001,Acquisition_002,ROI_0024,0,keep,0.09556826213512273
Archive_001,Acquisition_002,ROI_0025,0,keep,0.05316154412478794
Archive_001,Acquisition_002,ROI_0026,1,discard,0.9998601550780097
Archive_001,Acquisition_002,ROI_0027,0,keep,0.3686210623991168
Archive_001,Acquisition_002,ROI_0028,0,keep,0.0677497500228065
Archive_001,Acquisition_002,ROI_0029,1,discard,0.999999999977204
Archive_001,Acquisition_002,ROI_0030,0,keep,0.033937087108785444
Archive_001,Acquisition_002,ROI_0031,0,keep,0.03625168137862068
Archive_001,Acquisition_002,ROI_0032,1,discard,0.9608323166911413
Archive_001,Acquisition_002,ROI_0033,0,keep,0.18227519756405655
Archive_001,Acquisition_002,ROI_0034,0,keep,0.0856098517455841
Archive_001,Acquisition_002,ROI_0035,0,keep,0.031181668136246763
Archive_001,Acquisition_002,ROI_0036,0,keep,0.05634283155124231
Archive_001,Acquisition_002,ROI_0037,0,keep,0.06960080352133872
Archive_001,Acquisition_002,ROI_0038,0,keep,0.06925525309657675
Archive_001,Acquisition_002,ROI_0039,0,keep,0.044558192391738534
Archive_001,Acquisition_002,ROI_0040,0,keep,0.10679802470112132
Archive_001,Acquisition_002,ROI_0041,0,keep,0.39804548146693375
Archive_001,Acquisition_002,ROI_0042,0,keep,0.019562182826399044
Archive_001,Acquisition_002,ROI_0043,0,keep,0.04193094237758784
Archive_001,Acquisition_002,ROI_0044,0,keep,0.14605738819029404
Archive_001,Acquisition_002,ROI_0045,1,discard,0.9884729197314901
Archive_001,Acquisition_002,ROI_0046,0,keep,0.06632579434756276
Archive_001,Acquisition_002,ROI_0047,0,keep,0.053630419635911857
Archive_001,Acquisition_002,ROI_0048,0,keep,0.8945165147408478
Archive_001,Acquisition_002,ROI_0049,0,keep,0.039523941403566215
Archive_001,Acquisition_002,ROI_0050,0,keep,0.035547940964050284
Archive_001,Acquisition_002,ROI_0051,0,keep,0.040226051559718166
Archive_001,Acquisition_002,ROI_0052,0,keep,0.04873270621422315
Archive_001,Acquisition_002,ROI_0053,0,keep,0.030133399416252187
Archive_001,Acquisition_002,ROI_0054,0,keep,0.02421979101863038
Archive_001,Acquisition_002,ROI_0055,1,discard,0.5543139269364905
Archive_001,Acquisition_002,ROI_0056,0,keep,0.03104841077289529
Archive_001,Acquisition_002,ROI_0057,0,keep,0.05680704178765241
Archive_001,Acquisition_002,ROI_0058,0,keep,0.6295573960869891
Archive_001,Acquisition_002,ROI_0059,0,keep,0.8713782705284806
Archive_001,Acquisition_002,ROI_0060,0,keep,0.03309908943131602
Archive_001,Acquisition_002,ROI_0061,0,keep,0.0346300619519331
Archive_001,Acquisition_002,ROI_0062,0,keep,0.08195646120530307
Archive_001,Acquisition_002,ROI_0063,1,discard,0.9960137660547822
Archive_001,Acquisition_002,ROI_0064,0,keep,0.1401997420317801
Archive_001,Acquisition_002,ROI_0065,0,keep,0.04299912643987556
Archive_001,Acquisition_002,ROI_0066,0,keep,0.103495685154817
Archive_001,Acquisition_002,ROI_0067,0,keep,0.1712908291243659
Archive_001,Acquisition_002,ROI_0068,0,keep,0.05519131025210314
Archive_001,Acquisition_002,ROI_0069,0,keep,0.2665467949737969
Archive_001,Acquisition_002,ROI_0070,1,discard,0.9999999999996092
Archive_001,Acquisition_002,ROI_0071,0,keep,0.20657058639103212
Archive_001,Acquisition_002,ROI_0072,0,keep,0.06963985473389883
Archive_001,Acquisition_002,ROI_0073,0,keep,0.04998280023329852
Archive_001,Acquisition_002,ROI_0074,0,keep,0.08436091321763109
Archive_001,Acquisition_002,ROI_0075,0,keep,0.04951217605068245
Archive_001,Acquisition_002,ROI_0076,1,discard,0.9999732354587529
Archive_001,Acquisition_002,ROI_0077,0,keep,0.06661913014168727
Archive_001,Acquisition_002,ROI_0078,0,keep,0.1175213141717138
Archive_001,Acquisition_002,ROI_0079,0,keep,0.026420015725610063
Archive_001,Acquisition_002,ROI_0080,0,keep,0.06626697428241977
Archive_001,Acquisition_002,ROI_0081,0,keep,0.061378966883034604
Archive_001,Acquisition_002,ROI_0082,0,keep,0.043680984836205236
Archive_001,Acquisition_002,ROI_0083,1,discard,0.8850766913994802
Archive_001,Acquisition_002,ROI_0084,0,keep,0.17415416198306585
Archive_001,Acquisition_002,ROI_0085,1,discard,0.9999996051968154
Archive_001,Acquisition_002,ROI_0086,0,keep,0.027590987274102866
Archive_001,Acquisition_002,ROI_0087,0,keep,0.07047966222922125
Archive_001,Acquisition_002,ROI_0088,0,keep,0.12113583304982342
Archive_001,Acquisition_002,ROI_0089,1,discard,0.9577130659226125
Archive_001,Acquisition_002,ROI_0090,0,keep,0.10212797980650606
Archive_001,Acquisition_002,ROI_0091,0,keep,0.031925422709108024
Archive_001,Acquisition_002,ROI_0092,0,keep,0.22000801852312915
Archive_001,Acquisition_002,ROI_0093,0,keep,0.06893715732569454
Archive_001,Acquisition_002,ROI_0094,1,discard,0.9905141604305684
Archive_001,Acquisition_002,ROI_0095,0,keep,0.15988970419771453
Archive_001,Acquisition_002,ROI_0096,1,discard,0.9999999999999993
Archive_001,Acquisition_002,ROI_0097,0,keep,0.029860510725918336
Archive_001,Acquisition_002,ROI_0098,0,keep,0.06527994250943375
Archive_001,Acquisition_002,ROI_0099,0,keep,0.1253652649666447
Archive_001,Acquisition_002,ROI_0100,0,keep,0.13634454968047388
Archive_001,Acquisition_002,ROI_0101,0,keep,0.46908033069990496
Archive_001,Acquisition_002,ROI_0102,0,keep,0.30653217086935763
Archive_001,Acquisition_002,ROI_0103,0,keep,0.03127567270804655
Archive_001,Acquisition_002,ROI_0104,0,keep,0.09550175829906964
Archive_001,Acquisition_002,ROI_0105,0,keep,0.10935231654427116
Archive_001,Acquisition_002,ROI_0106,0,keep,0.37184055259184656
Archive_001,Acquisition_002,ROI_0107,0,keep,0.04606184670250368
Archive_001,Acquisition_002,ROI_0108,0,keep,0.18541300025168386
Archive_001,Acquisition_002,ROI_0109,0,keep,0.056943165623575286
Archive_001,Acquisition_002,ROI_0110,0,keep,0.05021337485611924
Archive_001,Acquisition_002,ROI_0111,0,keep,0.4135693376346475
Archive_001,Acquisition_002,ROI_0112,0,keep,0.06385018781744314
Archive_001,Acquisition_002,ROI_0113,0,keep,0.086699017229201
Archive_001,Acquisition_002,ROI_0114,1,discard,0.9999999994943283
Archive_001,Acquisition_002,ROI_0115,0,keep,0.17737551055577452
Archive_001,Acquisition_002,ROI_0116,1,discard,0.44121904820735947
Archive_001,Acquisition_002,ROI_0117,0,keep,0.15754449271167068
Archive_001,Acquisition_002,ROI_0118,0,keep,0.19330873251909186
Archive_001,Acquisition_002,ROI_0119,0,keep,0.5979296609395737
Archive_001,Acquisition_002,ROI_0120,0,keep,0.2873995957217589
Archive_001,Acquisition_002,ROI_0121,0,keep,0.07439428678350228
Archive_001,Acquisition_002,ROI_0122,1,discard,0.9862738178765055
Archive_001,Acquisition_002,ROI_0123,0,keep,0.11035925999565384
Archive_001,Acquisition_002,ROI_0124,0,keep,0.1633176836660683
Archive_001,Acquisition_002,ROI_0125,1,discard,0.2886094934278967
Archive_001,Acquisition_002,ROI_0126,0,keep,0.16019512222222484
Archive_001,Acquisition_002,ROI_0127,0,keep,0.13436886343137291
Archive_001,Acquisition_002,ROI_0128,0,keep,0.5333942752390259
Archive_001,Acquisition_002,ROI_0129,0,keep,0.23870806912129702
Archive_001,Acquisition_002,ROI_0130,0,keep,0.1072115899172236
Archive_001,Acquisition_002,ROI_0131,0,keep,0.5743112612950053
Archive_001,Acquisition_002,ROI_0132,0,keep,0.15502823938663976
Archive_001,Acquisition_002,ROI_0133,0,keep,0.0738991434915248
Archive_001,Acquisition_002,ROI_0134,0,keep,0.12841073903711553
Archive_001,Acquisition_002,ROI_0135,0,keep,0.30264516805467007
Archive_001,Acquisition_002,ROI_0136,0,keep,0.0931730596006053
Archive_001,Acquisition_002,ROI_0137,1,discard,0.9995608668234724
Archive_001,Acquisition_002,ROI_0138,0,keep,0.1765370170720727
Archive_001,Acquisition_002,ROI_0139,0,keep,0.14510080055279723
Archive_001,Acquisition_002,ROI_0140,0,keep,0.15648702834014316
Archive_001,Acquisition_002,ROI_0141,0,keep,0.0774324887515778
Archive_001,Acquisition_002,ROI_0142,0,keep,0.18409342059329506
Archive_001,Acquisition_002,ROI_0143,0,keep,0.14488143595350714
Archive_001,Acquisition_002,ROI_0144,0,keep,0.2740743160130472
Archive_001,Acquisition_002,ROI_0145,0,keep,0.21058809644912388
Archive_001,Acquisition_002,ROI_0146,0,keep,0.8239452069674359
Archive_001,Acquisition_002,ROI_0147,0,keep,0.1707247836547249
Archive_001,Acquisition_002,ROI_0148,0,keep,0.22038690258089133
Archive_001,Acquisition_002,ROI_0149,0,keep,0.24872669420721338
Archive_001,Acquisition_002,ROI_0150,0,keep,0.30001673408667723
Archive_001,Acquisition_002,ROI_0151,0,keep,0.14884447623351463
Archive_001,Acquisition_002,ROI_0152,0,keep,0.17436702297880305
Archive_001,Acquisition_002,ROI_0153,0,keep,0.2597400095971794
Archive_001,Acquisition_002,ROI_0154,0,keep,0.18909696057492328
Archive_001,Acquisition_002,ROI_0155,0,keep,0.07955913171377693
Archive_001,Acquisition_002,ROI_0156,0,keep,0.1367872816830666
Archive_001,Acquisition_002,ROI_0157,0,keep,0.2034442724450078
Archive_001,Acquisition_002,ROI_0158,0,keep,0.21351176684832843
Archive_001,Acquisition_002,ROI_0159,0,keep,0.19968232664691168
Archive_001,Acquisition_002,ROI_0160,0,keep,0.1945760046635303
Archive_001,Acquisition_002,ROI_0161,0,keep,0.7216161751045324
Archive_001,Acquisition_002,ROI_0162,0,keep,0.13148497477965615
Archive_001,Acquisition_002,ROI_0163,1,discard,1.0
Archive_001,Acquisition_002,ROI_0164,0,keep,0.074850784854239
Archive_001,Acquisition_002,ROI_0165,0,keep,0.1924853181393126
Archive_001,Acquisition_002,ROI_0166,0,keep,0.2937536958751769
Archive_001,Acquisition_002,ROI_0167,1,discard,0.7671615114906308
Archive_001,Acquisition_002,ROI_0168,0,keep,0.09919437857247361
Archive_001,Acquisition_002,ROI_0169,0,keep,0.10042149972897456
Archive_001,Acquisition_002,ROI_0170,0,keep,0.3224564795862244
Archive_001,Acquisition_002,ROI_0171,0,keep,0.12110560508648247
Archive_001,Acquisition_002,ROI_0172,0,keep,0.1516040440339937
Archive_001,Acquisition_002,ROI_0173,0,keep,0.34650908040050127
Archive_001,Acquisition_002,ROI_0174,0,keep,0.37160691256196143
Archive_001,Acquisition_002,ROI_0175,1,discard,0.8801125051231042
Archive_001,Acquisition_002,ROI_0176,1,discard,0.9113705351457729
Archive_001,Acquisition_002,ROI_0177,0,keep,0.18119911504289232
Archive_001,Acquisition_002,ROI_0178,0,keep,0.08117341417323304
Archive_001,Acquisition_002,ROI_0179,0,keep,0.10324305539027215
Archive_001,Acquisition_002,ROI_0180,0,keep,0.21286878212850194
Archive_001,Acquisition_002,ROI_0181,0,keep,0.09947251069517052
Archive_001,Acquisition_002,ROI_0182,0,keep,0.08732237611136559
Archive_001,Acquisition_002,ROI_0183,0,keep,0.22067727034159065
Archive_001,Acquisition_002,ROI_0184,0,keep,0.20565058196476846
Archive_001,Acquisition_002,ROI_0185,1,discard,0.9999999994454207
Archive_001,Acquisition_002,ROI_0186,0,keep,0.200342809671335
Archive_001,Acquisition_002,ROI_0187,0,keep,0.22596222289070209
Archive_001,Acquisition_002,ROI_0188,0,keep,0.3154842582104015
Archive_001,Acquisition_002,ROI_0189,1,discard,0.9968463001839247
Archive_001,Acquisition_002,ROI_0190,0,keep,0.21403907733451474
Archive_001,Acquisition_002,ROI_0191,0,keep,0.12960905493454533
Archive_001,Acquisition_002,ROI_0192,1,discard,1.0
Archive_001,Acquisition_002,ROI_0193,0,keep,0.09502458881432724
Archive_001,Acquisition_002,ROI_0194,1,discard,0.9998362423695495
Archive_001,Acquisition_003,ROI_0001,1,discard,0.9959789853416899
Archive_001,Acquisition_003,ROI_0002,0,keep,0.03896780918239701
Archive_001,Acquisition_003,ROI_0003,0,keep,0.9953426830833898
Archive_001,Acquisition_003,ROI_0004,0,keep,0.04640196940303447
Archive_001,Acquisition_003,ROI_0005,0,keep,0.012049198814717797
Archive_001,Acquisition_003,ROI_0006,0,keep,0.03696604584666151
Archive_001,Acquisition_003,ROI_0007,0,keep,0.02622465084128348
Archive_001,Acquisition_003,ROI_0008,0,keep,0.033173314278150484
Archive_001,Acquisition_003,ROI_0009,1,discard,0.8767304411362872
Archive_001,Acquisition_003,ROI_0010,0,keep,0.039330750450366235
Archive_001,Acquisition_003,ROI_0011,0,keep,0.025016759844730133
Archive_001,Acquisition_003,ROI_0012,0,keep,0.04246282872996538
Archive_001,Acquisition_003,ROI_0013,0,keep,0.013983659501298895
Archive_001,Acquisition_003,ROI_0014,1,discard,1.0
Archive_001,Acquisition_003,ROI_0015,0,keep,0.03755864291314956
Archive_001,Acquisition_003,ROI_0016,0,keep,0.26073545600886877
Archive_001,Acquisition_003,ROI_0017,0,keep,0.01837254979165791
Archive_001,Acquisition_003,ROI_0018,0,keep,0.017493801557708178
Archive_001,Acquisition_003,ROI_0019,0,keep,0.04209687302847812
Archive_001,Acquisition_003,ROI_0020,0,keep,0.045735060736400796
Archive_001,Acquisition_003,ROI_0021,0,keep,0.0557729846787093
Archive_001,Acquisition_003,ROI_0022,1,discard,0.999737971049278
Archive_001,Acquisition_003,ROI_0023,0,keep,0.031533863752713984
Archive_001,Acquisition_003,ROI_0024,0,keep,0.01860696414003576
Archive_001,Acquisition_003,ROI_0025,0,keep,0.06993841026802511
Archive_001,Acquisition_003,ROI_0026,0,keep,0.05314513542301287
Archive_001,Acquisition_003,ROI_0027,1,discard,0.9471409882950128
Archive_001,Acquisition_003,ROI_0028,0,keep,0.0993318886665805
Archive_001,Acquisition_003,ROI_0029,0,keep,0.036362251267187694
Archive_001,Acquisition_003,ROI_0030,0,keep,0.12629560243498555
Archive_001,Acquisition_003,ROI_0031,1,discard,0.9320632904543877
Archive_001,Acquisition_003,ROI_0032,0,keep,0.046569821882291175
Archive_001,Acquisition_003,ROI_0033,0,keep,0.04130026390202351
Archive_001,Acquisition_003,ROI_0034,0,keep,0.019361478161261318
Archive_001,Acquisition_003,ROI_0035,0,keep,0.42686033563539827
Archive_001,Acquisition_003,ROI_0036,0,keep,0.06677349187113898
Archive_001,Acquisition_003,ROI_0037,0,keep,0.026078275720374265
Archive_001,Acquisition_003,ROI_0038,0,keep,0.027074217118465093
Archive_001,Acquisition_003,ROI_0039,0,keep,0.14171684805916582
Archive_001,Acquisition_003,ROI_0040,1,discard,1.0
Archive_001,Acquisition_003,ROI_0041,0,keep,0.07142185607509473
Archive_001,Acquisition_003,ROI_0042,1,discard,0.9739454401640686
Archive_001,Acquisition_003,ROI_0043,0,keep,0.8903524991093634
Archive_001,Acquisition_003,ROI_0044,0,keep,0.04094396072051408
Archive_001,Acquisition_003,ROI_0045,0,keep,0.2430062123492472
Archive_001,Acquisition_003,ROI_0046,0,keep,0.024178172923360986
Archive_001,Acquisition_003,ROI_0047,1,discard,0.9870837468140644
Archive_001,Acquisition_003,ROI_0048,0,keep,0.04339439217293416
Archive_001,Acquisition_003,ROI_0049,0,keep,0.05304249078401893
Archive_001,Acquisition_003,ROI_0050,0,keep,0.06775840607294269
Archive_001,Acquisition_003,ROI_0051,0,keep,0.13821880815829882
Archive_001,Acquisition_003,ROI_0052,1,discard,0.9296005774930343
Archive_001,Acquisition_003,ROI_0053,0,keep,0.06031408603952404
Archive_001,Acquisition_003,ROI_0054,0,keep,0.08789275920601125
Archive_001,Acquisition_003,ROI_0055,0,keep,0.27214211181932824
Archive_001,Acquisition_003,ROI_0056,0,keep,0.034290187190606315
Archive_001,Acquisition_003,ROI_0057,0,keep,0.15045063051807683
Archive_001,Acquisition_003,ROI_0058,0,keep,0.13307161715911772
Archive_001,Acquisition_003,ROI_0059,0,keep,0.12610831973826933
Archive_001,Acquisition_003,ROI_0060,1,discard,0.9991907103023642
Archive_001,Acquisition_003,ROI_0061,0,keep,0.0377679633977708
Archive_001,Acquisition_003,ROI_0062,0,keep,0.12587230034400862
Archive_001,Acquisition_003,ROI_0063,0,keep,0.04679721945623386
Archive_001,Acquisition_003,ROI_0064,0,keep,0.5740002568217931
Archive_001,Acquisition_003,ROI_0065,0,keep,0.09980292878781113
Archive_001,Acquisition_003,ROI_0066,0,keep,0.09816567845413605
Archive_001,Acquisition_003,ROI_0067,0,keep,0.05844633360632441
Archive_001,Acquisition_003,ROI_0068,0,keep,0.3370777713400396
Archive_001,Acquisition_003,ROI_0069,0,keep,0.16815551060255643
Archive_001,Acquisition_003,ROI_0070,0,keep,0.1194455055739468
Archive_001,Acquisition_003,ROI_0071,0,keep,0.2508685907979105
Archive_001,Acquisition_003,ROI_0072,0,keep,0.0723956491838657
Archive_001,Acquisition_003,ROI_0073,0,keep,0.16173701811290117
Archive_001,Acquisition_003,ROI_0074,0,keep,0.16262576259591424
Archive_001,Acquisition_003,ROI_0075,0,keep,0.15137448514202978
Archive_001,Acquisition_003,ROI_0076,0,keep,0.186573973720996
Archive_001,Acquisition_003,ROI_0077,0,keep,0.08612547285463824
Archive_001,Acquisition_003,ROI_0078,0,keep,0.1521164962344858
Archive_001,Acquisition_003,ROI_0079,0,keep,0.14958067570063854
Archive_001,Acquisition_003,ROI_0080,0,keep,0.1569840749689522
Archive_001,Acquisition_003,ROI_0081,0,keep,0.1484936745489529
Archive_001,Acquisition_003,ROI_0082,0,keep,0.43940505917996037
Archive_001,Acquisition_003,ROI_0083,1,discard,0.5971773558979314
Archive_001,Acquisition_003,ROI_0084,0,keep,0.1293952371475646
Archive_001,Acquisition_003,ROI_0085,0,keep,0.2694567158002485
Archive_001,Acquisition_003,ROI_0086,0,keep,0.6547931912577017
Archive_001,Acquisition_003,ROI_0087,0,keep,0.21921799379130502
Archive_001,Acquisition_003,ROI_0088,0,keep,0.5150079077306844
Archive_001,Acquisition_003,ROI_0089,0,keep,0.1169158809198449
Archive_001,Acquisition_003,ROI_0090,0,keep,0.3038599624869209
Archive_001,Acquisition_003,ROI_0091,0,keep,0.08030357735784803
Archive_001,Acquisition_003,ROI_0092,0,keep,0.8138022929946348
Archive_001,Acquisition_003,ROI_0093,0,keep,0.11507031712347261
Archive_001,Acquisition_003,ROI_0094,0,keep,0.846984566532855
Archive_001,Acquisition_003,ROI_0095,0,keep,0.15147894722326663
Archive_001,Acquisition_003,ROI_0096,0,keep,0.21455407071267601
Archive_001,Acquisition_003,ROI_0097,0,keep,0.19474675865816138
Archive_001,Acquisition_003,ROI_0098,0,keep,0.5774247525500039
Archive_001,Acquisition_003,ROI_0099,0,keep,0.22208363296091915
Archive_001,Acquisition_003,ROI_0100,0,keep,0.13820699071146927
Archive_001,Acquisition_003,ROI_0101,0,keep,0.13438311533490496
Archive_001,Acquisition_003,ROI_0102,0,keep,0.15791142717120826
Archive_001,Acquisition_003,ROI_0103,0,keep,0.2602460950608596
Archive_001,Acquisition_003,ROI_0104,0,keep,0.03761388799455959
Archive_001,Acquisition_003,ROI_0105,0,keep,0.36917882794021595
Archive_001,Acquisition_003,ROI_0106,1,discard,0.8888471908460236
Archive_001,Acquisition_003,ROI_0107,0,keep,0.2920196294939755
Archive_001,Acquisition_003,ROI_0108,0,keep,0.39509804363963924
Archive_001,Acquisition_003,ROI_0109,0,keep,0.07035131053820695
Archive_001,Acquisition_003,ROI_0110,0,keep,0.09600111228588022
Archive_001,Acquisition_003,ROI_0111,0,keep,0.83280225751318
Archive_001,Acquisition_003,ROI_0112,0,keep,0.15827115855500312
Archive_001,Acquisition_003,ROI_0113,0,keep,0.04235926819971229
Archive_001,Acquisition_003,ROI_0114,1,discard,0.2623401994406529
Archive_001,Acquisition_003,ROI_0115,0,keep,0.18247914736933893
Archive_001,Acquisition_003,ROI_0116,0,keep,0.09691575050232329
Archive_001,Acquisition_003,ROI_0117,1,discard,0.9998406289592073
Archive_001,Acquisition_003,ROI_0118,0,keep,0.15671677432443057
Archive_001,Acquisition_003,ROI_0119,1,discard,0.9999999999999438
Archive_001,Acquisition_003,ROI_0120,0,keep,0.26390797918266745
Archive_001,Acquisition_003,ROI_0121,0,keep,0.07418101296272361
Archive_001,Acquisition_003,ROI_0122,0,keep,0.2646134389547016
Archive_001,Acquisition_003,ROI_0123,0,keep,0.21047401666140156
Archive_001,Acquisition_003,ROI_0124,0,keep,0.09725421518733206
Archive_001,Acquisition_003,ROI_0125,0,keep,0.11845168367098619
Archive_001,Acquisition_003,ROI_0126,0,keep,0.22498846483486698
Archive_001,Acquisition_003,ROI_0127,0,keep,0.20473729376336172
Archive_001,Acquisition_003,ROI_0128,0,keep,0.21929708667607908
Archive_001,Acquisition_003,ROI_0129,0,keep,0.15532455518191515
Archive_001,Acquisition_003,ROI_0130,0,keep,0.3156533619102929
Archive_001,Acquisition_003,ROI_0131,0,keep,0.07108209914707575
Archive_001,Acquisition_003,ROI_0132,0,keep,0.3571048188597303
Archive_001,Acquisition_003,ROI_0133,1,discard,0.15859272359005291
Archive_001,Acquisition_003,ROI_0134,1,discard,0.08507995395777607
Archive_001,Acquisition_003,ROI_0135,0,keep,0.09364759538634924
Archive_001,Acquisition_003,ROI_0136,1,discard,0.42131177460473124
Archive_001,Acquisition_003,ROI_0137,0,keep,0.08990985374455111
Archive_001,Acquisition_003,ROI_0138,0,keep,0.0854031105553773
Archive_001,Acquisition_003,ROI_0139,0,keep,0.147843553780854
Archive_001,Acquisition_003,ROI_0140,0,keep,0.12667761765455096
Archive_001,Acquisition_003,ROI_0141,0,keep,0.12664940209372497
Archive_001,Acquisition_003,ROI_0142,0,keep,0.24076554588488672
Archive_001,Acquisition_003,ROI_0143,0,keep,0.042016002431667185
Archive_001,Acquisition_003,ROI_0144,0,keep,0.10368837055078814
Archive_001,Acquisition_003,ROI_0145,0,keep,0.52709184899716
Archive_001,Acquisition_003,ROI_0146,0,keep,0.15629333663077594
Archive_001,Acquisition_003,ROI_0147,0,keep,0.09893900086472007
Archive_001,Acquisition_003,ROI_0148,0,keep,0.129172237732905
Archive_001,Acquisition_003,ROI_0149,0,keep,0.17487895844828472
Archive_001,Acquisition_003,ROI_0150,1,discard,0.30426401949429605
Archive_001,Acquisition_003,ROI_0151,0,keep,0.1901154664136606
Archive_001,Acquisition_003,ROI_0152,1,discard,0.9999999999999389
Archive_001,Acquisition_003,ROI_0153,0,keep,0.11099277032276034
Archive_001,Acquisition_004,ROI_0001,0,keep,0.029761619723996786
Archive_001,Acquisition_004,ROI_0002,0,keep,0.2534208831621769
Archive_001,Acquisition_004,ROI_0003,0,keep,0.030873997303363755
Archive_001,Acquisition_004,ROI_0004,0,keep,0.030890245449319665
Archive_001,Acquisition_004,ROI_0005,0,keep,0.04979911772251439
Archive_001,Acquisition_004,ROI_0006,0,keep,0.02689762279374134
Archive_001,Acquisition_004,ROI_0007,0,keep,0.057661889389163314
Archive_001,Acquisition_004,ROI_0008,0,keep,0.09027448700166191
Archive_001,Acquisition_004,ROI_0009,1,discard,0.9988039525945036
Archive_001,Acquisition_004,ROI_0010,0,keep,0.20091973457000276
Archive_001,Acquisition_004,ROI_0011,0,keep,0.08241224438868607
Archive_001,Acquisition_004,ROI_0012,0,keep,0.10868820875026179
Archive_001,Acquisition_004,ROI_0013,0,keep,0.024141299614251713
Archive_001,Acquisition_004,ROI_0014,0,keep,0.37901851238765455
Archive_001,Acquisition_004,ROI_0015,0,keep,0.14896187004905914
Archive_001,Acquisition_004,ROI_0016,0,keep,0.11562307420991318
Archive_001,Acquisition_004,ROI_0017,0,keep,0.08942436794480774
Archive_001,Acquisition_004,ROI_0018,0,keep,0.30332977886942125
Archive_001,Acquisition_004,ROI_0019,0,keep,0.0246772593513469
Archive_001,Acquisition_004,ROI_0020,0,keep,0.06646983628848678
Archive_001,Acquisition_004,ROI_0021,0,keep,0.047868299499430854
Archive_001,Acquisition_004,ROI_0022,0,keep,0.015631701119934314
Archive_001,Acquisition_004,ROI_0023,1,discard,0.999999999999226
Archive_001,Acquisition_004,ROI_0024,0,keep,0.06831965357960706
Archive_001,Acquisition_004,ROI_0025,0,keep,0.17143742167424753
Archive_001,Acquisition_004,ROI_0026,0,keep,0.2074344943180563
Archive_001,Acquisition_004,ROI_0027,0,keep,0.06882409556096611
Archive_001,Acquisition_004,ROI_0028,0,keep,0.06058727584111797
Archive_001,Acquisition_004,ROI_0029,1,discard,0.9368475772983589
Archive_001,Acquisition_004,ROI_0030,1,discard,0.8386346458373891
Archive_001,Acquisition_004,ROI_0031,0,keep,0.05226546870450745
Archive_001,Acquisition_004,ROI_0032,0,keep,0.10048248459868096
Archive_001,Acquisition_004,ROI_0033,0,keep,0.050474977936472806
Archive_001,Acquisition_004,ROI_0034,0,keep,0.025838715847944657
Archive_001,Acquisition_004,ROI_0035,0,keep,0.23848347472415024
Archive_001,Acquisition_004,ROI_0036,0,keep,0.03436507791968546
Archive_001,Acquisition_004,ROI_0037,1,discard,0.8584797983463875
Archive_001,Acquisition_004,ROI_0038,0,keep,0.04134881197235754
Archive_001,Acquisition_004,ROI_0039,0,keep,0.15770047678732452
Archive_001,Acquisition_004,ROI_0040,0,keep,0.036297415955691505
Archive_001,Acquisition_004,ROI_0041,0,keep,0.08291916170230193
Archive_001,Acquisition_004,ROI_0042,0,keep,0.04942318868494761
Archive_001,Acquisition_004,ROI_0043,0,keep,0.09461193812701285
Archive_001,Acquisition_004,ROI_0044,0,keep,0.1511266704930886
Archive_001,Acquisition_004,ROI_0045,0,keep,0.03618427515736189
Archive_001,Acquisition_004,ROI_0046,1,discard,0.988332852137513
Archive_001,Acquisition_004,ROI_0047,0,keep,0.0509996556897864
Archive_001,Acquisition_004,ROI_0048,0,keep,0.04492172416134601
Archive_001,Acquisition_004,ROI_0049,0,keep,0.23825714009253232
Archive_001,Acquisition_004,ROI_0050,0,keep,0.1076121063330749
Archive_001,Acquisition_004,ROI_0051,0,keep,0.033606516534341165
Archive_001,Acquisition_004,ROI_0052,0,keep,0.04747204176247286
Archive_001,Acquisition_004,ROI_0053,0,keep,0.03873426865772388
Archive_001,Acquisition_004,ROI_0054,0,keep,0.07962323569261934
Archive_001,Acquisition_004,ROI_0055,0,keep,0.4274175896639672
Archive_001,Acquisition_004,ROI_0056,0,keep,0.09039156050811295
Archive_001,Acquisition_004,ROI_0057,0,keep,0.0669127701325283
Archive_001,Acquisition_004,ROI_0058,0,keep,0.06388374151643929
Archive_001,Acquisition_004,ROI_0059,0,keep,0.09826995664554561
Archive_001,Acquisition_004,ROI_0060,0,keep,0.050711748163988296
Archive_001,Acquisition_004,ROI_0061,1,discard,0.8456816320560951
Archive_001,Acquisition_004,ROI_0062,0,keep,0.04012577571207197
Archive_001,Acquisition_004,ROI_0063,0,keep,0.07884177105676637
Archive_001,Acquisition_004,ROI_0064,1,discard,0.5150882995347342
Archive_001,Acquisition_004,ROI_0065,0,keep,0.3376606092480549
Archive_001,Acquisition_004,ROI_0066,1,discard,0.999999185478905
Archive_001,Acquisition_004,ROI_0067,0,keep,0.0688457132616588
Archive_001,Acquisition_004,ROI_0068,1,discard,0.9829877240584387
Archive_001,Acquisition_004,ROI_0069,0,keep,0.07685324609813768
Archive_001,Acquisition_004,ROI_0070,0,keep,0.04581305512647315
Archive_001,Acquisition_004,ROI_0071,0,keep,0.34114367099938653
Archive_001,Acquisition_004,ROI_0072,0,keep,0.1092655865464718
Archive_001,Acquisition_004,ROI_0073,0,keep,0.1449328237194186
Archive_001,Acquisition_004,ROI_0074,0,keep,0.36980496629642706
Archive_001,Acquisition_004,ROI_0075,0,keep,0.12161416562648271
Archive_001,Acquisition_004,ROI_0076,0,keep,0.20258216165648774
Archive_001,Acquisition_004,ROI_0077,0,keep,0.177080922412211
Archive_001,Acquisition_004,ROI_0078,0,keep,0.10988718144143621
Archive_001,Acquisition_004,ROI_0079,1,discard,0.7506514945523856
Archive_001,Acquisition_004,ROI_0080,0,keep,0.13555844347045856
Archive_001,Acquisition_004,ROI_0081,0,keep,0.15618570209344937
Archive_001,Acquisition_004,ROI_0082,0,keep,0.05486631380678183
Archive_001,Acquisition_004,ROI_0083,1,discard,0.19325072269336835
Archive_001,Acquisition_004,ROI_0084,0,keep,0.33411162005589756
Archive_001,Acquisition_004,ROI_0085,0,keep,0.1179896117621671
Archive_001,Acquisition_004,ROI_0086,0,keep,0.09989871891407534
Archive_001,Acquisition_004,ROI_0087,0,keep,0.47541405537231346
Archive_001,Acquisition_004,ROI_0088,0,keep,0.21243697294062192
Archive_001,Acquisition_004,ROI_0089,0,keep,0.7693947719909296
Archive_001,Acquisition_004,ROI_0090,0,keep,0.07359241442066748
Archive_001,Acquisition_004,ROI_0091,0,keep,0.18543780658358247
Archive_001,Acquisition_004,ROI_0092,0,keep,0.3494660810990874
Archive_001,Acquisition_004,ROI_0093,0,keep,0.1792304605433488
Archive_001,Acquisition_004,ROI_0094,0,keep,0.20239336160860497
Archive_001,Acquisition_004,ROI_0095,0,keep,0.06849422902223344
Archive_001,Acquisition_004,ROI_0096,0,keep,0.03819388271078675
Archive_001,Acquisition_004,ROI_0097,0,keep,0.4239034536954416
Archive_001,Acquisition_004,ROI_0098,0,keep,0.2346613158551126
Archive_001,Acquisition_004,ROI_0099,0,keep,0.26055383181220076
Archive_001,Acquisition_004,ROI_0100,0,keep,0.30849280066728985
Archive_001,Acquisition_004,ROI_0101,0,keep,0.5476843516777263
Archive_001,Acquisition_004,ROI_0102,0,keep,0.10455861725282482
Archive_001,Acquisition_004,ROI_0103,0,keep,0.5007986138789956
Archive_001,Acquisition_004,ROI_0104,0,keep,0.13403738086811628
Archive_001,Acquisition_004,ROI_0105,0,keep,0.06493199581242104
Archive_001,Acquisition_004,ROI_0106,0,keep,0.1875638070160368
Archive_001,Acquisition_004,ROI_0107,1,discard,0.9411557653533192
Archive_001,Acquisition_004,ROI_0108,0,keep,0.21603624952463432
Archive_001,Acquisition_004,ROI_0109,0,keep,0.06683003434136121
Archive_001,Acquisition_004,ROI_0110,0,keep,0.20345803947208077
Archive_001,Acquisition_004,ROI_0111,0,keep,0.10879572401573467
Archive_001,Acquisition_004,ROI_0112,0,keep,0.016234190021304055
Archive_001,Acquisition_004,ROI_0113,0,keep,0.13710271487341516
Archive_001,Acquisition_004,ROI_0114,1,discard,0.6610276695962035
Archive_001,Acquisition_004,ROI_0115,0,keep,0.6494247209012104
Archive_001,Acquisition_004,ROI_0116,0,keep,0.20258816941361443
Archive_001,Acquisition_004,ROI_0117,0,keep,0.1229431908886863
Archive_001,Acquisition_004,ROI_0118,0,keep,0.3355461981082618
Archive_001,Acquisition_004,ROI_0119,0,keep,0.10828092216504731
Archive_001,Acquisition_004,ROI_0120,0,keep,0.20591757158150528
Archive_001,Acquisition_004,ROI_0121,0,keep,0.11755487563614318
Archive_001,Acquisition_004,ROI_0122,0,keep,0.10291625342868635
Archive_001,Acquisition_004,ROI_0123,0,keep,0.23864656766677603
Archive_001,Acquisition_004,ROI_0124,0,keep,0.145813179662856
Archive_001,Acquisition_004,ROI_0125,0,keep,0.15053212173304742
Archive_001,Acquisition_004,ROI_0126,0,keep,0.1732300090875098
Archive_001,Acquisition_004,ROI_0127,0,keep,0.10560966497787226
Archive_001,Acquisition_004,ROI_0128,0,keep,0.23604575448396314
Archive_001,Acquisition_004,ROI_0129,0,keep,0.2400221621562263
Archive_001,Acquisition_004,ROI_0130,0,keep,0.23554689524576947
Archive_001,Acquisition_004,ROI_0131,0,keep,0.28683407214546836
Archive_001,Acquisition_004,ROI_0132,0,keep,0.15039470025698765
Archive_001,Acquisition_004,ROI_0133,0,keep,0.26682487305001146
Archive_001,Acquisition_004,ROI_0134,0,keep,0.24125966899383244
Archive_001,Acquisition_004,ROI_0135,0,keep,0.20132346969846454
Archive_001,Acquisition_004,ROI_0136,0,keep,0.05475922693593248
Archive_001,Acquisition_004,ROI_0137,0,keep,0.11933668093872737
Archive_001,Acquisition_004,ROI_0138,1,discard,0.8066506854907473
Archive_001,Acquisition_004,ROI_0139,0,keep,0.1716419268051086
Archive_001,Acquisition_004,ROI_0140,0,keep,0.14646728352625168
Archive_001,Acquisition_004,ROI_0141,0,keep,0.2632654407966362
Archive_001,Acquisition_004,ROI_0142,0,keep,0.21857132111333166
Archive_001,Acquisition_004,ROI_0143,0,keep,0.1451705429602597
Archive_001,Acquisition_004,ROI_0144,0,keep,0.1472924387211721
Archive_001,Acquisition_004,ROI_0145,0,keep,0.17849359809343937
Archive_001,Acquisition_004,ROI_0146,1,discard,0.9999999999810569
Archive_001,Acquisition_004,ROI_0147,0,keep,0.12617911458916714
Archive_001,Acquisition_004,ROI_0148,0,keep,0.3026605621501089
Archive_001,Acquisition_004,ROI_0149,0,keep,0.04666966419920353
Archive_001,Acquisition_004,ROI_0150,0,keep,0.2016437341897121
Archive_001,Acquisition_004,ROI_0151,1,discard,0.18645275437294584
Archive_001,Acquisition_004,ROI_0152,1,discard,0.9999999999995695
Archive_001,Acquisition_004,ROI_0153,1,discard,1.0
Archive_001,Acquisition_004,ROI_0154,0,keep,0.14760657485333034
Archive_001,Acquisition_004,ROI_0155,0,keep,0.09500332866951511
Archive_001,Acquisition_004,ROI_0156,1,discard,0.2995690311702493
Archive_001,Acquisition_004,ROI_0157,0,keep,0.25905517289450397
Archive_001,Acquisition_004,ROI_0158,0,keep,0.16436494873763294
Archive_001,Acquisition_004,ROI_0159,0,keep,0.35816909561965476
Archive_001,Acquisition_004,ROI_0160,0,keep,0.1519554109171785
Archive_001,Acquisition_004,ROI_0161,0,keep,0.25649101673959296
Archive_001,Acquisition_004,ROI_0162,0,keep,0.14976270368301037
Archive_001,Acquisition_004,ROI_0163,1,discard,0.9999999999814635
Archive_001,Acquisition_004,ROI_0164,0,keep,0.14464826060486574
Archive_001,Acquisition_004,ROI_0165,0,keep,0.26052856157500015
Archive_001,Acquisition_004,ROI_0166,0,keep,0.2227828532198587
Archive_001,Acquisition_004,ROI_0167,0,keep,0.26273295370042304
Archive_001,Acquisition_004,ROI_0168,0,keep,0.06782752883073875
Archive_001,Acquisition_004,ROI_0169,0,keep,0.1250079566173778
Archive_001,Acquisition_004,ROI_0170,0,keep,0.11757476050574442
Archive_001,Acquisition_004,ROI_0171,0,keep,0.291064752128965
Archive_001,Acquisition_004,ROI_0172,0,keep,0.0860353979130064
Archive_001,Acquisition_004,ROI_0173,0,keep,0.15863232657503537
Archive_001,Acquisition_004,ROI_0174,0,keep,0.27196909274821646
Archive_001,Acquisition_004,ROI_0175,0,keep,0.23174979219123482
Archive_001,Acquisition_004,ROI_0176,0,keep,0.43212132423502897
Archive_001,Acquisition_005,ROI_0001,0,keep,0.10772452238659014
Archive_001,Acquisition_005,ROI_0002,0,keep,0.8656410393940983
Archive_001,Acquisition_005,ROI_0003,0,keep,0.04465862157130083
Archive_001,Acquisition_005,ROI_0004,0,keep,0.038819816358207714
Archive_001,Acquisition_005,ROI_0005,0,keep,0.03171980243150663
Archive_001,Acquisition_005,ROI_0006,1,discard,1.0
Archive_001,Acquisition_005,ROI_0007,0,keep,0.9999999999394413
Archive_001,Acquisition_005,ROI_0008,1,discard,0.9985815355354504
Archive_001,Acquisition_005,ROI_0009,0,keep,0.06819815355858858
Archive_001,Acquisition_005,ROI_0010,0,keep,0.02262976226654906
Archive_001,Acquisition_005,ROI_0011,0,keep,0.042105198062395564
Archive_001,Acquisition_005,ROI_0012,0,keep,0.06363918632447615
Archive_001,Acquisition_005,ROI_0013,0,keep,0.11945446772474448
Archive_001,Acquisition_005,ROI_0014,0,keep,0.03142460114194743
Archive_001,Acquisition_005,ROI_0015,1,discard,0.9574026843634804
Archive_001,Acquisition_005,ROI_0016,0,keep,0.029075991876127385
Archive_001,Acquisition_005,ROI_0017,0,keep,0.08339919742542998
Archive_001,Acquisition_005,ROI_0018,0,keep,0.19099944026524246
Archive_001,Acquisition_005,ROI_0019,1,discard,0.9996458805710408
Archive_001,Acquisition_005,ROI_0020,0,keep,0.019501835377471247
Archive_001,Acquisition_005,ROI_0021,0,keep,0.027790713320696776
Archive_001,Acquisition_005,ROI_0022,0,keep,0.0216010250776045
Archive_001,Acquisition_005,ROI_0023,0,keep,0.018341565663047846
Archive_001,Acquisition_005,ROI_0024,1,discard,0.9999965818211403
Archive_001,Acquisition_005,ROI_0025,0,keep,0.21663653963824325
Archive_001,Acquisition_005,ROI_0026,0,keep,0.21052902683710706
Archive_001,Acquisition_005,ROI_0027,0,keep,0.028461969271190296
Archive_001,Acquisition_005,ROI_0028,1,discard,0.9999933126220844
Archive_001,Acquisition_005,ROI_0029,0,keep,0.03513355865600368
Archive_001,Acquisition_005,ROI_0030,0,keep,0.03874600306985382
Archive_001,Acquisition_005,ROI_0031,0,keep,0.031510448518963265
Archive_001,Acquisition_005,ROI_0032,0,keep,0.02754041454102834
Archive_001,Acquisition_005,ROI_0033,0,keep,0.05107219270845189
Archive_001,Acquisition_005,ROI_0034,0,keep,0.27153363129080765
Archive_001,Acquisition_005,ROI_0035,0,keep,0.0640027102020746
Archive_001,Acquisition_005,ROI_0036,0,keep,0.020530227009120113
Archive_001,Acquisition_005,ROI_0037,0,keep,0.02863206241427237
Archive_001,Acquisition_005,ROI_0038,1,discard,0.9560645678019699
Archive_001,Acquisition_005,ROI_0039,0,keep,0.057450103942899206
Archive_001,Acquisition_005,ROI_0040,0,keep,0.030219527363527093
Archive_001,Acquisition_005,ROI_0041,0,keep,0.05941030810832878
Archive_001,Acquisition_005,ROI_0042,0,keep,0.035222138900829245
Archive_001,Acquisition_005,ROI_0043,1,discard,0.9674112398094808
Archive_001,Acquisition_005,ROI_0044,0,keep,0.027029407771812248
Archive_001,Acquisition_005,ROI_0045,0,keep,0.033651003940171065
Archive_001,Acquisition_005,ROI_0046,0,keep,0.038621538238287866
Archive_001,Acquisition_005,ROI_0047,1,discard,0.9925969763434834
Archive_001,Acquisition_005,ROI_0048,0,keep,0.05357730923254333
Archive_001,Acquisition_005,ROI_0049,1,discard,0.9990204213005351
Archive_001,Acquisition_005,ROI_0050,0,keep,0.20057477611267646
Archive_001,Acquisition_005,ROI_0051,1,discard,0.9417109277422658
Archive_001,Acquisition_005,ROI_0052,0,keep,0.15572537136723585
Archive_001,Acquisition_005,ROI_0053,0,keep,0.05863821097022751
Archive_001,Acquisition_005,ROI_0054,0,keep,0.04480602211856074
Archive_001,Acquisition_005,ROI_0055,0,keep,0.6208254781271794
Archive_001,Acquisition_005,ROI_0056,0,keep,0.2515420723139549
Archive_001,Acquisition_005,ROI_0057,0,keep,0.1075517310531857
Archive_001,Acquisition_005,ROI_0058,1,discard,1.0
Archive_001,Acquisition_005,ROI_0059,0,keep,0.06521600390977117
Archive_001,Acquisition_005,ROI_0060,0,keep,0.21776016459190797
Archive_001,Acquisition_005,ROI_0061,0,keep,0.1079617465872587
Archive_001,Acquisition_005,ROI_0062,0,keep,0.12524278003421135
Archive_001,Acquisition_005,ROI_0063,0,keep,0.06929842733208236
Archive_001,Acquisition_005,ROI_0064,1,discard,0.4529672110361142
Archive_001,Acquisition_005,ROI_0065,0,keep,0.10321026499546317
Archive_001,Acquisition_005,ROI_0066,0,keep,0.09945288741671116
Archive_001,Acquisition_005,ROI_0067,0,keep,0.10927446494396613
Archive_001,Acquisition_005,ROI_0068,0,keep,0.030604829783603023
Archive_001,Acquisition_005,ROI_0069,0,keep,0.11277124556940799
Archive_001,Acquisition_005,ROI_0070,0,keep,0.0704897386253374
Archive_001,Acquisition_005,ROI_0071,0,keep,0.20965839620656973
Archive_001,Acquisition_005,ROI_0072,0,keep,0.1107684538943094
Archive_001,Acquisition_005,ROI_0073,0,keep,0.02629072108714235
Archive_001,Acquisition_005,ROI_0074,0,keep,0.08764942788057001
Archive_001,Acquisition_005,ROI_0075,0,keep,0.09657666374455147
Archive_001,Acquisition_005,ROI_0076,0,keep,0.13769058785675933
Archive_001,Acquisition_005,ROI_0077,0,keep,0.14399231446889277
Archive_001,Acquisition_005,ROI_0078,0,keep,0.1486078991774369
Archive_001,Acquisition_005,ROI_0079,0,keep,0.06667139322155616
Archive_001,Acquisition_005,ROI_0080,0,keep,0.24620193537981
Archive_001,Acquisition_005,ROI_0081,0,keep,0.3420220774339779
Archive_001,Acquisition_005,ROI_0082,1,discard,0.9992899557999785
Archive_001,Acquisition_005,ROI_0083,0,keep,0.11274358253848683
Archive_001,Acquisition_005,ROI_0084,0,keep,0.10095079351856907
Archive_001,Acquisition_005,ROI_0085,1,discard,0.939550717990288
Archive_001,Acquisition_005,ROI_0086,0,keep,0.19683402674601125
Archive_001,Acquisition_005,ROI_0087,0,keep,0.2552792236581409
Archive_001,Acquisition_005,ROI_0088,0,keep,0.12471538660397408
Archive_001,Acquisition_005,ROI_0089,0,keep,0.10687233698224054
Archive_001,Acquisition_005,ROI_0090,0,keep,0.11496354556629854
Archive_001,Acquisition_005,ROI_0091,0,keep,0.11341032609774669
Archive_001,Acquisition_005,ROI_0092,0,keep,0.35627896468530734
Archive_001,Acquisition_005,ROI_0093,0,keep,0.06439331316823008
Archive_001,Acquisition_005,ROI_0094,0,keep,0.09983057086721102
Archive_001,Acquisition_005,ROI_0095,0,keep,0.25736496300762696
Archive_001,Acquisition_005,ROI_0096,0,keep,0.44634269839228335
Archive_001,Acquisition_005,ROI_0097,0,keep,0.11792591337542385
Archive_001,Acquisition_005,ROI_0098,0,keep,0.11783626764441484
Archive_001,Acquisition_005,ROI_0099,0,keep,0.2830464044661448
Archive_001,Acquisition_005,ROI_0100,0,keep,0.14493983367552463
Archive_001,Acquisition_005,ROI_0101,0,keep,0.10412494338270403
Archive_001,Acquisition_005,ROI_0102,0,keep,0.08809680006996413
Archive_001,Acquisition_005,ROI_0103,0,keep,0.2057277790360277
Archive_001,Acquisition_005,ROI_0104,0,keep,0.1360928799711043
Archive_001,Acquisition_005,ROI_0105,0,keep,0.11020687027024874
Archive_001,Acquisition_005,ROI_0106,0,keep,0.2187624073895772
Archive_001,Acquisition_005,ROI_0107,0,keep,0.29036877604627215
Archive_001,Acquisition_005,ROI_0108,0,keep,0.3146777428886458
Archive_001,Acquisition_005,ROI_0109,0,keep,0.2517718282328815
Archive_001,Acquisition_005,ROI_0110,0,keep,0.19646049647359623
Archive_001,Acquisition_005,ROI_0111,0,keep,0.25628214443553343
Archive_001,Acquisition_005,ROI_0112,0,keep,0.09343872383481779
Archive_001,Acquisition_005,ROI_0113,0,keep,0.1659912918080474
Archive_001,Acquisition_005,ROI_0114,0,keep,0.08249824791815175
Archive_001,Acquisition_005,ROI_0115,0,keep,0.5886596566114174
Archive_001,Acquisition_005,ROI_0116,0,keep,0.143370326693909
Archive_001,Acquisition_005,ROI_0117,0,keep,0.12853831412038969
Archive_001,Acquisition_005,ROI_0118,0,keep,0.3106899953037708
Archive_001,Acquisition_005,ROI_0119,0,keep,0.09324035707068169
Archive_001,Acquisition_005,ROI_0120,0,keep,0.18889328419967139
Archive_001,Acquisition_005,ROI_0121,0,keep,0.11953372916505994
Archive_001,Acquisition_005,ROI_0122,0,keep,0.18771613131461415
Archive_001,Acquisition_005,ROI_0123,0,keep,0.1682170427499736
Archive_001,Acquisition_005,ROI_0124,0,keep,0.2334866360715178
Archive_002,Acquisition_006,ROI_0001,1,discard,0.9999885079222605
Archive_002,Acquisition_006,ROI_0002,0,keep,0.4033168024991416
Archive_002,Acquisition_006,ROI_0003,0,keep,0.45329865313859585
Archive_002,Acquisition_006,ROI_0004,0,keep,0.9992539649936568
Archive_002,Acquisition_006,ROI_0005,0,keep,0.5464804601932274
Archive_002,Acquisition_006,ROI_0006,0,keep,0.07413495214431773
Archive_002,Acquisition_006,ROI_0007,0,keep,0.06304459443367852
Archive_002,Acquisition_006,ROI_0008,0,keep,0.06696601271572786
Archive_002,Acquisition_006,ROI_0009,0,keep,0.07887043453011505
Archive_002,Acquisition_006,ROI_0010,0,keep,0.9735605814516425
Archive_002,Acquisition_006,ROI_0011,0,keep,0.32820569267075134
Archive_002,Acquisition_006,ROI_0012,0,keep,0.963421682156695
Archive_002,Acquisition_006,ROI_0013,0,keep,0.055305114200000345
Archive_002,Acquisition_006,ROI_0014,1,discard,0.9989740473132809
Archive_002,Acquisition_006,ROI_0015,0,keep,0.1315670727202983
Archive_002,Acquisition_006,ROI_0016,0,keep,0.03535470494635983
Archive_002,Acquisition_006,ROI_0017,0,keep,0.06507112786800151
Archive_002,Acquisition_006,ROI_0018,0,keep,0.0325941921292932
Archive_002,Acquisition_006,ROI_0019,1,discard,0.9986701902566146
Archive_002,Acquisition_006,ROI_0020,1,discard,0.9996395550965672
Archive_002,Acquisition_006,ROI_0021,0,keep,0.05719940969119062
Archive_002,Acquisition_006,ROI_0022,0,keep,0.05643078058677303
Archive_002,Acquisition_006,ROI_0023,0,keep,0.06944644422618186
Archive_002,Acquisition_006,ROI_0024,0,keep,0.05258100363921305
Archive_002,Acquisition_006,ROI_0025,1,discard,0.7465267506822468
Archive_002,Acquisition_006,ROI_0026,0,keep,0.05626540660329723
Archive_002,Acquisition_006,ROI_0027,0,keep,0.10302668882213227
Archive_002,Acquisition_006,ROI_0028,0,keep,0.8410573494365192
Archive_002,Acquisition_006,ROI_0029,1,discard,0.9998005684697231
Archive_002,Acquisition_006,ROI_0030,1,discard,0.9999631849911216
Archive_002,Acquisition_006,ROI_0031,0,keep,0.05464947444780721
Archive_002,Acquisition_006,ROI_0032,0,keep,0.022504923313476494
Archive_002,Acquisition_006,ROI_0033,0,keep,0.045027007908194305
Archive_002,Acquisition_006,ROI_0034,1,discard,0.9999997347242098
Archive_002,Acquisition_006,ROI_0035,0,keep,0.09328493781633769
Archive_002,Acquisition_006,ROI_0036,0,keep,0.31961888933654997
Archive_002,Acquisition_006,ROI_0037,0,keep,0.4584511948884999
Archive_002,Acquisition_006,ROI_0038,0,keep,0.12316165073010146
Archive_002,Acquisition_006,ROI_0039,0,keep,0.010308937673842484
Archive_002,Acquisition_006,ROI_0040,0,keep,0.03229100111326763
Archive_002,Acquisition_006,ROI_0041,0,keep,0.036148111809246604
Archive_002,Acquisition_006,ROI_0042,0,keep,0.2546116414508576
Archive_002,Acquisition_006,ROI_0043,0,keep,0.025484214187781153
Archive_002,Acquisition_006,ROI_0044,0,keep,0.023806827265892557
Archive_002,Acquisition_006,ROI_0045,1,discard,0.9999999841227658
Archive_002,Acquisition_006,ROI_0046,0,keep,0.843919655265047
Archive_002,Acquisition_006,ROI_0047,1,discard,0.9999998357265206
Archive_002,Acquisition_006,ROI_0048,0,keep,0.038489951828744186
Archive_002,Acquisition_006,ROI_0049,1,discard,1.0
Archive_002,Acquisition_006,ROI_0050,0,keep,0.027642283810253233
Archive_002,Acquisition_006,ROI_0051,0,keep,0.05079160806415768
Archive_002,Acquisition_006,ROI_0052,1,discard,0.8788213176326799
Archive_002,Acquisition_006,ROI_0053,0,keep,0.02728017627565409
Archive_002,Acquisition_006,ROI_0054,0,keep,0.02565539104423884
Archive_002,Acquisition_006,ROI_0055,0,keep,0.051778279655085545
Archive_002,Acquisition_006,ROI_0056,1,discard,0.817703935900222
Archive_002,Acquisition_006,ROI_0057,0,keep,0.1464829940502615
Archive_002,Acquisition_006,ROI_0058,0,keep,0.03165180092345926
Archive_002,Acquisition_006,ROI_0059,0,keep,0.03889541124400415
Archive_002,Acquisition_006,ROI_0060,0,keep,0.052022478644555344
Archive_002,Acquisition_006,ROI_0061,0,keep,0.07421236241416194
Archive_002,Acquisition_006,ROI_0062,0,keep,0.036825990431363746
Archive_002,Acquisition_006,ROI_0063,1,discard,0.8196646197721983
Archive_002,Acquisition_006,ROI_0064,0,keep,0.06147480800870495
Archive_002,Acquisition_006,ROI_0065,0,keep,0.059319507744318954
Archive_002,Acquisition_006,ROI_0066,1,discard,1.0
Archive_002,Acquisition_006,ROI_0067,0,keep,0.39213457817892716
Archive_002,Acquisition_006,ROI_0068,0,keep,0.024979511237589035
Archive_002,Acquisition_006,ROI_0069,0,keep,0.01233847061269106
Archive_002,Acquisition_006,ROI_0070,0,keep,0.03719905156303879
Archive_002,Acquisition_006,ROI_0071,0,keep,0.9999823081079017
Archive_002,Acquisition_006,ROI_0072,0,keep,0.044931452888468136
Archive_002,Acquisition_006,ROI_0073,0,keep,0.05084341447964665
Archive_002,Acquisition_006,ROI_0074,0,keep,0.052447200794125605
Archive_002,Acquisition_006,ROI_0075,0,keep,0.023935653042018154
Archive_002,Acquisition_006,ROI_0076,0,keep,0.05170950392427094
Archive_002,Acquisition_006,ROI_0077,0,keep,0.06097046448121604
Archive_002,Acquisition_006,ROI_0078,0,keep,0.034806151234813044
Archive_002,Acquisition_006,ROI_0079,0,keep,0.0646124492360133
Archive_002,Acquisition_006,ROI_0080,0,keep,0.05253020100761494
Archive_002,Acquisition_006,ROI_0081,0,keep,0.4407277233645204
Archive_002,Acquisition_006,ROI_0082,1,discard,0.06212714733032631
Archive_002,Acquisition_006,ROI_0083,0,keep,0.3760509162753273
Archive_002,Acquisition_006,ROI_0084,0,keep,0.10900174142967206
Archive_002,Acquisition_006,ROI_0085,1,discard,0.5623169199704251
Archive_002,Acquisition_006,ROI_0086,0,keep,0.023730319032381455
Archive_002,Acquisition_006,ROI_0087,0,keep,0.01676784440867853
Archive_002,Acquisition_006,ROI_0088,0,keep,0.12903464214969873
Archive_002,Acquisition_006,ROI_0089,0,keep,0.06592675336479419
Archive_002,Acquisition_006,ROI_0090,0,keep,0.049323970636759175
Archive_002,Acquisition_006,ROI_0091,0,keep,0.8483823807215188
Archive_002,Acquisition_006,ROI_0092,0,keep,0.03777587644564373
Archive_002,Acquisition_006,ROI_0093,0,keep,0.04082833169278726
Archive_002,Acquisition_006,ROI_0094,0,keep,0.027585974309300657
Archive_002,Acquisition_006,ROI_0095,0,keep,0.030692376879363412
Archive_002,Acquisition_006,ROI_0096,0,keep,0.05229429908060705
Archive_002,Acquisition_006,ROI_0097,1,discard,0.9003052410714208
Archive_002,Acquisition_006,ROI_0098,0,keep,0.13348914691505767
Archive_002,Acquisition_006,ROI_0099,0,keep,0.11560706015603621
Archive_002,Acquisition_006,ROI_0100,0,keep,0.04931111437599061
Archive_002,Acquisition_006,ROI_0101,0,keep,0.04789468084980567
Archive_002,Acquisition_006,ROI_0102,0,keep,0.17909730379644795
Archive_002,Acquisition_006,ROI_0103,0,keep,0.0645651082044307
Archive_002,Acquisition_006,ROI_0104,0,keep,0.03359603866245874
Archive_002,Acquisition_006,ROI_0105,0,keep,0.0753865094863568
Archive_002,Acquisition_006,ROI_0106,0,keep,0.1819125188043574
Archive_002,Acquisition_006,ROI_0107,0,keep,0.06804933663070031
Archive_002,Acquisition_006,ROI_0108,0,keep,0.0553954233032592
Archive_002,Acquisition_006,ROI_0109,0,keep,0.029493849391170217
Archive_002,Acquisition_006,ROI_0110,0,keep,0.06882537692597213
Archive_002,Acquisition_006,ROI_0111,0,keep,0.12152584709713245
Archive_002,Acquisition_006,ROI_0112,0,keep,0.10446926158015661
Archive_002,Acquisition_006,ROI_0113,0,keep,0.11631439292664068
Archive_002,Acquisition_006,ROI_0114,0,keep,0.05887076127951141
Archive_002,Acquisition_006,ROI_0115,0,keep,0.2767313757838722
Archive_002,Acquisition_006,ROI_0116,0,keep,0.1112244840343257
Archive_002,Acquisition_006,ROI_0117,0,keep,0.10125848296814195
Archive_002,Acquisition_006,ROI_0118,0,keep,0.03312706980106618
Archive_002,Acquisition_006,ROI_0119,1,discard,1.0
Archive_002,Acquisition_006,ROI_0120,0,keep,0.035104190112602116
Archive_002,Acquisition_006,ROI_0121,0,keep,0.22405089642947765
Archive_002,Acquisition_006,ROI_0122,0,keep,0.028490893650781127
Archive_002,Acquisition_006,ROI_0123,0,keep,0.35911135339005434
Archive_002,Acquisition_006,ROI_0124,0,keep,0.03097781947200474
Archive_002,Acquisition_006,ROI_0125,0,keep,0.16109027944398774
Archive_002,Acquisition_006,ROI_0126,0,keep,0.032924017520534844
Archive_002,Acquisition_006,ROI_0127,0,keep,0.2086820204771142
Archive_002,Acquisition_006,ROI_0128,0,keep,0.04598033244981347
Archive_002,Acquisition_006,ROI_0129,0,keep,0.058731565294445634
Archive_002,Acquisition_006,ROI_0130,0,keep,0.10911217671230618
Archive_002,Acquisition_006,ROI_0131,0,keep,0.0833717644539733
Archive_002,Acquisition_006,ROI_0132,1,discard,0.989374372065781
Archive_002,Acquisition_006,ROI_0133,1,discard,0.9999999999988807
Archive_002,Acquisition_006,ROI_0134,0,keep,0.6247122709384509
Archive_002,Acquisition_006,ROI_0135,0,keep,0.1286840308239576
Archive_002,Acquisition_006,ROI_0136,0,keep,0.06013749566878732
Archive_002,Acquisition_006,ROI_0137,0,keep,0.075119292870653
Archive_002,Acquisition_006,ROI_0138,0,keep,0.13007028131928874
Archive_002,Acquisition_006,ROI_0139,0,keep,0.06263826575585536
Archive_002,Acquisition_006,ROI_0140,0,keep,0.0963423011539508
Archive_002,Acquisition_006,ROI_0141,1,discard,0.9711607377772451
Archive_002,Acquisition_006,ROI_0142,0,keep,0.04570073162957997
Archive_002,Acquisition_006,ROI_0143,1,discard,0.9996896711617963
Archive_002,Acquisition_006,ROI_0144,0,keep,0.3245187052059723
Archive_002,Acquisition_006,ROI_0145,0,keep,0.11306361144287856
Archive_002,Acquisition_006,ROI_0146,0,keep,0.06891970918814698
Archive_002,Acquisition_006,ROI_0147,0,keep,0.035657884407758265
Archive_002,Acquisition_006,ROI_0148,0,keep,0.29026887553267233
Archive_002,Acquisition_006,ROI_0149,0,keep,0.042064163890987036
Archive_002,Acquisition_006,ROI_0150,1,discard,0.9999987012267778
Archive_002,Acquisition_006,ROI_0151,0,keep,0.23643828235848038
Archive_002,Acquisition_006,ROI_0152,0,keep,0.40328109442403315
Archive_002,Acquisition_006,ROI_0153,1,discard,0.9999999999999962
Archive_002,Acquisition_006,ROI_0154,0,keep,0.06387263085237957
Archive_002,Acquisition_006,ROI_0155,1,discard,0.9999999999999707
Archive_002,Acquisition_006,ROI_0156,0,keep,0.15526247875912152
Archive_002,Acquisition_006,ROI_0157,1,discard,0.9902333140546519
Archive_002,Acquisition_006,ROI_0158,0,keep,0.09255985359494964
Archive_002,Acquisition_006,ROI_0159,0,keep,0.07382402855851215
Archive_002,Acquisition_006,ROI_0160,0,keep,0.22264665125067493
Archive_002,Acquisition_006,ROI_0161,0,keep,0.16767967898530542
Archive_002,Acquisition_006,ROI_0162,0,keep,0.3899056317811333
Archive_002,Acquisition_006,ROI_0163,0,keep,0.06770413595465015
Archive_002,Acquisition_006,ROI_0164,1,discard,0.999870395909536
Archive_002,Acquisition_006,ROI_0165,0,keep,0.09175570308942817
Archive_002,Acquisition_006,ROI_0166,1,discard,0.9999999999981155
Archive_002,Acquisition_006,ROI_0167,1,discard,1.0
Archive_002,Acquisition_006,ROI_0168,0,keep,0.16543570671037686
Archive_002,Acquisition_006,ROI_0169,0,keep,0.2361701172474583
Archive_002,Acquisition_007,ROI_0001,0,keep,0.43522786334309
Archive_002,Acquisition_007,ROI_0002,0,keep,0.22263146918003124
Archive_002,Acquisition_007,ROI_0003,0,keep,0.07872578738463583
Archive_002,Acquisition_007,ROI_0004,0,keep,0.09442331632122328
Archive_002,Acquisition_007,ROI_0005,1,discard,0.9993063001320136
Archive_002,Acquisition_007,ROI_0006,1,discard,0.9992172910810613
Archive_002,Acquisition_007,ROI_0007,0,keep,0.05655237481263814
Archive_002,Acquisition_007,ROI_0008,0,keep,0.038230047216431244
Archive_002,Acquisition_007,ROI_0009,0,keep,0.0744526783721271
Archive_002,Acquisition_007,ROI_0010,0,keep,0.2794667641626051
Archive_002,Acquisition_007,ROI_0011,0,keep,0.5146036749259862
Archive_002,Acquisition_007,ROI_0012,0,keep,0.017941070954664247
Archive_002,Acquisition_007,ROI_0013,0,keep,0.4780636893648008
Archive_002,Acquisition_007,ROI_0014,0,keep,0.01563609345646565
Archive_002,Acquisition_007,ROI_0015,0,keep,0.018352464069320854
Archive_002,Acquisition_007,ROI_0016,0,keep,0.020658199770590514
Archive_002,Acquisition_007,ROI_0017,0,keep,0.044763770563863735
Archive_002,Acquisition_007,ROI_0018,0,keep,0.011351431997668044
Archive_002,Acquisition_007,ROI_0019,0,keep,0.0379894844515946
Archive_002,Acquisition_007,ROI_0020,0,keep,0.02104791127744203
Archive_002,Acquisition_007,ROI_0021,0,keep,0.024739102063405946
Archive_002,Acquisition_007,ROI_0022,0,keep,0.03568416764856182
Archive_002,Acquisition_007,ROI_0023,0,keep,0.040921806128143993
Archive_002,Acquisition_007,ROI_0024,1,discard,0.9999826058845046
Archive_002,Acquisition_007,ROI_0025,1,discard,0.9999999997807205
Archive_002,Acquisition_007,ROI_0026,0,keep,0.021150685979928016
Archive_002,Acquisition_007,ROI_0027,1,discard,0.991799088070089
Archive_002,Acquisition_007,ROI_0028,0,keep,0.16574453932175154
Archive_002,Acquisition_007,ROI_0029,0,keep,0.044587975416072505
Archive_002,Acquisition_007,ROI_0030,0,keep,0.016002644893413263
Archive_002,Acquisition_007,ROI_0031,0,keep,0.03224701277990741
Archive_002,Acquisition_007,ROI_0032,0,keep,0.014862646581789391
Archive_002,Acquisition_007,ROI_0033,0,keep,0.0340032029029408
Archive_002,Acquisition_007,ROI_0034,0,keep,0.18642740805123312
Archive_002,Acquisition_007,ROI_0035,1,discard,0.04607546634915804
Archive_002,Acquisition_007,ROI_0036,0,keep,0.03370271839944553
Archive_002,Acquisition_007,ROI_0037,0,keep,0.12175636575361225
Archive_002,Acquisition_007,ROI_0038,0,keep,0.0342525314637136
Archive_002,Acquisition_007,ROI_0039,0,keep,0.03133979912417877
Archive_002,Acquisition_007,ROI_0040,0,keep,0.034197423632463274
Archive_002,Acquisition_007,ROI_0041,0,keep,0.012724577424287679
Archive_002,Acquisition_007,ROI_0042,0,keep,0.04136761991987119
Archive_002,Acquisition_007,ROI_0043,0,keep,0.0185640983860057
Archive_002,Acquisition_007,ROI_0044,0,keep,0.015741069614858265
Archive_002,Acquisition_007,ROI_0045,0,keep,0.06891437182377014
Archive_002,Acquisition_007,ROI_0046,0,keep,0.024762268370473173
Archive_002,Acquisition_007,ROI_0047,0,keep,0.018158041315867974
Archive_002,Acquisition_007,ROI_0048,0,keep,0.24933273841473164
Archive_002,Acquisition_007,ROI_0049,0,keep,0.39120900784834534
Archive_002,Acquisition_007,ROI_0050,1,discard,0.9845999995036243
Archive_002,Acquisition_007,ROI_0051,0,keep,0.01481812659566211
Archive_002,Acquisition_007,ROI_0052,0,keep,0.022914185529447007
Archive_002,Acquisition_007,ROI_0053,0,keep,0.027156834260103374
Archive_002,Acquisition_007,ROI_0054,0,keep,0.012687859701146203
Archive_002,Acquisition_007,ROI_0055,0,keep,0.022230444610646424
Archive_002,Acquisition_007,ROI_0056,0,keep,0.045317921874335254
Archive_002,Acquisition_007,ROI_0057,0,keep,0.0198732189534781
Archive_002,Acquisition_007,ROI_0058,0,keep,0.11688434483652894
Archive_002,Acquisition_007,ROI_0059,0,keep,0.02693379174865729
Archive_002,Acquisition_007,ROI_0060,0,keep,0.024938717528776803
Archive_002,Acquisition_007,ROI_0061,0,keep,0.013179752030827626
Archive_002,Acquisition_007,ROI_0062,0,keep,0.04761305148286063
Archive_002,Acquisition_007,ROI_0063,0,keep,0.18424644412800611
Archive_002,Acquisition_007,ROI_0064,0,keep,0.0970707134828177
Archive_002,Acquisition_007,ROI_0065,0,keep,0.05581685895986535
Archive_002,Acquisition_007,ROI_0066,0,keep,0.007596870120023294
Archive_002,Acquisition_007,ROI_0067,0,keep,0.015862829058853566
Archive_002,Acquisition_007,ROI_0068,0,keep,0.06571326785868262
Archive_002,Acquisition_007,ROI_0069,0,keep,0.05021134034809699
Archive_002,Acquisition_007,ROI_0070,0,keep,0.1002613689492981
Archive_002,Acquisition_007,ROI_0071,0,keep,0.020951141719443376
Archive_002,Acquisition_007,ROI_0072,0,keep,0.13401687774939625
Archive_002,Acquisition_007,ROI_0073,0,keep,0.03000249550781546
Archive_002,Acquisition_007,ROI_0074,0,keep,0.023881368381353383
Archive_002,Acquisition_007,ROI_0075,0,keep,0.2048963561798771
Archive_002,Acquisition_007,ROI_0076,1,discard,0.7645601646706066
Archive_002,Acquisition_007,ROI_0077,0,keep,0.04332608939440102
Archive_002,Acquisition_007,ROI_0078,0,keep,0.15032850167623482
Archive_002,Acquisition_007,ROI_0079,1,discard,0.9995252138742668
Archive_002,Acquisition_007,ROI_0080,0,keep,0.044273231019238295
Archive_002,Acquisition_007,ROI_0081,0,keep,0.037176307534788754
Archive_002,Acquisition_007,ROI_0082,1,discard,0.8639112462977143
Archive_002,Acquisition_007,ROI_0083,0,keep,0.05169302877576154
Archive_002,Acquisition_007,ROI_0084,0,keep,0.04568931743417657
Archive_002,Acquisition_007,ROI_0085,0,keep,0.029253484005454022
Archive_002,Acquisition_007,ROI_0086,0,keep,0.07179113269434476
Archive_002,Acquisition_007,ROI_0087,1,discard,0.9135097089189662
Archive_002,Acquisition_007,ROI_0088,0,keep,0.08779559055827166
Archive_002,Acquisition_007,ROI_0089,0,keep,0.24378474473492626
Archive_002,Acquisition_007,ROI_0090,0,keep,0.053788140064219774
Archive_002,Acquisition_007,ROI_0091,0,keep,0.06786804115884768
Archive_002,Acquisition_007,ROI_0092,0,keep,0.21323927589533925
Archive_002,Acquisition_007,ROI_0093,0,keep,0.12253408509087052
Archive_002,Acquisition_007,ROI_0094,1,discard,0.5956347535782905
Archive_002,Acquisition_007,ROI_0095,0,keep,0.035503775671710466
Archive_002,Acquisition_007,ROI_0096,1,discard,0.5823632008965568
Archive_002,Acquisition_007,ROI_0097,0,keep,0.0826481754168016
Archive_002,Acquisition_007,ROI_0098,0,keep,0.035701357464644576
Archive_002,Acquisition_007,ROI_0099,0,keep,0.09673644260213353
Archive_002,Acquisition_007,ROI_0100,1,discard,0.8968194600696853
Archive_002,Acquisition_007,ROI_0101,0,keep,0.09621424088994764
Archive_002,Acquisition_007,ROI_0102,0,keep,0.03449840163002844
Archive_002,Acquisition_007,ROI_0103,0,keep,0.7665047848123988
Archive_002,Acquisition_007,ROI_0104,0,keep,0.04788295304437214
Archive_002,Acquisition_007,ROI_0105,0,keep,0.08909916416845587
Archive_002,Acquisition_007,ROI_0106,0,keep,0.17570983206631463
Archive_002,Acquisition_007,ROI_0107,0,keep,0.09052866393592873
Archive_002,Acquisition_007,ROI_0108,0,keep,0.11984918119105523
Archive_002,Acquisition_007,ROI_0109,0,keep,0.18840431532840082
Archive_002,Acquisition_007,ROI_0110,1,discard,0.9747110935567679
Archive_002,Acquisition_007,ROI_0111,0,keep,0.08255544397309107
Archive_002,Acquisition_007,ROI_0112,1,discard,0.3216637971427071
Archive_002,Acquisition_007,ROI_0113,1,discard,0.9999999996280966
Archive_002,Acquisition_007,ROI_0114,0,keep,0.15733615251959904
Archive_002,Acquisition_007,ROI_0115,0,keep,0.0785454347559419
Archive_002,Acquisition_007,ROI_0116,0,keep,0.0938210550498709
Archive_002,Acquisition_007,ROI_0117,0,keep,0.06649930893007414
Archive_002,Acquisition_007,ROI_0118,1,discard,0.9866128976905179
Archive_002,Acquisition_007,ROI_0119,0,keep,0.818368515179513
Archive_002,Acquisition_007,ROI_0120,0,keep,0.2517817818829627
Archive_002,Acquisition_007,ROI_0121,0,keep,0.4291882403595626
Archive_002,Acquisition_007,ROI_0122,0,keep,0.21656555114583018
Archive_002,Acquisition_007,ROI_0123,0,keep,0.10491351705078512
Archive_002,Acquisition_007,ROI_0124,1,discard,0.47816407656652005
Archive_002,Acquisition_007,ROI_0125,0,keep,0.12005237587696785
Archive_002,Acquisition_007,ROI_0126,0,keep,0.09351242906290654
Archive_002,Acquisition_007,ROI_0127,0,keep,0.23010792575822125
Archive_002,Acquisition_007,ROI_0128,0,keep,0.04785741687010305
Archive_002,Acquisition_007,ROI_0129,1,discard,1.0
Archive_002,Acquisition_007,ROI_0130,0,keep,0.1854020968732978
Archive_002,Acquisition_007,ROI_0131,0,keep,0.23494138718004906
Archive_002,Acquisition_007,ROI_0132,0,keep,0.39194266067661365
Archive_002,Acquisition_007,ROI_0133,0,keep,0.0599643498815221
Archive_002,Acquisition_007,ROI_0134,0,keep,0.12527779153836108
Archive_002,Acquisition_007,ROI_0135,0,keep,0.2188987355158658
Archive_002,Acquisition_007,ROI_0136,1,discard,0.6779922711144668
Archive_002,Acquisition_007,ROI_0137,0,keep,0.2352400723357076
Archive_002,Acquisition_007,ROI_0138,0,keep,0.1550071885944176
Archive_002,Acquisition_007,ROI_0139,0,keep,0.2528772248186615
Archive_002,Acquisition_007,ROI_0140,0,keep,0.04456075691277475
Archive_002,Acquisition_007,ROI_0141,0,keep,0.12378528828959771
Archive_002,Acquisition_007,ROI_0142,0,keep,0.14623156563384898
Archive_002,Acquisition_007,ROI_0143,1,discard,0.9038859948344019
Archive_002,Acquisition_007,ROI_0144,0,keep,0.17207170291206672
Archive_002,Acquisition_007,ROI_0145,0,keep,0.023304059088829657
Archive_002,Acquisition_007,ROI_0146,0,keep,0.12953439687851556
Archive_002,Acquisition_007,ROI_0147,0,keep,0.17103299148809378
Archive_002,Acquisition_007,ROI_0148,0,keep,0.23125725055597096
Archive_002,Acquisition_007,ROI_0149,0,keep,0.11127561972332231
Archive_002,Acquisition_007,ROI_0150,0,keep,0.4321359273538673
Archive_002,Acquisition_007,ROI_0151,1,discard,0.9999999999999662
Archive_002,Acquisition_007,ROI_0152,0,keep,0.041029728836812836
Archive_002,Acquisition_007,ROI_0153,0,keep,0.12886121668695186
Archive_002,Acquisition_007,ROI_0154,1,discard,0.9999999999998774
Archive_002,Acquisition_007,ROI_0155,0,keep,0.2656380456289735
Archive_002,Acquisition_007,ROI_0156,0,keep,0.16176067114079964
Archive_002,Acquisition_008,ROI_0001,0,keep,0.1764779589073527
Archive_002,Acquisition_008,ROI_0002,1,discard,0.9999545778561896
Archive_002,Acquisition_008,ROI_0003,0,keep,0.020159126828997127
Archive_002,Acquisition_008,ROI_0004,0,keep,0.0468765093424145
Archive_002,Acquisition_008,ROI_0005,0,keep,0.5541353479981651
Archive_002,Acquisition_008,ROI_0006,0,keep,0.04199915821497894
Archive_002,Acquisition_008,ROI_0007,0,keep,0.03746737981093011
Archive_002,Acquisition_008,ROI_0008,0,keep,0.0953021829419345
Archive_002,Acquisition_008,ROI_0009,0,keep,0.03189926611382973
Archive_002,Acquisition_008,ROI_0010,0,keep,0.07682173365872402
Archive_002,Acquisition_008,ROI_0011,0,keep,0.02472685581229256
Archive_002,Acquisition_008,ROI_0012,0,keep,0.03702210895461796
Archive_002,Acquisition_008,ROI_0013,0,keep,0.029576675867030378
Archive_002,Acquisition_008,ROI_0014,1,discard,0.9985963273982281
Archive_002,Acquisition_008,ROI_0015,0,keep,0.1535042849851276
Archive_002,Acquisition_008,ROI_0016,0,keep,0.02803701907898498
Archive_002,Acquisition_008,ROI_0017,0,keep,0.07125882481714575
Archive_002,Acquisition_008,ROI_0018,0,keep,0.02502789131074966
Archive_002,Acquisition_008,ROI_0019,0,keep,0.01574304556652821
Archive_002,Acquisition_008,ROI_0020,0,keep,0.0477936293458484
Archive_002,Acquisition_008,ROI_0021,1,discard,0.9800143592066282
Archive_002,Acquisition_008,ROI_0022,0,keep,0.3413823295251781
Archive_002,Acquisition_008,ROI_0023,1,discard,1.0
Archive_002,Acquisition_008,ROI_0024,0,keep,0.02823798261609094
Archive_002,Acquisition_008,ROI_0025,0,keep,0.022974792973283885
Archive_002,Acquisition_008,ROI_0026,0,keep,0.012216778775990587
Archive_002,Acquisition_008,ROI_0027,0,keep,0.021928563367205067
Archive_002,Acquisition_008,ROI_0028,0,keep,0.03343542963409111
Archive_002,Acquisition_008,ROI_0029,0,keep,0.03818914536470545
Archive_002,Acquisition_008,ROI_0030,0,keep,0.02159666047346851
Archive_002,Acquisition_008,ROI_0031,0,keep,0.022815702598608448
Archive_002,Acquisition_008,ROI_0032,0,keep,0.026527223199134514
Archive_002,Acquisition_008,ROI_0033,0,keep,0.03390306652269002
Archive_002,Acquisition_008,ROI_0034,0,keep,0.018583782392912144
Archive_002,Acquisition_008,ROI_0035,0,keep,0.019999275248330735
Archive_002,Acquisition_008,ROI_0036,0,keep,0.017167317075358464
Archive_002,Acquisition_008,ROI_0037,0,keep,0.017365938561543687
Archive_002,Acquisition_008,ROI_0038,0,keep,0.021720369958992458
Archive_002,Acquisition_008,ROI_0039,0,keep,0.014998737653931598
Archive_002,Acquisition_008,ROI_0040,0,keep,0.03936216440614974
Archive_002,Acquisition_008,ROI_0041,0,keep,0.020505162461792865
Archive_002,Acquisition_008,ROI_0042,0,keep,0.009520786975656939
Archive_002,Acquisition_008,ROI_0043,0,keep,0.04320479781774325
Archive_002,Acquisition_008,ROI_0044,0,keep,0.01847275895173079
Archive_002,Acquisition_008,ROI_0045,0,keep,0.0331169337801211
Archive_002,Acquisition_008,ROI_0046,0,keep,0.06499953470511491
Archive_002,Acquisition_008,ROI_0047,0,keep,0.0488777274846003
Archive_002,Acquisition_008,ROI_0048,0,keep,0.02537155971023319
Archive_002,Acquisition_008,ROI_0049,0,keep,0.009861753138866466
Archive_002,Acquisition_008,ROI_0050,0,keep,0.08346933832745418
Archive_002,Acquisition_008,ROI_0051,0,keep,0.010968690090975902
Archive_002,Acquisition_008,ROI_0052,0,keep,0.018433658570180523
Archive_002,Acquisition_008,ROI_0053,0,keep,0.031939599505927375
Archive_002,Acquisition_008,ROI_0054,0,keep,0.032062884412354074
Archive_002,Acquisition_008,ROI_0055,0,keep,0.02856640322517571
Archive_002,Acquisition_008,ROI_0056,0,keep,0.009688635898387811
Archive_002,Acquisition_008,ROI_0057,1,discard,1.0
Archive_002,Acquisition_008,ROI_0058,0,keep,0.005844451652252846
Archive_002,Acquisition_008,ROI_0059,0,keep,0.022308902488887124
Archive_002,Acquisition_008,ROI_0060,0,keep,0.05638530710708237
Archive_002,Acquisition_008,ROI_0061,0,keep,0.15280581658428788
Archive_002,Acquisition_008,ROI_0062,0,keep,0.03808393794727329
Archive_002,Acquisition_008,ROI_0063,0,keep,0.05242581127948616
Archive_002,Acquisition_008,ROI_0064,0,keep,0.014454739440968561
Archive_002,Acquisition_008,ROI_0065,0,keep,0.029735163472148878
Archive_002,Acquisition_008,ROI_0066,1,discard,0.9011054757102908
Archive_002,Acquisition_008,ROI_0067,0,keep,0.02747501193363049
Archive_002,Acquisition_008,ROI_0068,0,keep,0.022186736647217705
Archive_002,Acquisition_008,ROI_0069,1,discard,0.9999999999990858
Archive_002,Acquisition_008,ROI_0070,0,keep,0.02438602586299396
Archive_002,Acquisition_008,ROI_0071,1,discard,1.0
Archive_002,Acquisition_008,ROI_0072,0,keep,0.04467878013338103
Archive_002,Acquisition_008,ROI_0073,0,keep,0.04225850665732668
Archive_002,Acquisition_008,ROI_0074,0,keep,0.09312411467979148
Archive_002,Acquisition_008,ROI_0075,0,keep,0.021160459987350187
Archive_002,Acquisition_008,ROI_0076,0,keep,0.040849422583411774
Archive_002,Acquisition_008,ROI_0077,0,keep,0.011210662172303073
Archive_002,Acquisition_008,ROI_0078,1,discard,0.9999605445769406
Archive_002,Acquisition_008,ROI_0079,0,keep,0.016593169107420556
Archive_002,Acquisition_008,ROI_0080,0,keep,0.033486842856507916
Archive_002,Acquisition_008,ROI_0081,0,keep,0.02031467512752916
Archive_002,Acquisition_008,ROI_0082,0,keep,0.012620330467702667
Archive_002,Acquisition_008,ROI_0083,0,keep,0.0032951607681618216
Archive_002,Acquisition_008,ROI_0084,0,keep,0.7841823203043206
Archive_002,Acquisition_008,ROI_0085,0,keep,0.4416205776567652
Archive_002,Acquisition_008,ROI_0086,0,keep,0.1605820122666425
Archive_002,Acquisition_008,ROI_0087,0,keep,0.008458720975783745
Archive_002,Acquisition_008,ROI_0088,0,keep,0.06382099562329217
Archive_002,Acquisition_008,ROI_0089,0,keep,0.04331195513039972
Archive_002,Acquisition_008,ROI_0090,0,keep,0.10748189732125643
Archive_002,Acquisition_008,ROI_0091,1,discard,0.9507733216031253
Archive_002,Acquisition_008,ROI_0092,0,keep,0.027464748084083414
Archive_002,Acquisition_008,ROI_0093,0,keep,0.021151594840829246
Archive_002,Acquisition_008,ROI_0094,0,keep,0.012044172566975833
Archive_002,Acquisition_008,ROI_0095,0,keep,0.03166972487474409
Archive_002,Acquisition_008,ROI_0096,0,keep,0.0590834305603094
Archive_002,Acquisition_008,ROI_0097,0,keep,0.11066599731607149
Archive_002,Acquisition_008,ROI_0098,0,keep,0.0069536163167442
Archive_002,Acquisition_008,ROI_0099,0,keep,0.030611696493838093
Archive_002,Acquisition_008,ROI_0100,0,keep,0.2447161864712635
Archive_002,Acquisition_008,ROI_0101,1,discard,0.7824138470376909
Archive_002,Acquisition_008,ROI_0102,0,keep,0.058510213769401354
Archive_002,Acquisition_008,ROI_0103,0,keep,0.13069776057393928
Archive_002,Acquisition_008,ROI_0104,1,discard,0.8490333874094612
Archive_002,Acquisition_008,ROI_0105,0,keep,0.2905663643238758
Archive_002,Acquisition_008,ROI_0106,0,keep,0.588733611373165
Archive_002,Acquisition_008,ROI_0107,0,keep,0.05199885942597313
Archive_002,Acquisition_008,ROI_0108,1,discard,0.1866799224097124
Archive_002,Acquisition_008,ROI_0109,0,keep,0.6990446764967283
Archive_002,Acquisition_008,ROI_0110,1,discard,0.9955592272071645
Archive_002,Acquisition_008,ROI_0111,0,keep,0.10390679495605094
Archive_002,Acquisition_008,ROI_0112,0,keep,0.3639449510108246
Archive_002,Acquisition_008,ROI_0113,0,keep,0.2916015631209102
Archive_002,Acquisition_008,ROI_0114,0,keep,0.1761521378954874
Archive_002,Acquisition_008,ROI_0115,0,keep,0.6570661649229159
Archive_002,Acquisition_008,ROI_0116,0,keep,0.3210024674712904
Archive_002,Acquisition_008,ROI_0117,0,keep,0.04380552402437087
Archive_002,Acquisition_008,ROI_0118,0,keep,0.04545579921984028
Archive_002,Acquisition_008,ROI_0119,0,keep,0.062041098491248586
Archive_002,Acquisition_008,ROI_0120,0,keep,0.028966087243159615
Archive_002,Acquisition_008,ROI_0121,0,keep,0.01095151381877844
Archive_002,Acquisition_008,ROI_0122,0,keep,0.04660158602740345
Archive_002,Acquisition_008,ROI_0123,0,keep,0.08899640065849337
Archive_002,Acquisition_008,ROI_0124,1,discard,0.5630288334385055
Archive_002,Acquisition_008,ROI_0125,0,keep,0.12436028516861576
Archive_002,Acquisition_008,ROI_0126,1,discard,0.7904016151239843
Archive_002,Acquisition_008,ROI_0127,0,keep,0.10058357538770617
Archive_002,Acquisition_008,ROI_0128,0,keep,0.12956936761443066
Archive_002,Acquisition_008,ROI_0129,0,keep,0.08435269655502171
Archive_002,Acquisition_008,ROI_0130,0,keep,0.2985285382551349
Archive_002,Acquisition_008,ROI_0131,1,discard,1.0
Archive_002,Acquisition_008,ROI_0132,0,keep,0.18185562689180856
Archive_002,Acquisition_008,ROI_0133,0,keep,0.029441499698681647
Archive_002,Acquisition_008,ROI_0134,0,keep,0.007927528913675246
Archive_002,Acquisition_008,ROI_0135,0,keep,0.039005228568243185
Archive_002,Acquisition_008,ROI_0136,0,keep,0.07611226477603078
Archive_002,Acquisition_008,ROI_0137,0,keep,0.06445667494249864
Archive_002,Acquisition_008,ROI_0138,0,keep,0.1339805311619702
Archive_002,Acquisition_008,ROI_0139,0,keep,0.051281774037741465
Archive_002,Acquisition_008,ROI_0140,1,discard,0.18998559688067504
Archive_002,Acquisition_008,ROI_0141,0,keep,0.10214262258338982
Archive_002,Acquisition_008,ROI_0142,0,keep,0.09449938256773953
Archive_002,Acquisition_008,ROI_0143,0,keep,0.060490334271957186
Archive_002,Acquisition_008,ROI_0144,0,keep,0.0979324815631788
Archive_002,Acquisition_008,ROI_0145,1,discard,0.5304407872003016
Archive_002,Acquisition_008,ROI_0146,1,discard,0.6492912281576287
Archive_002,Acquisition_008,ROI_0147,0,keep,0.21298194154156178
Archive_002,Acquisition_008,ROI_0148,0,keep,0.34831607510830886
Archive_002,Acquisition_008,ROI_0149,1,discard,0.941000763328373
Archive_002,Acquisition_008,ROI_0150,0,keep,0.14323913192612617
Archive_002,Acquisition_008,ROI_0151,0,keep,0.21181721599957332
Archive_002,Acquisition_008,ROI_0152,0,keep,0.16306304571298258
Archive_002,Acquisition_008,ROI_0153,0,keep,0.1830059158627249
Archive_002,Acquisition_008,ROI_0154,1,discard,0.511327016325452
Archive_002,Acquisition_008,ROI_0155,0,keep,0.20604111733848035
Archive_002,Acquisition_008,ROI_0156,1,discard,1.0
Archive_002,Acquisition_008,ROI_0157,0,keep,0.19864236671931898
Archive_002,Acquisition_008,ROI_0158,0,keep,0.11683962586655466
Archive_002,Acquisition_008,ROI_0159,0,keep,0.23377022100318784
Archive_002,Acquisition_008,ROI_0160,0,keep,0.1773587513190099
Archive_002,Acquisition_008,ROI_0161,0,keep,0.01939367489274826
Archive_002,Acquisition_008,ROI_0162,1,discard,0.023387614350578994
Archive_002,Acquisition_008,ROI_0163,0,keep,0.12359934559788743
Archive_002,Acquisition_008,ROI_0164,0,keep,0.07787691799744896
Archive_002,Acquisition_008,ROI_0165,1,discard,0.9999689491323613
Archive_002,Acquisition_008,ROI_0166,0,keep,0.122412158052981
Archive_002,Acquisition_008,ROI_0167,0,keep,0.05529341932468851
Archive_002,Acquisition_008,ROI_0168,0,keep,0.05292131936774783
Archive_002,Acquisition_008,ROI_0169,0,keep,0.06884148578420678
Archive_002,Acquisition_008,ROI_0170,1,discard,0.5435894947648493
Archive_002,Acquisition_008,ROI_0171,0,keep,0.1688160689511109
Archive_002,Acquisition_008,ROI_0172,0,keep,0.07280833614540994
Archive_002,Acquisition_008,ROI_0173,0,keep,0.04359524076693562
Archive_002,Acquisition_008,ROI_0174,0,keep,0.15964341905284565
Archive_002,Acquisition_008,ROI_0175,0,keep,0.1674189314326935
Archive_002,Acquisition_009,ROI_0001,1,discard,0.9999999674834419
Archive_002,Acquisition_009,ROI_0002,0,keep,0.2348257395256515
Archive_002,Acquisition_009,ROI_0003,1,discard,0.9999999914913532
Archive_002,Acquisition_009,ROI_0004,0,keep,0.18270427647804044
Archive_002,Acquisition_009,ROI_0005,0,keep,0.17876108679853192
Archive_002,Acquisition_009,ROI_0006,1,discard,0.9999689534081567
Archive_002,Acquisition_009,ROI_0007,0,keep,0.1455270652814604
Archive_002,Acquisition_009,ROI_0008,0,keep,0.10593329321069216
Archive_002,Acquisition_009,ROI_0009,0,keep,0.0708981548049446
Archive_002,Acquisition_009,ROI_0010,0,keep,0.029931176274847565
Archive_002,Acquisition_009,ROI_0011,0,keep,0.025843743572060828
Archive_002,Acquisition_009,ROI_0012,0,keep,0.02868921681996017
Archive_002,Acquisition_009,ROI_0013,0,keep,0.024067118566523972
Archive_002,Acquisition_009,ROI_0014,0,keep,0.022362523084406706
Archive_002,Acquisition_009,ROI_0015,0,keep,0.035938977169739365
Archive_002,Acquisition_009,ROI_0016,0,keep,0.024568155244538932
Archive_002,Acquisition_009,ROI_0017,0,keep,0.018445444624819576
Archive_002,Acquisition_009,ROI_0018,1,discard,0.7446071984765329
Archive_002,Acquisition_009,ROI_0019,0,keep,0.03768586964617776
Archive_002,Acquisition_009,ROI_0020,0,keep,0.026071526728954988
Archive_002,Acquisition_009,ROI_0021,0,keep,0.03656941346177785
Archive_002,Acquisition_009,ROI_0022,1,discard,0.9999811954962672
Archive_002,Acquisition_009,ROI_0023,0,keep,0.028696385063619795
Archive_002,Acquisition_009,ROI_0024,0,keep,0.19367444394026687
Archive_002,Acquisition_009,ROI_0025,0,keep,0.050683848056285084
Archive_002,Acquisition_009,ROI_0026,0,keep,0.03360977230219762
Archive_002,Acquisition_009,ROI_0027,0,keep,0.01978021618316108
Archive_002,Acquisition_009,ROI_0028,0,keep,0.098589350681328
Archive_002,Acquisition_009,ROI_0029,0,keep,0.741431540478902
Archive_002,Acquisition_009,ROI_0030,0,keep,0.030723167255961328
Archive_002,Acquisition_009,ROI_0031,0,keep,0.09215622727200662
Archive_002,Acquisition_009,ROI_0032,0,keep,0.013690645484277135
Archive_002,Acquisition_009,ROI_0033,0,keep,0.03487083476246167
Archive_002,Acquisition_009,ROI_0034,0,keep,0.03010290771620243
Archive_002,Acquisition_009,ROI_0035,0,keep,0.007448122235394496
Archive_002,Acquisition_009,ROI_0036,0,keep,0.027240322150611736
Archive_002,Acquisition_009,ROI_0037,0,keep,0.022668442324240385
Archive_002,Acquisition_009,ROI_0038,0,keep,0.07128700375690977
Archive_002,Acquisition_009,ROI_0039,0,keep,0.025351965015108436
Archive_002,Acquisition_009,ROI_0040,0,keep,0.029093919608956204
Archive_002,Acquisition_009,ROI_0041,1,discard,0.9999814273631863
Archive_002,Acquisition_009,ROI_0042,1,discard,0.9999912327156378
Archive_002,Acquisition_009,ROI_0043,0,keep,0.05933361999559268
Archive_002,Acquisition_009,ROI_0044,0,keep,0.025789909319150567
Archive_002,Acquisition_009,ROI_0045,0,keep,0.0165788368575698
Archive_002,Acquisition_009,ROI_0046,0,keep,0.22461595135739698
Archive_002,Acquisition_009,ROI_0047,0,keep,0.035575985658013974
Archive_002,Acquisition_009,ROI_0048,0,keep,0.02380033014691537
Archive_002,Acquisition_009,ROI_0049,1,discard,0.9997745381746914
Archive_002,Acquisition_009,ROI_0050,0,keep,0.21754957011712658
Archive_002,Acquisition_009,ROI_0051,0,keep,0.019213497559202163
Archive_002,Acquisition_009,ROI_0052,0,keep,0.04135529155382414
Archive_002,Acquisition_009,ROI_0053,0,keep,0.015425467462397507
Archive_002,Acquisition_009,ROI_0054,0,keep,0.023851417709500524
Archive_002,Acquisition_009,ROI_0055,0,keep,0.09613468769594871
Archive_002,Acquisition_009,ROI_0056,0,keep,0.01950628679541725
Archive_002,Acquisition_009,ROI_0057,0,keep,0.02118862980938165
Archive_002,Acquisition_009,ROI_0058,0,keep,0.024399440746850475
Archive_002,Acquisition_009,ROI_0059,0,keep,0.023986740419577175
Archive_002,Acquisition_009,ROI_0060,0,keep,0.03851685095908525
Archive_002,Acquisition_009,ROI_0061,0,keep,0.445156918143967
Archive_002,Acquisition_009,ROI_0062,0,keep,0.14231560423576503
Archive_002,Acquisition_009,ROI_0063,0,keep,0.014831586476148387
Archive_002,Acquisition_009,ROI_0064,0,keep,0.03584587528857486
Archive_002,Acquisition_009,ROI_0065,0,keep,0.030096393550649376
Archive_002,Acquisition_009,ROI_0066,0,keep,0.04084257190737001
Archive_002,Acquisition_009,ROI_0067,0,keep,0.06594581243988834
Archive_002,Acquisition_009,ROI_0068,0,keep,0.028282146438019316
Archive_002,Acquisition_009,ROI_0069,0,keep,0.02323111789450517
Archive_002,Acquisition_009,ROI_0070,0,keep,0.1571902645038085
Archive_002,Acquisition_009,ROI_0071,0,keep,0.18539972280621847
Archive_002,Acquisition_009,ROI_0072,0,keep,0.04285728626768546
Archive_002,Acquisition_009,ROI_0073,0,keep,0.039559188592638544
Archive_002,Acquisition_009,ROI_0074,1,discard,0.48433412896762873
Archive_002,Acquisition_009,ROI_0075,0,keep,0.18854337948245237
Archive_002,Acquisition_009,ROI_0076,0,keep,0.025694571896391624
Archive_002,Acquisition_009,ROI_0077,0,keep,0.021610224452481112
Archive_002,Acquisition_009,ROI_0078,0,keep,0.037906035371465384
Archive_002,Acquisition_009,ROI_0079,0,keep,0.05991413423196668
Archive_002,Acquisition_009,ROI_0080,1,discard,1.0
Archive_002,Acquisition_009,ROI_0081,0,keep,0.027330061418014192
Archive_002,Acquisition_009,ROI_0082,1,discard,1.0
Archive_002,Acquisition_009,ROI_0083,0,keep,0.03002167658693746
Archive_002,Acquisition_009,ROI_0084,0,keep,0.05479336082746672
Archive_002,Acquisition_009,ROI_0085,0,keep,0.034427826133231865
Archive_002,Acquisition_009,ROI_0086,0,keep,0.059358597617160315
Archive_002,Acquisition_009,ROI_0087,0,keep,0.0479166329003796
Archive_002,Acquisition_009,ROI_0088,0,keep,0.2691077546180506
Archive_002,Acquisition_009,ROI_0089,0,keep,0.09963353244954859
Archive_002,Acquisition_009,ROI_0090,0,keep,0.025619740408110717
Archive_002,Acquisition_009,ROI_0091,1,discard,0.7309315730173807
Archive_002,Acquisition_009,ROI_0092,0,keep,0.03981747041327209
Archive_002,Acquisition_009,ROI_0093,0,keep,0.4343817994601044
Archive_002,Acquisition_009,ROI_0094,0,keep,0.0455975702777868
Archive_002,Acquisition_009,ROI_0095,0,keep,0.04388473261894666
Archive_002,Acquisition_009,ROI_0096,0,keep,0.044708905288819226
Archive_002,Acquisition_009,ROI_0097,0,keep,0.04328089288089406
Archive_002,Acquisition_009,ROI_0098,0,keep,0.028984093541206426
Archive_002,Acquisition_009,ROI_0099,0,keep,0.041021174209694374
Archive_002,Acquisition_009,ROI_0100,0,keep,0.6335909281558768
Archive_002,Acquisition_009,ROI_0101,0,keep,0.03580869084518142
Archive_002,Acquisition_009,ROI_0102,0,keep,0.0179123182255408
Archive_002,Acquisition_009,ROI_0103,0,keep,0.04269165949064507
Archive_002,Acquisition_009,ROI_0104,1,discard,0.9555880872504458
Archive_002,Acquisition_009,ROI_0105,1,discard,0.8834863145946159
Archive_002,Acquisition_009,ROI_0106,0,keep,0.053280534254936264
Archive_002,Acquisition_009,ROI_0107,0,keep,0.12034422064767089
Archive_002,Acquisition_009,ROI_0108,0,keep,0.061361658961264186
Archive_002,Acquisition_009,ROI_0109,0,keep,0.11976727830290548
Archive_002,Acquisition_009,ROI_0110,0,keep,0.430504969121966
Archive_002,Acquisition_009,ROI_0111,1,discard,0.26602717640823553
Archive_002,Acquisition_009,ROI_0112,0,keep,0.15498950446525403
Archive_002,Acquisition_009,ROI_0113,0,keep,0.10997880247744228
Archive_002,Acquisition_009,ROI_0114,0,keep,0.1769827711617013
Archive_002,Acquisition_009,ROI_0115,0,keep,0.03626816339574161
Archive_002,Acquisition_009,ROI_0116,0,keep,0.22716553703840436
Archive_002,Acquisition_009,ROI_0117,0,keep,0.07783796844058907
Archive_002,Acquisition_009,ROI_0118,0,keep,0.14990024497720975
Archive_002,Acquisition_009,ROI_0119,0,keep,0.7916689179319014
Archive_002,Acquisition_009,ROI_0120,0,keep,0.015746706314296727
Archive_002,Acquisition_009,ROI_0121,0,keep,0.0708605391273515
Archive_002,Acquisition_009,ROI_0122,0,keep,0.5394907980892684
Archive_002,Acquisition_009,ROI_0123,0,keep,0.10880469147355183
Archive_002,Acquisition_009,ROI_0124,1,discard,0.9077047921136917
Archive_002,Acquisition_009,ROI_0125,0,keep,0.17235058608394488
Archive_002,Acquisition_009,ROI_0126,0,keep,0.027867745972978565
Archive_002,Acquisition_009,ROI_0127,0,keep,0.06146081485457597
Archive_002,Acquisition_009,ROI_0128,0,keep,0.09404501157420933
Archive_002,Acquisition_009,ROI_0129,0,keep,0.11521633040737236
Archive_002,Acquisition_009,ROI_0130,0,keep,0.04987764175165704
Archive_002,Acquisition_009,ROI_0131,0,keep,0.19250682251108397
Archive_002,Acquisition_009,ROI_0132,0,keep,0.13633909032610442
Archive_002,Acquisition_009,ROI_0133,0,keep,0.17154960164310473
Archive_002,Acquisition_009,ROI_0134,0,keep,0.11991934992055407
Archive_002,Acquisition_009,ROI_0135,0,keep,0.12274754266838557
Archive_002,Acquisition_009,ROI_0136,0,keep,0.08346717209643484
Archive_002,Acquisition_009,ROI_0137,0,keep,0.17077614598655297
Archive_002,Acquisition_009,ROI_0138,0,keep,0.575952454356229
Archive_002,Acquisition_009,ROI_0139,0,keep,0.040482183997656775
Archive_002,Acquisition_009,ROI_0140,0,keep,0.02929234669764799
Archive_002,Acquisition_009,ROI_0141,0,keep,0.053508367209812356
Archive_002,Acquisition_009,ROI_0142,0,keep,0.05637752149902105
Archive_002,Acquisition_009,ROI_0143,0,keep,0.22822432166987616
Archive_002,Acquisition_009,ROI_0144,1,discard,1.0
Archive_002,Acquisition_009,ROI_0145,0,keep,0.16102695261385314
Archive_002,Acquisition_009,ROI_0146,0,keep,0.0612071756138351
Archive_002,Acquisition_009,ROI_0147,0,keep,0.16598269190287848
Archive_002,Acquisition_009,ROI_0148,0,keep,0.06435562693116847
Archive_002,Acquisition_009,ROI_0149,0,keep,0.19767446238767533
Archive_002,Acquisition_009,ROI_0150,0,keep,0.05783010045647768
Archive_002,Acquisition_009,ROI_0151,0,keep,0.12135895350941989
Archive_002,Acquisition_009,ROI_0152,0,keep,0.01390654533269206
Archive_002,Acquisition_009,ROI_0153,1,discard,1.0
Archive_002,Acquisition_009,ROI_0154,0,keep,0.10029570015258536
Archive_002,Acquisition_009,ROI_0155,0,keep,0.07777297940626882
Archive_002,Acquisition_009,ROI_0156,0,keep,0.10354044420026744
Archive_002,Acquisition_009,ROI_0157,0,keep,0.12229137965324785
Archive_002,Acquisition_009,ROI_0158,1,discard,1.0
Archive_002,Acquisition_010,ROI_0001,0,keep,0.3619647312364952
Archive_002,Acquisition_010,ROI_0002,0,keep,0.22236600466367645
Archive_002,Acquisition_010,ROI_0003,0,keep,0.07306868103858445
Archive_002,Acquisition_010,ROI_0004,1,discard,0.9995650864162254
Archive_002,Acquisition_010,ROI_0005,0,keep,0.09197029007756424
Archive_002,Acquisition_010,ROI_0006,1,discard,0.9999596600313148
Archive_002,Acquisition_010,ROI_0007,0,keep,0.11700891840340209
Archive_002,Acquisition_010,ROI_0008,0,keep,0.05830697202660725
Archive_002,Acquisition_010,ROI_0009,0,keep,0.051530613816388085
Archive_002,Acquisition_010,ROI_0010,0,keep,0.029221307324115653
Archive_002,Acquisition_010,ROI_0011,1,discard,0.9999998454128015
Archive_002,Acquisition_010,ROI_0012,0,keep,0.046770362840114224
Archive_002,Acquisition_010,ROI_0013,0,keep,0.03904530411418408
Archive_002,Acquisition_010,ROI_0014,0,keep,0.03847519984092247
Archive_002,Acquisition_010,ROI_0015,0,keep,0.04350914850858074
Archive_002,Acquisition_010,ROI_0016,0,keep,0.0638296579880686
Archive_002,Acquisition_010,ROI_0017,0,keep,0.034537020295825546
Archive_002,Acquisition_010,ROI_0018,0,keep,0.02204682158866193
Archive_002,Acquisition_010,ROI_0019,1,discard,0.9814994434722006
Archive_002,Acquisition_010,ROI_0020,0,keep,0.022499663930588533
Archive_002,Acquisition_010,ROI_0021,0,keep,0.16988321615711624
Archive_002,Acquisition_010,ROI_0022,0,keep,0.017533701537140713
Archive_002,Acquisition_010,ROI_0023,0,keep,0.02625387077599153
Archive_002,Acquisition_010,ROI_0024,0,keep,0.024203010815386814
Archive_002,Acquisition_010,ROI_0025,0,keep,0.03229033785062298
Archive_002,Acquisition_010,ROI_0026,0,keep,0.017894108308496148
Archive_002,Acquisition_010,ROI_0027,0,keep,0.018127894267463588
Archive_002,Acquisition_010,ROI_0028,0,keep,0.02186560120652549
Archive_002,Acquisition_010,ROI_0029,0,keep,0.02679581293886617
Archive_002,Acquisition_010,ROI_0030,0,keep,0.020778119842326172
Archive_002,Acquisition_010,ROI_0031,0,keep,0.12644756538401167
Archive_002,Acquisition_010,ROI_0032,0,keep,0.017026080041062503
Archive_002,Acquisition_010,ROI_0033,0,keep,0.023774212055609454
Archive_002,Acquisition_010,ROI_0034,0,keep,0.03780615118872506
Archive_002,Acquisition_010,ROI_0035,1,discard,0.5077933385693982
Archive_002,Acquisition_010,ROI_0036,0,keep,0.012886222028772733
Archive_002,Acquisition_010,ROI_0037,0,keep,0.02166936014555854
Archive_002,Acquisition_010,ROI_0038,1,discard,0.7539353532116196
Archive_002,Acquisition_010,ROI_0039,1,discard,0.7340361168786235
Archive_002,Acquisition_010,ROI_0040,0,keep,0.1907157940018022
Archive_002,Acquisition_010,ROI_0041,1,discard,0.17748440690710565
Archive_002,Acquisition_010,ROI_0042,0,keep,0.2113669985559897
Archive_002,Acquisition_010,ROI_0043,0,keep,0.12841766831872453
Archive_002,Acquisition_010,ROI_0044,0,keep,0.11099380527936664
Archive_002,Acquisition_010,ROI_0045,0,keep,0.048421731924958904
Archive_002,Acquisition_010,ROI_0046,0,keep,0.018962165857247918
Archive_002,Acquisition_010,ROI_0047,0,keep,0.023520157571039178
Archive_002,Acquisition_010,ROI_0048,0,keep,0.04526486930735876
Archive_002,Acquisition_010,ROI_0049,0,keep,0.009110297983011087
Archive_002,Acquisition_010,ROI_0050,0,keep,0.03201304101228353
Archive_002,Acquisition_010,ROI_0051,0,keep,0.054543724436917004
Archive_002,Acquisition_010,ROI_0052,0,keep,0.03137971678224136
Archive_002,Acquisition_010,ROI_0053,0,keep,0.020266132575759602
Archive_002,Acquisition_010,ROI_0054,0,keep,0.026972865457500685
Archive_002,Acquisition_010,ROI_0055,0,keep,0.04125169262044533
Archive_002,Acquisition_010,ROI_0056,0,keep,0.14730975157182352
Archive_002,Acquisition_010,ROI_0057,0,keep,0.01374340264741545
Archive_002,Acquisition_010,ROI_0058,0,keep,0.023624063826908907
Archive_002,Acquisition_010,ROI_0059,0,keep,0.05691723351527223
Archive_002,Acquisition_010,ROI_0060,0,keep,0.012327028667503615
Archive_002,Acquisition_010,ROI_0061,0,keep,0.022431432161540713
Archive_002,Acquisition_010,ROI_0062,0,keep,0.194116648017246
Archive_002,Acquisition_010,ROI_0063,0,keep,0.2219065754616026
Archive_002,Acquisition_010,ROI_0064,1,discard,0.9984042291450298
Archive_002,Acquisition_010,ROI_0065,0,keep,0.0313708129957611
Archive_002,Acquisition_010,ROI_0066,0,keep,0.7690653123743738
Archive_002,Acquisition_010,ROI_0067,0,keep,0.10926006294324343
Archive_002,Acquisition_010,ROI_0068,0,keep,0.08685935747739729
Archive_002,Acquisition_010,ROI_0069,0,keep,0.06146694972046397
Archive_002,Acquisition_010,ROI_0070,0,keep,0.09162162671990963
Archive_002,Acquisition_010,ROI_0071,0,keep,0.2513237929781892
Archive_002,Acquisition_010,ROI_0072,0,keep,0.0347745377227767
Archive_002,Acquisition_010,ROI_0073,0,keep,0.017599558764391485
Archive_002,Acquisition_010,ROI_0074,0,keep,0.06119204747048161
Archive_002,Acquisition_010,ROI_0075,0,keep,0.039824928350369805
Archive_002,Acquisition_010,ROI_0076,0,keep,0.04218477049231054
Archive_002,Acquisition_010,ROI_0077,0,keep,0.026963373314287446
Archive_002,Acquisition_010,ROI_0078,0,keep,0.02222160137479471
Archive_002,Acquisition_010,ROI_0079,1,discard,0.949473747362346
Archive_002,Acquisition_010,ROI_0080,0,keep,0.021887149001904242
Archive_002,Acquisition_010,ROI_0081,0,keep,0.07522143429823838
Archive_002,Acquisition_010,ROI_0082,1,discard,0.9999982603434675
Archive_002,Acquisition_010,ROI_0083,0,keep,0.027071669764584944
Archive_002,Acquisition_010,ROI_0084,0,keep,0.010312942077490405
Archive_002,Acquisition_010,ROI_0085,1,discard,0.99784057528259
Archive_002,Acquisition_010,ROI_0086,0,keep,0.06505925372878577
Archive_002,Acquisition_010,ROI_0087,0,keep,0.1759470699659144
Archive_002,Acquisition_010,ROI_0088,0,keep,0.04382144326587337
Archive_002,Acquisition_010,ROI_0089,0,keep,0.06457307798721663
Archive_002,Acquisition_010,ROI_0090,0,keep,0.049013208676458545
Archive_002,Acquisition_010,ROI_0091,0,keep,0.08790702870909968
Archive_002,Acquisition_010,ROI_0092,0,keep,0.038826360972219344
Archive_002,Acquisition_010,ROI_0093,0,keep,0.022118565132927454
Archive_002,Acquisition_010,ROI_0094,0,keep,0.05881645599118088
Archive_002,Acquisition_010,ROI_0095,0,keep,0.03526840890574246
Archive_002,Acquisition_010,ROI_0096,0,keep,0.06108246045276435
Archive_002,Acquisition_010,ROI_0097,0,keep,0.059920328093866215
Archive_002,Acquisition_010,ROI_0098,0,keep,0.05884787267160728
Archive_002,Acquisition_010,ROI_0099,1,discard,0.8710589354436832
Archive_002,Acquisition_010,ROI_0100,0,keep,0.08610197942447192
Archive_002,Acquisition_010,ROI_0101,0,keep,0.05771992780620298
Archive_002,Acquisition_010,ROI_0102,0,keep,0.053174353214814854
Archive_002,Acquisition_010,ROI_0103,0,keep,0.06929109558375991
Archive_002,Acquisition_010,ROI_0104,0,keep,0.3528897511104509
Archive_002,Acquisition_010,ROI_0105,0,keep,0.10853403853179507
Archive_002,Acquisition_010,ROI_0106,0,keep,0.060447929856715495
Archive_002,Acquisition_010,ROI_0107,0,keep,0.018726900918045918
Archive_002,Acquisition_010,ROI_0108,0,keep,0.0556901750307498
Archive_002,Acquisition_010,ROI_0109,0,keep,0.07267896278896246
Archive_002,Acquisition_010,ROI_0110,0,keep,0.08560018491694979
Archive_002,Acquisition_010,ROI_0111,1,discard,0.9994174678381799
Archive_002,Acquisition_010,ROI_0112,0,keep,0.07613222621937041
Archive_002,Acquisition_010,ROI_0113,0,keep,0.07961454332002817
Archive_002,Acquisition_010,ROI_0114,0,keep,0.031034865821369
Archive_002,Acquisition_010,ROI_0115,0,keep,0.11837526358823318
Archive_002,Acquisition_010,ROI_0116,0,keep,0.055262018060015496
Archive_002,Acquisition_010,ROI_0117,0,keep,0.04159249194369529
Archive_002,Acquisition_010,ROI_0118,1,discard,0.9120945683921914
Archive_002,Acquisition_010,ROI_0119,0,keep,0.07099359904237906
Archive_002,Acquisition_010,ROI_0120,0,keep,0.08593453241769257
Archive_002,Acquisition_010,ROI_0121,0,keep,0.035083622588053844
Archive_002,Acquisition_010,ROI_0122,0,keep,0.049731307637006145
Archive_002,Acquisition_010,ROI_0123,0,keep,0.045030072149654744
Archive_002,Acquisition_010,ROI_0124,0,keep,0.08914812296010147
Archive_002,Acquisition_010,ROI_0125,0,keep,0.07312137598477572
Archive_002,Acquisition_010,ROI_0126,0,keep,0.08445081432209897
Archive_002,Acquisition_010,ROI_0127,0,keep,0.0870359615035572
Archive_002,Acquisition_010,ROI_0128,0,keep,0.09581900658374615
Archive_002,Acquisition_010,ROI_0129,0,keep,0.11898019671817217
Archive_002,Acquisition_010,ROI_0130,0,keep,0.04485047807495089
Archive_002,Acquisition_010,ROI_0131,0,keep,0.048894449188829375
Archive_002,Acquisition_010,ROI_0132,0,keep,0.046084396307707845
Archive_002,Acquisition_010,ROI_0133,0,keep,0.1459836558027555
Archive_002,Acquisition_010,ROI_0134,0,keep,0.07536455334241333
Archive_002,Acquisition_010,ROI_0135,0,keep,0.5117263364924841
Archive_002,Acquisition_010,ROI_0136,0,keep,0.18234292823657397
Archive_002,Acquisition_010,ROI_0137,0,keep,0.04485595312543473
Archive_002,Acquisition_010,ROI_0138,0,keep,0.07042405081350822
Archive_002,Acquisition_010,ROI_0139,0,keep,0.04910470877128417
Archive_002,Acquisition_010,ROI_0140,0,keep,0.10324297414244198
Archive_002,Acquisition_010,ROI_0141,0,keep,0.16258811932376294
Archive_002,Acquisition_010,ROI_0142,0,keep,0.06745341730196763
Archive_002,Acquisition_010,ROI_0143,0,keep,0.03887035903028766
Archive_002,Acquisition_010,ROI_0144,0,keep,0.19816954765198233
Archive_002,Acquisition_010,ROI_0145,0,keep,0.03157438098102242
Archive_002,Acquisition_010,ROI_0146,0,keep,0.08069292458175341
Archive_002,Acquisition_010,ROI_0147,0,keep,0.14395762946045249
Archive_002,Acquisition_010,ROI_0148,0,keep,0.08229067650899123
Archive_002,Acquisition_010,ROI_0149,0,keep,0.4569133505825307
Archive_002,Acquisition_010,ROI_0150,0,keep,0.10827441942576709
Archive_002,Acquisition_010,ROI_0151,0,keep,0.46022078352095835
Archive_002,Acquisition_010,ROI_0152,0,keep,0.09580680174950565
Archive_002,Acquisition_010,ROI_0153,0,keep,0.045324423660441954
Archive_002,Acquisition_010,ROI_0154,0,keep,0.03284285249389228
Archive_002,Acquisition_010,ROI_0155,1,discard,0.9815925034929412
Archive_002,Acquisition_010,ROI_0156,0,keep,0.1861220413490984
Archive_002,Acquisition_010,ROI_0157,1,discard,0.6978000778196202
Archive_002,Acquisition_010,ROI_0158,0,keep,0.5749270891431506
Archive_002,Acquisition_010,ROI_0159,0,keep,0.06666271651840139
Archive_002,Acquisition_010,ROI_0160,0,keep,0.047215993168919904
Archive_002,Acquisition_010,ROI_0161,0,keep,0.09901536063465786
Archive_002,Acquisition_010,ROI_0162,0,keep,0.14835305565800722
Archive_002,Acquisition_010,ROI_0163,0,keep,0.0778070005022763
Archive_002,Acquisition_010,ROI_0164,1,discard,1.0
Archive_002,Acquisition_010,ROI_0165,0,keep,0.07907717761316849
Archive_002,Acquisition_010,ROI_0166,0,keep,0.11013023537348131
Archive_002,Acquisition_010,ROI_0167,1,discard,0.38161246723429687
Archive_002,Acquisition_010,ROI_0168,0,keep,0.4131835857955752
Archive_002,Acquisition_010,ROI_0169,0,keep,0.05903420898743413
Archive_002,Acquisition_010,ROI_0170,0,keep,0.05671051010669811
Archive_002,Acquisition_010,ROI_0171,0,keep,0.0377652263695397
Archive_002,Acquisition_010,ROI_0172,0,keep,0.16242651131619154
Archive_002,Acquisition_010,ROI_0173,1,discard,0.6433773314540898
Archive_002,Acquisition_010,ROI_0174,0,keep,0.05724828122683137
Archive_002,Acquisition_010,ROI_0175,0,keep,0.09491706104648971
Archive_002,Acquisition_010,ROI_0176,1,discard,0.9999783560109086
Archive_002,Acquisition_010,ROI_0177,1,discard,0.83301423077044
Archive_002,Acquisition_010,ROI_0178,0,keep,0.07685199615689857
Archive_002,Acquisition_010,ROI_0179,0,keep,0.11175665672563379
Archive_002,Acquisition_010,ROI_0180,0,keep,0.07841303503398382
Archive_002,Acquisition_010,ROI_0181,0,keep,0.1515086919568102
Archive_002,Acquisition_011,ROI_0001,1,discard,0.9997328277375285
Archive_002,Acquisition_011,ROI_0002,0,keep,0.43704364464219747
Archive_002,Acquisition_011,ROI_0003,0,keep,0.22480122123473523
Archive_002,Acquisition_011,ROI_0004,0,keep,0.16182344354966074
Archive_002,Acquisition_011,ROI_0005,0,keep,0.38052168998089553
Archive_002,Acquisition_011,ROI_0006,0,keep,0.37828935613078823
Archive_002,Acquisition_011,ROI_0007,0,keep,0.17255267201756747
Archive_002,Acquisition_011,ROI_0008,0,keep,0.14799669748415373
Archive_002,Acquisition_011,ROI_0009,0,keep,0.11062616613151244
Archive_002,Acquisition_011,ROI_0010,0,keep,0.24252544559961156
Archive_002,Acquisition_011,ROI_0011,0,keep,0.4011274455590363
Archive_002,Acquisition_011,ROI_0012,1,discard,0.9999999999997866
Archive_002,Acquisition_011,ROI_0013,0,keep,0.0997587071560131
Archive_002,Acquisition_011,ROI_0014,0,keep,0.0725264423297339
Archive_002,Acquisition_011,ROI_0015,1,discard,0.9945084503239267
Archive_002,Acquisition_011,ROI_0016,0,keep,0.056510973658018694
Archive_002,Acquisition_011,ROI_0017,0,keep,0.0577574843379088
Archive_002,Acquisition_011,ROI_0018,1,discard,0.9899053130362305
Archive_002,Acquisition_011,ROI_0019,0,keep,0.1216959623409193
Archive_002,Acquisition_011,ROI_0020,0,keep,0.12729754009978536
Archive_002,Acquisition_011,ROI_0021,0,keep,0.059257033599391044
Archive_002,Acquisition_011,ROI_0022,0,keep,0.09334724548677824
Archive_002,Acquisition_011,ROI_0023,0,keep,0.11377639609437334
Archive_002,Acquisition_011,ROI_0024,0,keep,0.035284941522822647
Archive_002,Acquisition_011,ROI_0025,0,keep,0.04551608039008907
Archive_002,Acquisition_011,ROI_0026,0,keep,0.03146541552663024
Archive_002,Acquisition_011,ROI_0027,0,keep,0.131987580648782
Archive_002,Acquisition_011,ROI_0028,1,discard,0.967125131389113
Archive_002,Acquisition_011,ROI_0029,0,keep,0.039970582144900645
Archive_002,Acquisition_011,ROI_0030,0,keep,0.026835998962419165
Archive_002,Acquisition_011,ROI_0031,0,keep,0.04094087490746344
Archive_002,Acquisition_011,ROI_0032,0,keep,0.024316378393337862
Archive_002,Acquisition_011,ROI_0033,0,keep,0.03687329496789593
Archive_002,Acquisition_011,ROI_0034,1,discard,0.9999999920474624
Archive_002,Acquisition_011,ROI_0035,0,keep,0.03169971240738831
Archive_002,Acquisition_011,ROI_0036,0,keep,0.0319024157872984
Archive_002,Acquisition_011,ROI_0037,1,discard,1.0
Archive_002,Acquisition_011,ROI_0038,0,keep,0.0336666252529513
Archive_002,Acquisition_011,ROI_0039,0,keep,0.013293539864286358
Archive_002,Acquisition_011,ROI_0040,1,discard,0.8237241251660935
Archive_002,Acquisition_011,ROI_0041,0,keep,0.6579781780431125
Archive_002,Acquisition_011,ROI_0042,0,keep,0.013656673847404422
Archive_002,Acquisition_011,ROI_0043,0,keep,0.013954120669466568
Archive_002,Acquisition_011,ROI_0044,0,keep,0.037005988534973416
Archive_002,Acquisition_011,ROI_0045,0,keep,0.1482181643148029
Archive_002,Acquisition_011,ROI_0046,0,keep,0.01803044212102271
Archive_002,Acquisition_011,ROI_0047,0,keep,0.05695766613840488
Archive_002,Acquisition_011,ROI_0048,0,keep,0.03705275028358322
Archive_002,Acquisition_011,ROI_0049,0,keep,0.07952578674518661
Archive_002,Acquisition_011,ROI_0050,0,keep,0.017496600395989437
Archive_002,Acquisition_011,ROI_0051,0,keep,0.013675926882534384
Archive_002,Acquisition_011,ROI_0052,0,keep,0.14134405136881195
Archive_002,Acquisition_011,ROI_0053,0,keep,0.08352246152593912
Archive_002,Acquisition_011,ROI_0054,0,keep,0.01403206400628247
Archive_002,Acquisition_011,ROI_0055,0,keep,0.02466691441347708
Archive_002,Acquisition_011,ROI_0056,0,keep,0.01965802083741143
Archive_002,Acquisition_011,ROI_0057,0,keep,0.042417906647518044
Archive_002,Acquisition_011,ROI_0058,0,keep,0.029536083799662098
Archive_002,Acquisition_011,ROI_0059,0,keep,0.5686158416107453
Archive_002,Acquisition_011,ROI_0060,0,keep,0.025140265823243756
Archive_002,Acquisition_011,ROI_0061,0,keep,0.01874655728841493
Archive_002,Acquisition_011,ROI_0062,0,keep,0.023867971797696175
Archive_002,Acquisition_011,ROI_0063,0,keep,0.0348029197528818
Archive_002,Acquisition_011,ROI_0064,0,keep,0.06259876802160337
Archive_002,Acquisition_011,ROI_0065,0,keep,0.049924518206597865
Archive_002,Acquisition_011,ROI_0066,0,keep,0.0244333206852179
Archive_002,Acquisition_011,ROI_0067,0,keep,0.012789169194291216
Archive_002,Acquisition_011,ROI_0068,0,keep,0.02707272681066943
Archive_002,Acquisition_011,ROI_0069,0,keep,0.016692037326912254
Archive_002,Acquisition_011,ROI_0070,0,keep,0.03379030245252023
Archive_002,Acquisition_011,ROI_0071,0,keep,0.03683882769703636
Archive_002,Acquisition_011,ROI_0072,0,keep,0.4239461901777804
Archive_002,Acquisition_011,ROI_0073,0,keep,0.3887109459472607
Archive_002,Acquisition_011,ROI_0074,0,keep,0.037796785956895944
Archive_002,Acquisition_011,ROI_0075,0,keep,0.029046630948431483
Archive_002,Acquisition_011,ROI_0076,0,keep,0.03966032489958558
Archive_002,Acquisition_011,ROI_0077,0,keep,0.014020848086946095
Archive_002,Acquisition_011,ROI_0078,0,keep,0.01707864719632094
Archive_002,Acquisition_011,ROI_0079,1,discard,0.9999999402895208
Archive_002,Acquisition_011,ROI_0080,0,keep,0.012425284155485352
Archive_002,Acquisition_011,ROI_0081,0,keep,0.015834253418697514
Archive_002,Acquisition_011,ROI_0082,0,keep,0.02985616905462294
Archive_002,Acquisition_011,ROI_0083,0,keep,0.09372471550448305
Archive_002,Acquisition_011,ROI_0084,0,keep,0.18638489942028305
Archive_002,Acquisition_011,ROI_0085,0,keep,0.032976721918068615
Archive_002,Acquisition_011,ROI_0086,0,keep,0.03380476329166852
Archive_002,Acquisition_011,ROI_0087,0,keep,0.028340042002361544
Archive_002,Acquisition_011,ROI_0088,1,discard,0.9999999999993716
Archive_002,Acquisition_011,ROI_0089,0,keep,0.6953224584251388
Archive_002,Acquisition_011,ROI_0090,0,keep,0.03553852884199183
Archive_002,Acquisition_011,ROI_0091,0,keep,0.015229542650329815
Archive_002,Acquisition_011,ROI_0092,0,keep,0.01611834395144083
Archive_002,Acquisition_011,ROI_0093,1,discard,0.9450759123179696
Archive_002,Acquisition_011,ROI_0094,0,keep,0.024295262387683935
Archive_002,Acquisition_011,ROI_0095,0,keep,0.02353751551891623
Archive_002,Acquisition_011,ROI_0096,0,keep,0.013768767914998146
Archive_002,Acquisition_011,ROI_0097,1,discard,0.9833329505990935
Archive_002,Acquisition_011,ROI_0098,0,keep,0.08106713919909318
Archive_002,Acquisition_011,ROI_0099,0,keep,0.020498825082640296
Archive_002,Acquisition_011,ROI_0100,0,keep,0.13629163498409172
Archive_002,Acquisition_011,ROI_0101,0,keep,0.024066197783728253
Archive_002,Acquisition_011,ROI_0102,0,keep,0.025062349796787255
Archive_002,Acquisition_011,ROI_0103,0,keep,0.010142868803575544
Archive_002,Acquisition_011,ROI_0104,1,discard,0.9999999999609765
Archive_002,Acquisition_011,ROI_0105,0,keep,0.0730054299492726
Archive_002,Acquisition_011,ROI_0106,0,keep,0.03639188590836285
Archive_002,Acquisition_011,ROI_0107,0,keep,0.27905256915645515
Archive_002,Acquisition_011,ROI_0108,0,keep,0.0112122178991913
Archive_002,Acquisition_011,ROI_0109,0,keep,0.02791823160543922
Archive_002,Acquisition_011,ROI_0110,0,keep,0.029341123840264594
Archive_002,Acquisition_011,ROI_0111,0,keep,0.24812887371167403
Archive_002,Acquisition_011,ROI_0112,0,keep,0.06364701635506317
Archive_002,Acquisition_011,ROI_0113,0,keep,0.21587422889653377
Archive_002,Acquisition_011,ROI_0114,1,discard,0.6008269431235369
Archive_002,Acquisition_011,ROI_0115,0,keep,0.12404234153563581
Archive_002,Acquisition_011,ROI_0116,0,keep,0.36082599210070965
Archive_002,Acquisition_011,ROI_0117,0,keep,0.026637755694814438
Archive_002,Acquisition_011,ROI_0118,0,keep,0.17774614682291842
Archive_002,Acquisition_011,ROI_0119,0,keep,0.09100420550865317
Archive_002,Acquisition_011,ROI_0120,0,keep,0.07373018503086906
Archive_002,Acquisition_011,ROI_0121,0,keep,0.11022373239992815
Archive_002,Acquisition_011,ROI_0122,0,keep,0.9202102557045958
Archive_002,Acquisition_011,ROI_0123,0,keep,0.1076760895633699
Archive_002,Acquisition_011,ROI_0124,0,keep,0.04058636320852585
Archive_002,Acquisition_011,ROI_0125,0,keep,0.06782276962940514
Archive_002,Acquisition_011,ROI_0126,0,keep,0.4912264101716329
Archive_002,Acquisition_011,ROI_0127,0,keep,0.03524166118108929
Archive_002,Acquisition_011,ROI_0128,0,keep,0.09481997014897452
Archive_002,Acquisition_011,ROI_0129,0,keep,0.02116644819498427
Archive_002,Acquisition_011,ROI_0130,0,keep,0.023125761332038836
Archive_002,Acquisition_011,ROI_0131,0,keep,0.3074430146970467
Archive_002,Acquisition_011,ROI_0132,0,keep,0.030470941001598455
Archive_002,Acquisition_011,ROI_0133,0,keep,0.024102907171301684
Archive_002,Acquisition_011,ROI_0134,0,keep,0.09524328964310215
Archive_002,Acquisition_011,ROI_0135,0,keep,0.32301727470262553
Archive_002,Acquisition_011,ROI_0136,0,keep,0.01870800872537685
Archive_002,Acquisition_011,ROI_0137,0,keep,0.23511376087467986
Archive_002,Acquisition_011,ROI_0138,1,discard,0.5768563147791064
Archive_002,Acquisition_011,ROI_0139,0,keep,0.10112654855420483
Archive_002,Acquisition_011,ROI_0140,0,keep,0.023466096070882576
Archive_002,Acquisition_011,ROI_0141,0,keep,0.07955217163830305
Archive_002,Acquisition_011,ROI_0142,0,keep,0.20846295616772373
Archive_002,Acquisition_011,ROI_0143,0,keep,0.03913969672742116
Archive_002,Acquisition_011,ROI_0144,1,discard,0.996979166954808
Archive_002,Acquisition_011,ROI_0145,0,keep,0.05056641550371294
Archive_002,Acquisition_011,ROI_0146,0,keep,0.019729998653697144
Archive_002,Acquisition_011,ROI_0147,0,keep,0.02845053611920587
Archive_002,Acquisition_011,ROI_0148,0,keep,0.02613343049726748
Archive_002,Acquisition_011,ROI_0149,0,keep,0.02667355901319359
Archive_002,Acquisition_011,ROI_0150,0,keep,0.053211096213045234
Archive_002,Acquisition_011,ROI_0151,1,discard,0.999850892392931
Archive_002,Acquisition_011,ROI_0152,0,keep,0.02250600433184179
Archive_002,Acquisition_011,ROI_0153,1,discard,0.704912172766597
Archive_002,Acquisition_011,ROI_0154,1,discard,0.22463214921103092
Archive_002,Acquisition_011,ROI_0155,1,discard,0.0355852524075895
Archive_002,Acquisition_011,ROI_0156,0,keep,0.020384116618623334
Archive_002,Acquisition_011,ROI_0157,0,keep,0.021664660265445012
Archive_002,Acquisition_011,ROI_0158,0,keep,0.041326699524319964
Archive_002,Acquisition_011,ROI_0159,0,keep,0.12026566226174372
Archive_002,Acquisition_011,ROI_0160,0,keep,0.17557080691378257
Archive_002,Acquisition_011,ROI_0161,0,keep,0.06136263775555175
Archive_002,Acquisition_011,ROI_0162,0,keep,0.04210759875545741
Archive_002,Acquisition_011,ROI_0163,0,keep,0.1096020214820285
Archive_002,Acquisition_011,ROI_0164,0,keep,0.10308348768980222
Archive_002,Acquisition_011,ROI_0165,0,keep,0.32015381475453986
Archive_002,Acquisition_011,ROI_0166,0,keep,0.03418181049915373
Archive_002,Acquisition_011,ROI_0167,1,discard,0.9996518055151856
Archive_002,Acquisition_011,ROI_0168,1,discard,0.9849637883084592
Archive_002,Acquisition_011,ROI_0169,0,keep,0.08066445048743866
Archive_002,Acquisition_011,ROI_0170,0,keep,0.06429967583412864
Archive_002,Acquisition_011,ROI_0171,1,discard,0.8658320193124547
Archive_002,Acquisition_011,ROI_0172,0,keep,0.12698781344570506
Archive_002,Acquisition_011,ROI_0173,0,keep,0.15720742920469455
Archive_002,Acquisition_011,ROI_0174,0,keep,0.05002765266936876
Archive_002,Acquisition_011,ROI_0175,0,keep,0.08968692130687371
Archive_002,Acquisition_011,ROI_0176,0,keep,0.09992119817251782
Archive_002,Acquisition_011,ROI_0177,0,keep,0.09054485159729707
Archive_002,Acquisition_011,ROI_0178,0,keep,0.5284146928438385
Archive_002,Acquisition_011,ROI_0179,0,keep,0.08560857293770513
Archive_002,Acquisition_011,ROI_0180,0,keep,0.11307958967842414
Archive_002,Acquisition_011,ROI_0181,0,keep,0.10226124289852637
Archive_002,Acquisition_011,ROI_0182,1,discard,0.5805820848487319
Archive_002,Acquisition_011,ROI_0183,0,keep,0.47820644458679906
Archive_002,Acquisition_011,ROI_0184,1,discard,1.0
Archive_002,Acquisition_011,ROI_0185,0,keep,0.0872997128117848
Archive_002,Acquisition_011,ROI_0186,0,keep,0.0810019078144418
Archive_002,Acquisition_011,ROI_0187,0,keep,0.10975385896207511
Archive_002,Acquisition_011,ROI_0188,0,keep,0.539637879089682
Archive_002,Acquisition_011,ROI_0189,0,keep,0.17218850358230608
Archive_002,Acquisition_011,ROI_0190,0,keep,0.8098029415701726
Archive_002,Acquisition_011,ROI_0191,0,keep,0.8640093622262615
Archive_002,Acquisition_011,ROI_0192,0,keep,0.1329493220802025
Archive_002,Acquisition_011,ROI_0193,0,keep,0.09802464024886967
Archive_002,Acquisition_011,ROI_0194,0,keep,0.05940919585027455
Archive_002,Acquisition_011,ROI_0195,0,keep,0.08241767732882976
Archive_002,Acquisition_011,ROI_0196,1,discard,0.9971039304158862
Archive_002,Acquisition_011,ROI_0197,1,discard,0.9946485623970212
Archive_002,Acquisition_011,ROI_0198,0,keep,0.4907227006156282
Archive_002,Acquisition_011,ROI_0199,0,keep,0.0939375947418712
Archive_002,Acquisition_011,ROI_0200,0,keep,0.07175855322673966
Archive_002,Acquisition_011,ROI_0201,0,keep,0.14566281534097297
Archive_002,Acquisition_011,ROI_0202,0,keep,0.19947169468921158
Archive_002,Acquisition_011,ROI_0203,1,discard,0.9999999996233824
Archive_002,Acquisition_011,ROI_0204,1,discard,0.9999987307787892
Archive_002,Acquisition_011,ROI_0205,1,discard,0.9999999981221712
Archive_002,Acquisition_011,ROI_0206,0,keep,0.04673245916759906
Archive_002,Acquisition_011,ROI_0207,0,keep,0.08823894086650623
Archive_002,Acquisition_011,ROI_0208,1,discard,0.9999996995276937
Archive_002,Acquisition_011,ROI_0209,0,keep,0.06073873131311705
Archive_002,Acquisition_011,ROI_0210,0,keep,0.07108755753028029
Archive_002,Acquisition_011,ROI_0211,0,keep,0.14179027964735677
Archive_002,Acquisition_011,ROI_0212,0,keep,0.11225102172750998
Archive_002,Acquisition_011,ROI_0213,0,keep,0.09947853351900979
Archive_002,Acquisition_011,ROI_0214,0,keep,0.02070199473907316
Archive_002,Acquisition_011,ROI_0215,1,discard,1.0
Archive_002,Acquisition_011,ROI_0216,1,discard,0.9641761847260296
Archive_002,Acquisition_012,ROI_0001,0,keep,0.999999998400829
Archive_002,Acquisition_012,ROI_0002,0,keep,0.2829059583925095
Archive_002,Acquisition_012,ROI_0003,0,keep,0.251663488206185
Archive_002,Acquisition_012,ROI_0004,0,keep,0.07466474505062749
Archive_002,Acquisition_012,ROI_0005,1,discard,1.0
Archive_002,Acquisition_012,ROI_0006,0,keep,0.5702857199632333
Archive_002,Acquisition_012,ROI_0007,0,keep,0.8655897928116784
Archive_002,Acquisition_012,ROI_0008,0,keep,0.12247227895939213
Archive_002,Acquisition_012,ROI_0009,0,keep,0.0573960076910772
Archive_002,Acquisition_012,ROI_0010,0,keep,0.06349199211679471
Archive_002,Acquisition_012,ROI_0011,0,keep,0.052222500934756874
Archive_002,Acquisition_012,ROI_0012,0,keep,0.03603291210413917
Archive_002,Acquisition_012,ROI_0013,1,discard,0.9999999919380284
Archive_002,Acquisition_012,ROI_0014,0,keep,0.03976707017459999
Archive_002,Acquisition_012,ROI_0015,0,keep,0.047309597130821356
Archive_002,Acquisition_012,ROI_0016,0,keep,0.014326831812663901
Archive_002,Acquisition_012,ROI_0017,0,keep,0.03932744794780266
Archive_002,Acquisition_012,ROI_0018,0,keep,0.07079373362597792
Archive_002,Acquisition_012,ROI_0019,0,keep,0.05180579452825648
Archive_002,Acquisition_012,ROI_0020,0,keep,0.1447612744067151
Archive_002,Acquisition_012,ROI_0021,0,keep,0.4587248339263158
Archive_002,Acquisition_012,ROI_0022,0,keep,0.070407902218465
Archive_002,Acquisition_012,ROI_0023,0,keep,0.2145948117689398
Archive_002,Acquisition_012,ROI_0024,0,keep,0.01917688861338996
Archive_002,Acquisition_012,ROI_0025,0,keep,0.07716053949851137
Archive_002,Acquisition_012,ROI_0026,0,keep,0.06021633682334427
Archive_002,Acquisition_012,ROI_0027,0,keep,0.03196313564798871
Archive_002,Acquisition_012,ROI_0028,0,keep,0.21416618308125557
Archive_002,Acquisition_012,ROI_0029,1,discard,0.9143260353391878
Archive_002,Acquisition_012,ROI_0030,0,keep,0.0522713939564863
Archive_002,Acquisition_012,ROI_0031,0,keep,0.037824415654156486
Archive_002,Acquisition_012,ROI_0032,1,discard,0.8758114680952207
Archive_002,Acquisition_012,ROI_0033,0,keep,0.09143621792465041
Archive_002,Acquisition_012,ROI_0034,0,keep,0.023219201846826198
Archive_002,Acquisition_012,ROI_0035,0,keep,0.035493035860687666
Archive_002,Acquisition_012,ROI_0036,0,keep,0.029436205436613072
Archive_002,Acquisition_012,ROI_0037,0,keep,0.28613332244894274
Archive_002,Acquisition_012,ROI_0038,0,keep,0.017806612700656175
Archive_002,Acquisition_012,ROI_0039,0,keep,0.03412137766111706
Archive_002,Acquisition_012,ROI_0040,0,keep,0.022967592934399244
Archive_002,Acquisition_012,ROI_0041,0,keep,0.021083840842295396
Archive_002,Acquisition_012,ROI_0042,0,keep,0.016959524273480294
Archive_002,Acquisition_012,ROI_0043,0,keep,0.009925646973299283
Archive_002,Acquisition_012,ROI_0044,0,keep,0.01870432588934668
Archive_002,Acquisition_012,ROI_0045,0,keep,0.055660821589220026
Archive_002,Acquisition_012,ROI_0046,0,keep,0.0704105161373781
Archive_002,Acquisition_012,ROI_0047,0,keep,0.01562900735934685
Archive_002,Acquisition_012,ROI_0048,0,keep,0.14586687195451545
Archive_002,Acquisition_012,ROI_0049,0,keep,0.01735122147740389
Archive_002,Acquisition_012,ROI_0050,0,keep,0.8149710546173143
Archive_002,Acquisition_012,ROI_0051,0,keep,0.031999841097622876
Archive_002,Acquisition_012,ROI_0052,0,keep,0.13668137034762293
Archive_002,Acquisition_012,ROI_0053,0,keep,0.03156615080000752
Archive_002,Acquisition_012,ROI_0054,0,keep,0.6202777513070834
Archive_002,Acquisition_012,ROI_0055,0,keep,0.3750313983799609
Archive_002,Acquisition_012,ROI_0056,0,keep,0.027825314319503826
Archive_002,Acquisition_012,ROI_0057,0,keep,0.015315207622716367
Archive_002,Acquisition_012,ROI_0058,0,keep,0.024091122930318096
Archive_002,Acquisition_012,ROI_0059,0,keep,0.021406718159529776
Archive_002,Acquisition_012,ROI_0060,0,keep,0.018272863933098345
Archive_002,Acquisition_012,ROI_0061,0,keep,0.07342612730841534
Archive_002,Acquisition_012,ROI_0062,0,keep,0.01732947114312742
Archive_002,Acquisition_012,ROI_0063,0,keep,0.09765170487894446
Archive_002,Acquisition_012,ROI_0064,0,keep,0.029070806556779637
Archive_002,Acquisition_012,ROI_0065,0,keep,0.9166909006846695
Archive_002,Acquisition_012,ROI_0066,1,discard,0.9999999981250798
Archive_002,Acquisition_012,ROI_0067,0,keep,0.04848562696300751
Archive_002,Acquisition_012,ROI_0068,0,keep,0.023127361995143356
Archive_002,Acquisition_012,ROI_0069,0,keep,0.01996268002960923
Archive_002,Acquisition_012,ROI_0070,0,keep,0.09442229390893409
Archive_002,Acquisition_012,ROI_0071,0,keep,0.051285491513501605
Archive_002,Acquisition_012,ROI_0072,1,discard,0.719622497478294
Archive_002,Acquisition_012,ROI_0073,0,keep,0.06758419210516549
Archive_002,Acquisition_012,ROI_0074,0,keep,0.056366881559575664
Archive_002,Acquisition_012,ROI_0075,0,keep,0.021697109154238732
Archive_002,Acquisition_012,ROI_0076,0,keep,0.09896098603946672
Archive_002,Acquisition_012,ROI_0077,0,keep,0.025238233198114284
Archive_002,Acquisition_012,ROI_0078,1,discard,0.9999999979150875
Archive_002,Acquisition_012,ROI_0079,1,discard,0.9045768957353136
Archive_002,Acquisition_012,ROI_0080,0,keep,0.039913593786539275
Archive_002,Acquisition_012,ROI_0081,0,keep,0.07725247881697658
Archive_002,Acquisition_012,ROI_0082,0,keep,0.026106586299160628
Archive_002,Acquisition_012,ROI_0083,0,keep,0.19713317470899078
Archive_002,Acquisition_012,ROI_0084,0,keep,0.052453673869964586
Archive_002,Acquisition_012,ROI_0085,0,keep,0.023719843341646337
Archive_002,Acquisition_012,ROI_0086,0,keep,0.021811495588111195
Archive_002,Acquisition_012,ROI_0087,1,discard,0.5087190299604162
Archive_002,Acquisition_012,ROI_0088,0,keep,0.015789456480942637
Archive_002,Acquisition_012,ROI_0089,0,keep,0.055972431865979076
Archive_002,Acquisition_012,ROI_0090,0,keep,0.03315818712803355
Archive_002,Acquisition_012,ROI_0091,0,keep,0.02785982400598541
Archive_002,Acquisition_012,ROI_0092,0,keep,0.029973617145454705
Archive_002,Acquisition_012,ROI_0093,0,keep,0.03149730680273052
Archive_002,Acquisition_012,ROI_0094,0,keep,0.03477216736343619
Archive_002,Acquisition_012,ROI_0095,0,keep,0.023789046870562356
Archive_002,Acquisition_012,ROI_0096,0,keep,0.03259312046073134
Archive_002,Acquisition_012,ROI_0097,0,keep,0.023085324479347913
Archive_002,Acquisition_012,ROI_0098,0,keep,0.02824393465450479
Archive_002,Acquisition_012,ROI_0099,0,keep,0.2136076525801911
Archive_002,Acquisition_012,ROI_0100,0,keep,0.1056550019102408
Archive_002,Acquisition_012,ROI_0101,0,keep,0.01761351726139691
Archive_002,Acquisition_012,ROI_0102,0,keep,0.028485702549419303
Archive_002,Acquisition_012,ROI_0103,0,keep,0.061563032993696316
Archive_002,Acquisition_012,ROI_0104,0,keep,0.023509220654269223
Archive_002,Acquisition_012,ROI_0105,0,keep,0.02134404319948874
Archive_002,Acquisition_012,ROI_0106,1,discard,0.9992250503237113
Archive_002,Acquisition_012,ROI_0107,0,keep,0.03792612620394029
Archive_002,Acquisition_012,ROI_0108,0,keep,0.05366055150532593
Archive_002,Acquisition_012,ROI_0109,0,keep,0.039286373441793594
Archive_002,Acquisition_012,ROI_0110,0,keep,0.06750174782173127
Archive_002,Acquisition_012,ROI_0111,0,keep,0.14614629759401468
Archive_002,Acquisition_012,ROI_0112,0,keep,0.05421864888295593
Archive_002,Acquisition_012,ROI_0113,0,keep,0.060166087826945505
Archive_002,Acquisition_012,ROI_0114,0,keep,0.024872924629014987
Archive_002,Acquisition_012,ROI_0115,0,keep,0.025087420386900414
Archive_002,Acquisition_012,ROI_0116,0,keep,0.029985802702269262
Archive_002,Acquisition_012,ROI_0117,0,keep,0.08050419406652387
Archive_002,Acquisition_012,ROI_0118,0,keep,0.019819122368125084
Archive_002,Acquisition_012,ROI_0119,0,keep,0.2566935066040769
Archive_002,Acquisition_012,ROI_0120,0,keep,0.1328944952815548
Archive_002,Acquisition_012,ROI_0121,0,keep,0.027832797722960243
Archive_002,Acquisition_012,ROI_0122,0,keep,0.07434243776660905
Archive_002,Acquisition_012,ROI_0123,1,discard,0.9999999999993561
Archive_002,Acquisition_012,ROI_0124,0,keep,0.03237158144529444
Archive_002,Acquisition_012,ROI_0125,0,keep,0.04619209208557665
Archive_002,Acquisition_012,ROI_0126,0,keep,0.05171662977788104
Archive_002,Acquisition_012,ROI_0127,0,keep,0.023756808867499746
Archive_002,Acquisition_012,ROI_0128,0,keep,0.036948923557710144
Archive_002,Acquisition_012,ROI_0129,0,keep,0.07330443562490696
Archive_002,Acquisition_012,ROI_0130,0,keep,0.03378081979032932
Archive_002,Acquisition_012,ROI_0131,1,discard,0.9990654007372234
Archive_002,Acquisition_012,ROI_0132,0,keep,0.3797830603136995
Archive_002,Acquisition_012,ROI_0133,1,discard,0.9999999999998292
Archive_002,Acquisition_012,ROI_0134,0,keep,0.02866323342886387
Archive_002,Acquisition_012,ROI_0135,0,keep,0.3940524375182322
Archive_002,Acquisition_012,ROI_0136,0,keep,0.03804830385554284
Archive_002,Acquisition_012,ROI_0137,1,discard,0.4569217600615177
Archive_002,Acquisition_012,ROI_0138,0,keep,0.2902062267679355
Archive_002,Acquisition_012,ROI_0139,0,keep,0.046376702718789534
Archive_002,Acquisition_012,ROI_0140,0,keep,0.08290683980003738
Archive_002,Acquisition_012,ROI_0141,0,keep,0.09932153835590564
Archive_002,Acquisition_012,ROI_0142,0,keep,0.17086331323789244
Archive_002,Acquisition_012,ROI_0143,0,keep,0.23120920638100273
Archive_002,Acquisition_012,ROI_0144,1,discard,1.0
Archive_002,Acquisition_012,ROI_0145,0,keep,0.022106714473889198
Archive_002,Acquisition_012,ROI_0146,0,keep,0.04837034532547827
Archive_002,Acquisition_012,ROI_0147,0,keep,0.29427789116152986
Archive_002,Acquisition_012,ROI_0148,0,keep,0.08749618304425336
Archive_002,Acquisition_012,ROI_0149,0,keep,0.035019941340458
Archive_002,Acquisition_012,ROI_0150,0,keep,0.1250817880406016
Archive_002,Acquisition_012,ROI_0151,0,keep,0.05577517116694135
Archive_002,Acquisition_012,ROI_0152,0,keep,0.040952568932970404
Archive_002,Acquisition_012,ROI_0153,0,keep,0.08594150931974287
Archive_002,Acquisition_012,ROI_0154,0,keep,0.09662482429042321
Archive_002,Acquisition_012,ROI_0155,0,keep,0.11256019801664478
Archive_002,Acquisition_012,ROI_0156,0,keep,0.6664201540746686
Archive_002,Acquisition_012,ROI_0157,0,keep,0.18919964620404744
Archive_002,Acquisition_012,ROI_0158,0,keep,0.030224216217072546
Archive_002,Acquisition_012,ROI_0159,1,discard,0.9991796025415586
Archive_002,Acquisition_012,ROI_0160,0,keep,0.05806644936686613
Archive_002,Acquisition_012,ROI_0161,0,keep,0.055149388652733
Archive_002,Acquisition_012,ROI_0162,0,keep,0.19021670394125675
Archive_002,Acquisition_012,ROI_0163,0,keep,0.07001965504419207
Archive_002,Acquisition_012,ROI_0164,0,keep,0.07314335221873816
Archive_002,Acquisition_012,ROI_0165,0,keep,0.05999552240997629
Archive_002,Acquisition_012,ROI_0166,0,keep,0.07109596481615754
Archive_002,Acquisition_012,ROI_0167,0,keep,0.14679983446130188
Archive_002,Acquisition_012,ROI_0168,0,keep,0.36956079892833577
Archive_002,Acquisition_012,ROI_0169,1,discard,1.0
Archive_002,Acquisition_012,ROI_0170,0,keep,0.0803590617225374
Archive_002,Acquisition_012,ROI_0171,0,keep,0.05477973158668744
Archive_002,Acquisition_012,ROI_0172,0,keep,0.3994341480088697
Archive_002,Acquisition_012,ROI_0173,0,keep,0.0879485655316615
Archive_002,Acquisition_012,ROI_0174,0,keep,0.6705227358647722
Archive_002,Acquisition_012,ROI_0175,0,keep,0.07668548764262907
Archive_002,Acquisition_012,ROI_0176,0,keep,0.05784680783884377
Archive_002,Acquisition_012,ROI_0177,0,keep,0.06128734289208924
Archive_002,Acquisition_012,ROI_0178,0,keep,0.03146064151397989
Archive_002,Acquisition_012,ROI_0179,0,keep,0.07301150396131333
Archive_002,Acquisition_012,ROI_0180,0,keep,0.054209946335903356
Archive_002,Acquisition_012,ROI_0181,0,keep,0.06745718151293037
Archive_002,Acquisition_012,ROI_0182,0,keep,0.10177876483977222
Archive_002,Acquisition_012,ROI_0183,0,keep,0.47583904125693266
Archive_002,Acquisition_012,ROI_0184,0,keep,0.1468802468029075
Archive_002,Acquisition_012,ROI_0185,0,keep,0.20876328008220968
Archive_002,Acquisition_012,ROI_0186,0,keep,0.07486790272811215
Archive_002,Acquisition_012,ROI_0187,0,keep,0.022235780535664586
Archive_002,Acquisition_012,ROI_0188,0,keep,0.25520222036189383
Archive_002,Acquisition_012,ROI_0189,1,discard,0.8421061929198465
Archive_002,Acquisition_012,ROI_0190,0,keep,0.15471808090069364
Archive_002,Acquisition_012,ROI_0191,0,keep,0.04335444125911524
Archive_002,Acquisition_012,ROI_0192,1,discard,1.0
Archive_002,Acquisition_012,ROI_0193,0,keep,0.6890053649313519
Archive_002,Acquisition_012,ROI_0194,0,keep,0.07976730204037182
Archive_002,Acquisition_012,ROI_0195,1,discard,0.9968725473205187
Archive_002,Acquisition_012,ROI_0196,1,discard,0.03205683175232947
Archive_002,Acquisition_012,ROI_0197,0,keep,0.05599927128275781
Archive_002,Acquisition_012,ROI_0198,0,keep,0.0871969381110458
Archive_002,Acquisition_012,ROI_0199,0,keep,0.06453850415326615
Archive_002,Acquisition_012,ROI_0200,0,keep,0.39478348804352914
Archive_002,Acquisition_012,ROI_0201,1,discard,0.9752211367317897
Archive_002,Acquisition_012,ROI_0202,0,keep,0.6611891168062933
Archive_002,Acquisition_012,ROI_0203,0,keep,0.08153330412521485
Archive_002,Acquisition_012,ROI_0204,1,discard,1.0
Archive_002,Acquisition_012,ROI_0205,0,keep,0.08102752152487222
Archive_002,Acquisition_012,ROI_0206,1,discard,1.0
Archive_002,Acquisition_013,ROI_0001,1,discard,0.9999958965614006
Archive_002,Acquisition_013,ROI_0002,0,keep,0.06312021582789261
Archive_002,Acquisition_013,ROI_0003,0,keep,0.062361072143379596
Archive_002,Acquisition_013,ROI_0004,0,keep,0.21625234605173776
Archive_002,Acquisition_013,ROI_0005,0,keep,0.09263698323076511
Archive_002,Acquisition_013,ROI_0006,1,discard,0.9999996144888949
Archive_002,Acquisition_013,ROI_0007,0,keep,0.2892866846582878
Archive_002,Acquisition_013,ROI_0008,0,keep,0.9972172670287637
Archive_002,Acquisition_013,ROI_0009,0,keep,0.03296556957277805
Archive_002,Acquisition_013,ROI_0010,1,discard,0.9999999999576932
Archive_002,Acquisition_013,ROI_0011,0,keep,0.03204453375647004
Archive_002,Acquisition_013,ROI_0012,0,keep,0.9999938991906195
Archive_002,Acquisition_013,ROI_0013,0,keep,0.03845746910740552
Archive_002,Acquisition_013,ROI_0014,0,keep,0.019301193514317694
Archive_002,Acquisition_013,ROI_0015,0,keep,0.005841976428652505
Archive_002,Acquisition_013,ROI_0016,0,keep,0.02324568746114645
Archive_002,Acquisition_013,ROI_0017,0,keep,0.02449134402107393
Archive_002,Acquisition_013,ROI_0018,0,keep,0.022704848662013433
Archive_002,Acquisition_013,ROI_0019,1,discard,0.9999691870570875
Archive_002,Acquisition_013,ROI_0020,1,discard,0.9999844930648225
Archive_002,Acquisition_013,ROI_0021,0,keep,0.03055616284943119
Archive_002,Acquisition_013,ROI_0022,1,discard,0.9997054849734788
Archive_002,Acquisition_013,ROI_0023,0,keep,0.5264589915525315
Archive_002,Acquisition_013,ROI_0024,0,keep,0.020734064262768644
Archive_002,Acquisition_013,ROI_0025,0,keep,0.5685412746418983
Archive_002,Acquisition_013,ROI_0026,0,keep,0.03860613156035878
Archive_002,Acquisition_013,ROI_0027,0,keep,0.8878454432598166
Archive_002,Acquisition_013,ROI_0028,0,keep,0.039146626424861324
Archive_002,Acquisition_013,ROI_0029,0,keep,0.026961768456706937
Archive_002,Acquisition_013,ROI_0030,0,keep,0.029926975649786528
Archive_002,Acquisition_013,ROI_0031,1,discard,1.0
Archive_002,Acquisition_013,ROI_0032,0,keep,0.01648789381453851
Archive_002,Acquisition_013,ROI_0033,0,keep,0.029146244334511427
Archive_002,Acquisition_013,ROI_0034,0,keep,0.6799852456381273
Archive_002,Acquisition_013,ROI_0035,0,keep,0.027095521578455326
Archive_002,Acquisition_013,ROI_0036,1,discard,0.9999874463248285
Archive_002,Acquisition_013,ROI_0037,1,discard,0.9999999376832748
Archive_002,Acquisition_013,ROI_0038,1,discard,0.9999996624074362
Archive_002,Acquisition_013,ROI_0039,1,discard,0.9999999571100989
Archive_002,Acquisition_013,ROI_0040,0,keep,0.006673790174061112
Archive_002,Acquisition_013,ROI_0041,1,discard,0.9976455966536409
Archive_002,Acquisition_013,ROI_0042,1,discard,0.025159310405397515
Archive_002,Acquisition_013,ROI_0043,1,discard,0.9997202892207224
Archive_002,Acquisition_013,ROI_0044,0,keep,0.0249789902795929
Archive_002,Acquisition_013,ROI_0045,1,discard,0.9711249199600122
Archive_002,Acquisition_013,ROI_0046,1,discard,1.0
Archive_002,Acquisition_013,ROI_0047,0,keep,0.05855823029867738
Archive_002,Acquisition_013,ROI_0048,0,keep,0.4494026402965099
Archive_002,Acquisition_013,ROI_0049,0,keep,0.05066101295005768
Archive_002,Acquisition_013,ROI_0050,0,keep,0.02606261479143184
Archive_002,Acquisition_013,ROI_0051,0,keep,0.02152799783092795
Archive_002,Acquisition_013,ROI_0052,0,keep,0.013506030135502226
Archive_002,Acquisition_013,ROI_0053,0,keep,0.007286042896627884
Archive_002,Acquisition_013,ROI_0054,0,keep,0.027384358190287575
Archive_002,Acquisition_013,ROI_0055,0,keep,0.019993079619540798
Archive_002,Acquisition_013,ROI_0056,0,keep,0.011747955013271165
Archive_002,Acquisition_013,ROI_0057,0,keep,0.13842123574228277
Archive_002,Acquisition_013,ROI_0058,1,discard,0.997539357318024
Archive_002,Acquisition_013,ROI_0059,0,keep,0.0167897732862647
Archive_002,Acquisition_013,ROI_0060,0,keep,0.03533467568957414
Archive_002,Acquisition_013,ROI_0061,0,keep,0.030967874570678698
Archive_002,Acquisition_013,ROI_0062,0,keep,0.054649796138399785
Archive_002,Acquisition_013,ROI_0063,0,keep,0.010676819881352922
Archive_002,Acquisition_013,ROI_0064,0,keep,0.012594514456304483
Archive_002,Acquisition_013,ROI_0065,0,keep,0.013710618247581166
Archive_002,Acquisition_013,ROI_0066,0,keep,0.11772479855403287
Archive_002,Acquisition_013,ROI_0067,0,keep,0.012043255708159837
Archive_002,Acquisition_013,ROI_0068,0,keep,0.10111957811374854
Archive_002,Acquisition_013,ROI_0069,1,discard,0.9999925112009432
Archive_002,Acquisition_013,ROI_0070,0,keep,0.015904264688955144
Archive_002,Acquisition_013,ROI_0071,0,keep,0.0230094568535281
Archive_002,Acquisition_013,ROI_0072,0,keep,0.04804961307063651
Archive_002,Acquisition_013,ROI_0073,0,keep,0.07155337496048371
Archive_002,Acquisition_013,ROI_0074,1,discard,0.841587061447093
Archive_002,Acquisition_013,ROI_0075,0,keep,0.01956479591019339
Archive_002,Acquisition_013,ROI_0076,0,keep,0.020915855019801883
Archive_002,Acquisition_013,ROI_0077,0,keep,0.02575765922226365
Archive_002,Acquisition_013,ROI_0078,0,keep,0.022886910665312066
Archive_002,Acquisition_013,ROI_0079,0,keep,0.05808976416763369
Archive_002,Acquisition_013,ROI_0080,0,keep,0.023833602250225586
Archive_002,Acquisition_013,ROI_0081,0,keep,0.039219132444724664
Archive_002,Acquisition_013,ROI_0082,0,keep,0.03376759933503789
Archive_002,Acquisition_013,ROI_0083,0,keep,0.031594246350568275
Archive_002,Acquisition_013,ROI_0084,0,keep,0.09678531126460438
Archive_002,Acquisition_013,ROI_0085,1,discard,0.9999999999813347
Archive_002,Acquisition_013,ROI_0086,0,keep,0.7719550465954121
Archive_002,Acquisition_013,ROI_0087,0,keep,0.030807646907269982
Archive_002,Acquisition_013,ROI_0088,0,keep,0.016236390119235965
Archive_002,Acquisition_013,ROI_0089,0,keep,0.05364143488648819
Archive_002,Acquisition_013,ROI_0090,0,keep,0.05341233062034849
Archive_002,Acquisition_013,ROI_0091,0,keep,0.034871967685051755
Archive_002,Acquisition_013,ROI_0092,0,keep,0.07663226796805496
Archive_002,Acquisition_013,ROI_0093,0,keep,0.14886105529762714
Archive_002,Acquisition_013,ROI_0094,0,keep,0.0367147540184091
Archive_002,Acquisition_013,ROI_0095,0,keep,0.055955304188161976
Archive_002,Acquisition_013,ROI_0096,0,keep,0.05114933047895873
Archive_002,Acquisition_013,ROI_0097,0,keep,0.03893142843500993
Archive_002,Acquisition_013,ROI_0098,0,keep,0.07689953107390236
Archive_002,Acquisition_013,ROI_0099,1,discard,0.9997337516254631
Archive_002,Acquisition_013,ROI_0100,0,keep,0.06252857258932039
Archive_002,Acquisition_013,ROI_0101,0,keep,0.5966815324551403
Archive_002,Acquisition_013,ROI_0102,0,keep,0.09238784272502114
Archive_002,Acquisition_013,ROI_0103,0,keep,0.6349444358053622
Archive_002,Acquisition_013,ROI_0104,0,keep,0.07255382388320411
Archive_002,Acquisition_013,ROI_0105,0,keep,0.010272837873839384
Archive_002,Acquisition_013,ROI_0106,0,keep,0.009987107169345909
Archive_002,Acquisition_013,ROI_0107,0,keep,0.03872374198320975
Archive_002,Acquisition_013,ROI_0108,0,keep,0.11552934897708782
Archive_002,Acquisition_013,ROI_0109,0,keep,0.20700667791764787
Archive_002,Acquisition_013,ROI_0110,0,keep,0.5864120767745259
Archive_002,Acquisition_013,ROI_0111,0,keep,0.031530988907146854
Archive_002,Acquisition_013,ROI_0112,0,keep,0.2816636777023676
Archive_002,Acquisition_013,ROI_0113,0,keep,0.7122159750319872
Archive_002,Acquisition_013,ROI_0114,0,keep,0.08659154965169458
Archive_002,Acquisition_013,ROI_0115,0,keep,0.0600639895630817
Archive_002,Acquisition_013,ROI_0116,0,keep,0.022600040168237585
Archive_002,Acquisition_013,ROI_0117,0,keep,0.05433352410495313
Archive_002,Acquisition_013,ROI_0118,0,keep,0.1048257920098419
Archive_002,Acquisition_013,ROI_0119,0,keep,0.11562497303890051
Archive_002,Acquisition_013,ROI_0120,1,discard,0.9507786538779135
Archive_002,Acquisition_013,ROI_0121,0,keep,0.13713087216377695
Archive_002,Acquisition_013,ROI_0122,0,keep,0.10524682806536137
Archive_002,Acquisition_013,ROI_0123,0,keep,0.08092874059042802
Archive_002,Acquisition_013,ROI_0124,0,keep,0.041236271009417694
Archive_002,Acquisition_013,ROI_0125,0,keep,0.056076811728036406
Archive_002,Acquisition_013,ROI_0126,0,keep,0.030108746512431957
Archive_002,Acquisition_013,ROI_0127,0,keep,0.10883197025386442
Archive_002,Acquisition_013,ROI_0128,0,keep,0.03599551386170183
Archive_002,Acquisition_013,ROI_0129,0,keep,0.029423572671409055
Archive_002,Acquisition_013,ROI_0130,0,keep,0.08541232007256351
Archive_002,Acquisition_013,ROI_0131,1,discard,0.9999999999998086
Archive_002,Acquisition_013,ROI_0132,0,keep,0.08582248139671944
Archive_002,Acquisition_013,ROI_0133,0,keep,0.16951109929250668
Archive_002,Acquisition_013,ROI_0134,0,keep,0.026772849798666794
Archive_002,Acquisition_013,ROI_0135,0,keep,0.03498293931486695
Archive_002,Acquisition_013,ROI_0136,0,keep,0.048206286444978645
Archive_002,Acquisition_013,ROI_0137,0,keep,0.05308016618804522
Archive_002,Acquisition_013,ROI_0138,0,keep,0.08286895094372379
Archive_002,Acquisition_013,ROI_0139,1,discard,0.999999999631423
Archive_002,Acquisition_013,ROI_0140,0,keep,0.16965359189519919
Archive_002,Acquisition_013,ROI_0141,1,discard,1.0
Archive_002,Acquisition_013,ROI_0142,1,discard,0.8736227168143451
Archive_002,Acquisition_013,ROI_0143,0,keep,0.02933713947508165
Archive_002,Acquisition_013,ROI_0144,0,keep,0.059882029663186384
Archive_002,Acquisition_013,ROI_0145,0,keep,0.09105124567934618
Archive_002,Acquisition_013,ROI_0146,1,discard,0.08725374773128951
Archive_002,Acquisition_013,ROI_0147,0,keep,0.10514205724116611
Archive_002,Acquisition_013,ROI_0148,0,keep,0.3524707674516985
Archive_002,Acquisition_013,ROI_0149,0,keep,0.024329537855902517
Archive_002,Acquisition_013,ROI_0150,1,discard,1.0
Archive_002,Acquisition_013,ROI_0151,0,keep,0.15453803877096492
Archive_002,Acquisition_013,ROI_0152,0,keep,0.16742700419924214
Archive_002,Acquisition_014,ROI_0001,0,keep,0.9688522364216844
Archive_002,Acquisition_014,ROI_0002,0,keep,0.57532549985546
Archive_002,Acquisition_014,ROI_0003,0,keep,0.05679955154911548
Archive_002,Acquisition_014,ROI_0004,0,keep,0.051153321010733215
Archive_002,Acquisition_014,ROI_0005,0,keep,0.13298728267208543
Archive_002,Acquisition_014,ROI_0006,0,keep,0.08146069098010628
Archive_002,Acquisition_014,ROI_0007,0,keep,0.033111040951188296
Archive_002,Acquisition_014,ROI_0008,0,keep,0.035600330276194976
Archive_002,Acquisition_014,ROI_0009,0,keep,0.25767894706377337
Archive_002,Acquisition_014,ROI_0010,0,keep,0.03442012737852083
Archive_002,Acquisition_014,ROI_0011,0,keep,0.036955820709097996
Archive_002,Acquisition_014,ROI_0012,0,keep,0.035954427725844056
Archive_002,Acquisition_014,ROI_0013,0,keep,0.03884995174330824
Archive_002,Acquisition_014,ROI_0014,1,discard,1.0
Archive_002,Acquisition_014,ROI_0015,0,keep,0.02676555247652743
Archive_002,Acquisition_014,ROI_0016,0,keep,0.02216088709530821
Archive_002,Acquisition_014,ROI_0017,0,keep,0.016766949193603883
Archive_002,Acquisition_014,ROI_0018,0,keep,0.01660481767209507
Archive_002,Acquisition_014,ROI_0019,0,keep,0.023182855770635818
Archive_002,Acquisition_014,ROI_0020,0,keep,0.061460983880289866
Archive_002,Acquisition_014,ROI_0021,0,keep,0.030355249538465454
Archive_002,Acquisition_014,ROI_0022,0,keep,0.01964237721002304
Archive_002,Acquisition_014,ROI_0023,0,keep,0.493093280174199
Archive_002,Acquisition_014,ROI_0024,0,keep,0.04614167927763143
Archive_002,Acquisition_014,ROI_0025,0,keep,0.021446848256102092
Archive_002,Acquisition_014,ROI_0026,0,keep,0.02017932905387744
Archive_002,Acquisition_014,ROI_0027,0,keep,0.021501245938142618
Archive_002,Acquisition_014,ROI_0028,0,keep,0.02320571645262804
Archive_002,Acquisition_014,ROI_0029,0,keep,0.02138515660393946
Archive_002,Acquisition_014,ROI_0030,1,discard,0.98560879359803
Archive_002,Acquisition_014,ROI_0031,0,keep,0.01280844058417971
Archive_002,Acquisition_014,ROI_0032,1,discard,0.9998364468170414
Archive_002,Acquisition_014,ROI_0033,0,keep,0.04036235089305719
Archive_002,Acquisition_014,ROI_0034,0,keep,0.039298896298704186
Archive_002,Acquisition_014,ROI_0035,0,keep,0.3147779083101144
Archive_002,Acquisition_014,ROI_0036,0,keep,0.03800335270346366
Archive_002,Acquisition_014,ROI_0037,0,keep,0.01431423751181886
Archive_002,Acquisition_014,ROI_0038,0,keep,0.05243489541282335
Archive_002,Acquisition_014,ROI_0039,0,keep,0.021915748196815715
Archive_002,Acquisition_014,ROI_0040,1,discard,0.9999997537945502
Archive_002,Acquisition_014,ROI_0041,1,discard,0.9999999999998426
Archive_002,Acquisition_014,ROI_0042,0,keep,0.033684270387718505
Archive_002,Acquisition_014,ROI_0043,0,keep,0.014047348530992678
Archive_002,Acquisition_014,ROI_0044,1,discard,0.9896925481999745
Archive_002,Acquisition_014,ROI_0045,0,keep,0.032065742520977325
Archive_002,Acquisition_014,ROI_0046,0,keep,0.012433781369782383
Archive_002,Acquisition_014,ROI_0047,0,keep,0.020199722035755416
Archive_002,Acquisition_014,ROI_0048,0,keep,0.4400759425624589
Archive_002,Acquisition_014,ROI_0049,1,discard,0.9963102413954324
Archive_002,Acquisition_014,ROI_0050,0,keep,0.03407687353960118
Archive_002,Acquisition_014,ROI_0051,0,keep,0.030578418627115408
Archive_002,Acquisition_014,ROI_0052,0,keep,0.1229733023982373
Archive_002,Acquisition_014,ROI_0053,0,keep,0.06224616399885166
Archive_002,Acquisition_014,ROI_0054,0,keep,0.021549438601411
Archive_002,Acquisition_014,ROI_0055,0,keep,0.11025742649179969
Archive_002,Acquisition_014,ROI_0056,0,keep,0.025145388256916847
Archive_002,Acquisition_014,ROI_0057,0,keep,0.04323428190001924
Archive_002,Acquisition_014,ROI_0058,0,keep,0.04457881104040865
Archive_002,Acquisition_014,ROI_0059,0,keep,0.29374559968458824
Archive_002,Acquisition_014,ROI_0060,1,discard,0.6180461927022871
Archive_002,Acquisition_014,ROI_0061,0,keep,0.1314100284905667
Archive_002,Acquisition_014,ROI_0062,0,keep,0.01786729278414657
Archive_002,Acquisition_014,ROI_0063,0,keep,0.04462700994612647
Archive_002,Acquisition_014,ROI_0064,1,discard,0.9999999498729465
Archive_002,Acquisition_014,ROI_0065,0,keep,0.0781104918543775
Archive_002,Acquisition_014,ROI_0066,0,keep,0.03760553203248192
Archive_002,Acquisition_014,ROI_0067,0,keep,0.03401125762685938
Archive_002,Acquisition_014,ROI_0068,0,keep,0.025558708724944763
Archive_002,Acquisition_014,ROI_0069,1,discard,0.9997673126584772
Archive_002,Acquisition_014,ROI_0070,1,discard,0.9566351378443312
Archive_002,Acquisition_014,ROI_0071,0,keep,0.015100287787554248
Archive_002,Acquisition_014,ROI_0072,0,keep,0.03831025594367897
Archive_002,Acquisition_014,ROI_0073,0,keep,0.03055497208396865
Archive_002,Acquisition_014,ROI_0074,0,keep,0.06731523153124064
Archive_002,Acquisition_014,ROI_0075,0,keep,0.032650661398164575
Archive_002,Acquisition_014,ROI_0076,0,keep,0.10159506901714256
Archive_002,Acquisition_014,ROI_0077,0,keep,0.031177834023989263
Archive_002,Acquisition_014,ROI_0078,0,keep,0.01704525994600761
Archive_002,Acquisition_014,ROI_0079,1,discard,1.0
Archive_002,Acquisition_014,ROI_0080,0,keep,0.049812697899046424
Archive_002,Acquisition_014,ROI_0081,0,keep,0.07583901432543629
Archive_002,Acquisition_014,ROI_0082,0,keep,0.034633931683144124
Archive_002,Acquisition_014,ROI_0083,1,discard,0.9999581811944568
Archive_002,Acquisition_014,ROI_0084,0,keep,0.05805817403183626
Archive_002,Acquisition_014,ROI_0085,0,keep,0.06508943425139088
Archive_002,Acquisition_014,ROI_0086,0,keep,0.08169681268862666
Archive_002,Acquisition_014,ROI_0087,0,keep,0.04670075674540581
Archive_002,Acquisition_014,ROI_0088,0,keep,0.06772734115175574
Archive_002,Acquisition_014,ROI_0089,0,keep,0.23045846606381595
Archive_002,Acquisition_014,ROI_0090,1,discard,0.9999928934895218
Archive_002,Acquisition_014,ROI_0091,0,keep,0.026086717878465285
Archive_002,Acquisition_014,ROI_0092,1,discard,0.9999999999988534
Archive_002,Acquisition_014,ROI_0093,0,keep,0.10420384292870198
Archive_002,Acquisition_014,ROI_0094,0,keep,0.14328723161601956
Archive_002,Acquisition_014,ROI_0095,0,keep,0.017893175889916887
Archive_002,Acquisition_014,ROI_0096,0,keep,0.07479523595746218
Archive_002,Acquisition_014,ROI_0097,1,discard,0.9136914625215983
Archive_002,Acquisition_014,ROI_0098,0,keep,0.0844006817642522
Archive_002,Acquisition_014,ROI_0099,0,keep,0.08511196927398233
Archive_002,Acquisition_014,ROI_0100,0,keep,0.04630360493844429
Archive_002,Acquisition_014,ROI_0101,0,keep,0.07871776778445344
Archive_002,Acquisition_014,ROI_0102,0,keep,0.10363305355069721
Archive_002,Acquisition_014,ROI_0103,0,keep,0.09821017010347617
Archive_002,Acquisition_014,ROI_0104,0,keep,0.047566717005915464
Archive_002,Acquisition_014,ROI_0105,1,discard,0.33415517876861117
Archive_002,Acquisition_014,ROI_0106,0,keep,0.050079468250919815
Archive_002,Acquisition_014,ROI_0107,0,keep,0.02609761072901853
Archive_002,Acquisition_014,ROI_0108,0,keep,0.18320705813798763
Archive_002,Acquisition_014,ROI_0109,0,keep,0.07851278013292312
Archive_002,Acquisition_014,ROI_0110,0,keep,0.08720795675769807
Archive_002,Acquisition_014,ROI_0111,0,keep,0.04786745234666127
Archive_002,Acquisition_014,ROI_0112,0,keep,0.5737155694379239
Archive_002,Acquisition_014,ROI_0113,0,keep,0.08837480186108834
Archive_002,Acquisition_014,ROI_0114,0,keep,0.09414253781429818
Archive_002,Acquisition_014,ROI_0115,0,keep,0.053089227850556114
Archive_002,Acquisition_014,ROI_0116,0,keep,0.018728401169231124
Archive_002,Acquisition_014,ROI_0117,0,keep,0.04940496168535426
Archive_002,Acquisition_014,ROI_0118,0,keep,0.0653050310858297
Archive_002,Acquisition_014,ROI_0119,0,keep,0.09316182097085177
Archive_002,Acquisition_014,ROI_0120,0,keep,0.026629273639300968
Archive_002,Acquisition_014,ROI_0121,0,keep,0.03336694891363197
Archive_002,Acquisition_014,ROI_0122,0,keep,0.08466883748664795
Archive_002,Acquisition_014,ROI_0123,0,keep,0.08755319089344603
Archive_002,Acquisition_014,ROI_0124,0,keep,0.09885267712615138
Archive_002,Acquisition_014,ROI_0125,0,keep,0.044672288872284
Archive_002,Acquisition_014,ROI_0126,0,keep,0.38801168071671216
Archive_002,Acquisition_014,ROI_0127,0,keep,0.06932074351055466
Archive_002,Acquisition_014,ROI_0128,0,keep,0.03621637472975589
Archive_002,Acquisition_014,ROI_0129,0,keep,0.05545218820421325
Archive_002,Acquisition_014,ROI_0130,0,keep,0.13655108325854354
Archive_002,Acquisition_014,ROI_0131,0,keep,0.0791823605175057
Archive_002,Acquisition_014,ROI_0132,0,keep,0.06978190868487587
Archive_002,Acquisition_014,ROI_0133,0,keep,0.06279856680278194
Archive_002,Acquisition_014,ROI_0134,0,keep,0.15702444857599943
Archive_002,Acquisition_014,ROI_0135,0,keep,0.10568001699137103
Archive_002,Acquisition_014,ROI_0136,0,keep,0.11838914676666967
Archive_002,Acquisition_014,ROI_0137,0,keep,0.10076068574795013
Archive_002,Acquisition_014,ROI_0138,0,keep,0.07699155706168832
Archive_002,Acquisition_014,ROI_0139,0,keep,0.042798992553745634
Archive_002,Acquisition_014,ROI_0140,0,keep,0.14544469077480437
Archive_002,Acquisition_014,ROI_0141,0,keep,0.06451802268140351
Archive_002,Acquisition_014,ROI_0142,0,keep,0.24056989015353378
Archive_002,Acquisition_014,ROI_0143,0,keep,0.03603998328884623
Archive_002,Acquisition_014,ROI_0144,0,keep,0.031154390532245273
Archive_002,Acquisition_014,ROI_0145,0,keep,0.1240916279963389
Archive_002,Acquisition_014,ROI_0146,0,keep,0.09136975092080633
Archive_002,Acquisition_014,ROI_0147,0,keep,0.042333376400812424
Archive_002,Acquisition_014,ROI_0148,1,discard,0.07270301907290541
Archive_002,Acquisition_014,ROI_0149,0,keep,0.04889046772890069
Archive_002,Acquisition_014,ROI_0150,0,keep,0.11350527312016606
Archive_002,Acquisition_014,ROI_0151,0,keep,0.09398528385153403
Archive_002,Acquisition_014,ROI_0152,0,keep,0.12323657402675545
Archive_002,Acquisition_014,ROI_0153,0,keep,0.1487641021738932
Archive_002,Acquisition_014,ROI_0154,0,keep,0.03579298550647779
Archive_002,Acquisition_014,ROI_0155,0,keep,0.2774477698898037
Archive_002,Acquisition_014,ROI_0156,0,keep,0.08337733548793216
Archive_002,Acquisition_014,ROI_0157,0,keep,0.1017068911774613
Archive_002,Acquisition_014,ROI_0158,0,keep,0.08241366782293466
Archive_002,Acquisition_014,ROI_0159,0,keep,0.13741593365814206
Archive_002,Acquisition_014,ROI_0160,0,keep,0.02641724314002785
Archive_002,Acquisition_014,ROI_0161,0,keep,0.16627044408161962
Archive_002,Acquisition_014,ROI_0162,0,keep,0.10358687038243335
Archive_002,Acquisition_014,ROI_0163,0,keep,0.16896074183465362
Archive_002,Acquisition_014,ROI_0164,0,keep,0.20561083947285458
Archive_002,Acquisition_014,ROI_0165,0,keep,0.1168058710269808
Archive_002,Acquisition_014,ROI_0166,0,keep,0.12301297009396045
Archive_002,Acquisition_014,ROI_0167,0,keep,0.06311094577398442
Archive_002,Acquisition_014,ROI_0168,0,keep,0.10465912420830335
Archive_002,Acquisition_014,ROI_0169,0,keep,0.06891389924283373
Archive_002,Acquisition_014,ROI_0170,0,keep,0.03879222668951258
Archive_002,Acquisition_014,ROI_0171,0,keep,0.14763228365730338
Archive_002,Acquisition_014,ROI_0172,0,keep,0.31739312129879804
Archive_002,Acquisition_014,ROI_0173,0,keep,0.05976175232978574
Archive_002,Acquisition_014,ROI_0174,1,discard,0.9999999980295982
Archive_002,Acquisition_014,ROI_0175,0,keep,0.058288264832503524
Archive_002,Acquisition_014,ROI_0176,0,keep,0.053347944113727674
Archive_002,Acquisition_014,ROI_0177,1,discard,0.9993097763076829
Archive_002,Acquisition_014,ROI_0178,0,keep,0.1344762545311459
Archive_002,Acquisition_014,ROI_0179,0,keep,0.05645057005742602
Archive_002,Acquisition_014,ROI_0180,0,keep,0.08820079620235786
Archive_002,Acquisition_014,ROI_0181,0,keep,0.10686724248198771
Archive_002,Acquisition_014,ROI_0182,0,keep,0.2958010997074657
Archive_002,Acquisition_014,ROI_0183,0,keep,0.83513752927007
Archive_002,Acquisition_014,ROI_0184,0,keep,0.1270656761920548
Archive_002,Acquisition_014,ROI_0185,0,keep,0.10261924743840636
Archive_002,Acquisition_014,ROI_0186,0,keep,0.8185271336883032
Archive_002,Acquisition_014,ROI_0187,1,discard,0.9999999999999996
Archive_002,Acquisition_014,ROI_0188,0,keep,0.08897901136917587
Archive_002,Acquisition_014,ROI_0189,0,keep,0.1416922717564649
Archive_002,Acquisition_015,ROI_0001,1,discard,0.9999904330140763
Archive_002,Acquisition_015,ROI_0002,0,keep,0.9766897961531381
Archive_002,Acquisition_015,ROI_0003,0,keep,0.990871362669068
Archive_002,Acquisition_015,ROI_0004,0,keep,0.9477172061610826
Archive_002,Acquisition_015,ROI_0005,0,keep,0.035596221326063125
Archive_002,Acquisition_015,ROI_0006,0,keep,0.082247355822141
Archive_002,Acquisition_015,ROI_0007,0,keep,0.03255371785594986
Archive_002,Acquisition_015,ROI_0008,0,keep,0.2674830404269106
Archive_002,Acquisition_015,ROI_0009,0,keep,0.0477639303286521
Archive_002,Acquisition_015,ROI_0010,0,keep,0.07643081927542981
Archive_002,Acquisition_015,ROI_0011,0,keep,0.015744735929650804
Archive_002,Acquisition_015,ROI_0012,0,keep,0.08240359985615707
Archive_002,Acquisition_015,ROI_0013,1,discard,0.9999304811615088
Archive_002,Acquisition_015,ROI_0014,0,keep,0.018078817362571675
Archive_002,Acquisition_015,ROI_0015,0,keep,0.011889468073372425
Archive_002,Acquisition_015,ROI_0016,0,keep,0.06684502976066248
Archive_002,Acquisition_015,ROI_0017,0,keep,0.44613699906709
Archive_002,Acquisition_015,ROI_0018,0,keep,0.030639222100896008
Archive_002,Acquisition_015,ROI_0019,0,keep,0.0719457956096881
Archive_002,Acquisition_015,ROI_0020,0,keep,0.04729778355097479
Archive_002,Acquisition_015,ROI_0021,0,keep,0.07725464110417518
Archive_002,Acquisition_015,ROI_0022,0,keep,0.036974883684290194
Archive_002,Acquisition_015,ROI_0023,0,keep,0.03513641308747002
Archive_002,Acquisition_015,ROI_0024,0,keep,0.1476658563391033
Archive_002,Acquisition_015,ROI_0025,0,keep,0.0331126034595555
Archive_002,Acquisition_015,ROI_0026,0,keep,0.01593542635042189
Archive_002,Acquisition_015,ROI_0027,1,discard,0.23550909421671812
Archive_002,Acquisition_015,ROI_0028,1,discard,0.1410117834050218
Archive_002,Acquisition_015,ROI_0029,0,keep,0.16630845302295608
Archive_002,Acquisition_015,ROI_0030,0,keep,0.019494686722191606
Archive_002,Acquisition_015,ROI_0031,0,keep,0.0342664036743545
Archive_002,Acquisition_015,ROI_0032,0,keep,0.4254440052741673
Archive_002,Acquisition_015,ROI_0033,0,keep,0.021811818626787976
Archive_002,Acquisition_015,ROI_0034,0,keep,0.017170532916599746
Archive_002,Acquisition_015,ROI_0035,0,keep,0.023321546106605747
Archive_002,Acquisition_015,ROI_0036,1,discard,0.9939943699140377
Archive_002,Acquisition_015,ROI_0037,0,keep,0.027435801070841374
Archive_002,Acquisition_015,ROI_0038,0,keep,0.013382247875576951
Archive_002,Acquisition_015,ROI_0039,0,keep,0.03477850884871602
Archive_002,Acquisition_015,ROI_0040,0,keep,0.018089864332620494
Archive_002,Acquisition_015,ROI_0041,0,keep,0.038674545622245926
Archive_002,Acquisition_015,ROI_0042,0,keep,0.019284356272994935
Archive_002,Acquisition_015,ROI_0043,0,keep,0.015810928699190943
Archive_002,Acquisition_015,ROI_0044,0,keep,0.14999490907453134
Archive_002,Acquisition_015,ROI_0045,1,discard,1.0
Archive_002,Acquisition_015,ROI_0046,1,discard,0.07000483202961645
Archive_002,Acquisition_015,ROI_0047,1,discard,0.9209507457242686
Archive_002,Acquisition_015,ROI_0048,0,keep,0.013883528771108046
Archive_002,Acquisition_015,ROI_0049,0,keep,0.012545632633759126
Archive_002,Acquisition_015,ROI_0050,0,keep,0.06973242800913107
Archive_002,Acquisition_015,ROI_0051,0,keep,0.0133636876318139
Archive_002,Acquisition_015,ROI_0052,1,discard,0.9999971441894939
Archive_002,Acquisition_015,ROI_0053,0,keep,0.20049768012406288
Archive_002,Acquisition_015,ROI_0054,0,keep,0.019792662650512237
Archive_002,Acquisition_015,ROI_0055,0,keep,0.027626075389201307
Archive_002,Acquisition_015,ROI_0056,0,keep,0.018299705636647314
Archive_002,Acquisition_015,ROI_0057,0,keep,0.019181130788842506
Archive_002,Acquisition_015,ROI_0058,0,keep,0.10975084538082328
Archive_002,Acquisition_015,ROI_0059,0,keep,0.07861635421112924
Archive_002,Acquisition_015,ROI_0060,1,discard,0.9741605133710189
Archive_002,Acquisition_015,ROI_0061,0,keep,0.9995548868701302
Archive_002,Acquisition_015,ROI_0062,0,keep,0.02296752960612206
Archive_002,Acquisition_015,ROI_0063,0,keep,0.4574983440300418
Archive_002,Acquisition_015,ROI_0064,0,keep,0.02558506900020005
Archive_002,Acquisition_015,ROI_0065,0,keep,0.01439850302693884
Archive_002,Acquisition_015,ROI_0066,1,discard,0.973024165946818
Archive_002,Acquisition_015,ROI_0067,0,keep,0.02970815141642486
Archive_002,Acquisition_015,ROI_0068,0,keep,0.02795575133233978
Archive_002,Acquisition_015,ROI_0069,0,keep,0.12411988417323946
Archive_002,Acquisition_015,ROI_0070,0,keep,0.028624877939799107
Archive_002,Acquisition_015,ROI_0071,0,keep,0.06026754514919462
Archive_002,Acquisition_015,ROI_0072,1,discard,0.9791448650107772
Archive_002,Acquisition_015,ROI_0073,0,keep,0.06526252668787533
Archive_002,Acquisition_015,ROI_0074,0,keep,0.01363041346718059
Archive_002,Acquisition_015,ROI_0075,0,keep,0.03503572735598876
Archive_002,Acquisition_015,ROI_0076,0,keep,0.10801649908776811
Archive_002,Acquisition_015,ROI_0077,0,keep,0.04259206898278289
Archive_002,Acquisition_015,ROI_0078,0,keep,0.018322468738984802
Archive_002,Acquisition_015,ROI_0079,0,keep,0.037681328131744865
Archive_002,Acquisition_015,ROI_0080,0,keep,0.042178571365506325
Archive_002,Acquisition_015,ROI_0081,0,keep,0.05418272581212846
Archive_002,Acquisition_015,ROI_0082,0,keep,0.007963502666235822
Archive_002,Acquisition_015,ROI_0083,0,keep,0.08860935137713753
Archive_002,Acquisition_015,ROI_0084,0,keep,0.032276250602416665
Archive_002,Acquisition_015,ROI_0085,0,keep,0.03891223015717604
Archive_002,Acquisition_015,ROI_0086,0,keep,0.01685650587867701
Archive_002,Acquisition_015,ROI_0087,0,keep,0.9573999906093889
Archive_002,Acquisition_015,ROI_0088,0,keep,0.6148885719978481
Archive_002,Acquisition_015,ROI_0089,0,keep,0.038439257819660566
Archive_002,Acquisition_015,ROI_0090,0,keep,0.02332895349512495
Archive_002,Acquisition_015,ROI_0091,0,keep,0.06735102160123904
Archive_002,Acquisition_015,ROI_0092,0,keep,0.9999610104098332
Archive_002,Acquisition_015,ROI_0093,0,keep,0.12577026789359444
Archive_002,Acquisition_015,ROI_0094,0,keep,0.052016339172464184
Archive_002,Acquisition_015,ROI_0095,0,keep,0.0313221137494784
Archive_002,Acquisition_015,ROI_0096,0,keep,0.043323415683663276
Archive_002,Acquisition_015,ROI_0097,0,keep,0.03758137057897639
Archive_002,Acquisition_015,ROI_0098,0,keep,0.043634151245309366
Archive_002,Acquisition_015,ROI_0099,0,keep,0.05531841106058137
Archive_002,Acquisition_015,ROI_0100,0,keep,0.040032072692731
Archive_002,Acquisition_015,ROI_0101,0,keep,0.053829930790354016
Archive_002,Acquisition_015,ROI_0102,0,keep,0.06729024099948502
Archive_002,Acquisition_015,ROI_0103,1,discard,0.8929354337564237
Archive_002,Acquisition_015,ROI_0104,0,keep,0.016213902168026643
Archive_002,Acquisition_015,ROI_0105,0,keep,0.03717911942762772
Archive_002,Acquisition_015,ROI_0106,0,keep,0.03058632983963168
Archive_002,Acquisition_015,ROI_0107,0,keep,0.018846038542865592
Archive_002,Acquisition_015,ROI_0108,0,keep,0.1676790399076283
Archive_002,Acquisition_015,ROI_0109,0,keep,0.01674262917906649
Archive_002,Acquisition_015,ROI_0110,0,keep,0.01439682543942682
Archive_002,Acquisition_015,ROI_0111,0,keep,0.04726931191217228
Archive_002,Acquisition_015,ROI_0112,0,keep,0.1267892637668934
Archive_002,Acquisition_015,ROI_0113,0,keep,0.056377602393598306
Archive_002,Acquisition_015,ROI_0114,1,discard,0.8985174417127361
Archive_002,Acquisition_015,ROI_0115,0,keep,0.06622469766183302
Archive_002,Acquisition_015,ROI_0116,0,keep,0.10375792607172696
Archive_002,Acquisition_015,ROI_0117,0,keep,0.031011855175260682
Archive_002,Acquisition_015,ROI_0118,0,keep,0.17506633260581453
Archive_002,Acquisition_015,ROI_0119,0,keep,0.22572780314123128
Archive_002,Acquisition_015,ROI_0120,0,keep,0.10370582712682501
Archive_002,Acquisition_015,ROI_0121,0,keep,0.0567116582739047
Archive_002,Acquisition_015,ROI_0122,1,discard,1.0
Archive_002,Acquisition_015,ROI_0123,1,discard,0.9999999841900955
Archive_002,Acquisition_015,ROI_0124,0,keep,0.04151565236956872
Archive_002,Acquisition_015,ROI_0125,1,discard,1.0
Archive_002,Acquisition_015,ROI_0126,0,keep,0.030631926446950425
Archive_002,Acquisition_015,ROI_0127,0,keep,0.030774175305597323
Archive_002,Acquisition_015,ROI_0128,0,keep,0.0754721986843429
Archive_002,Acquisition_015,ROI_0129,0,keep,0.09101810153084303
Archive_002,Acquisition_015,ROI_0130,0,keep,0.06678317168189438
Archive_002,Acquisition_015,ROI_0131,0,keep,0.32866509453024156
Archive_002,Acquisition_015,ROI_0132,0,keep,0.10617546038667836
Archive_002,Acquisition_015,ROI_0133,0,keep,0.10442629815471274
Archive_002,Acquisition_015,ROI_0134,0,keep,0.046713490751598065
Archive_002,Acquisition_015,ROI_0135,0,keep,0.09008215069529917
Archive_002,Acquisition_015,ROI_0136,0,keep,0.05057236173524187
Archive_002,Acquisition_015,ROI_0137,0,keep,0.11545966733267117
Archive_002,Acquisition_015,ROI_0138,0,keep,0.06894774978608337
Archive_002,Acquisition_015,ROI_0139,0,keep,0.21940148999511064
Archive_002,Acquisition_015,ROI_0140,0,keep,0.07026033659487649
Archive_002,Acquisition_015,ROI_0141,0,keep,0.08770958841831644
Archive_002,Acquisition_015,ROI_0142,0,keep,0.06968814150645586
Archive_002,Acquisition_015,ROI_0143,0,keep,0.06493386904384764
Archive_002,Acquisition_015,ROI_0144,0,keep,0.1625075167250961
Archive_002,Acquisition_015,ROI_0145,0,keep,0.06959170589252586
Archive_002,Acquisition_015,ROI_0146,0,keep,0.2251235231209374
Archive_002,Acquisition_015,ROI_0147,0,keep,0.28967861153341484
Archive_002,Acquisition_015,ROI_0148,0,keep,0.24008496058857506
Archive_002,Acquisition_015,ROI_0149,0,keep,0.26154684553941415
Archive_002,Acquisition_015,ROI_0150,0,keep,0.10768123265049666
Archive_002,Acquisition_015,ROI_0151,0,keep,0.07091495314647538
Archive_002,Acquisition_015,ROI_0152,0,keep,0.12391148525470026
Archive_002,Acquisition_015,ROI_0153,0,keep,0.07158583710596388
Archive_002,Acquisition_015,ROI_0154,0,keep,0.05973185549567577
Archive_002,Acquisition_015,ROI_0155,0,keep,0.08898079585406632
Archive_002,Acquisition_015,ROI_0156,0,keep,0.12758692456351925
Archive_002,Acquisition_015,ROI_0157,0,keep,0.03833888328966853
Archive_002,Acquisition_015,ROI_0158,0,keep,0.04623248222370094
Archive_002,Acquisition_015,ROI_0159,0,keep,0.04952263639487383
Archive_002,Acquisition_015,ROI_0160,0,keep,0.07810869362144537
Archive_002,Acquisition_015,ROI_0161,1,discard,1.0
Archive_002,Acquisition_015,ROI_0162,0,keep,0.12583974182668434
Archive_002,Acquisition_015,ROI_0163,0,keep,0.09358057097162019
Archive_002,Acquisition_015,ROI_0164,0,keep,0.8671138644983492
Archive_002,Acquisition_015,ROI_0165,0,keep,0.017050132378700816
Archive_002,Acquisition_015,ROI_0166,0,keep,0.050821545962409904
Archive_002,Acquisition_015,ROI_0167,0,keep,0.14563157982508987
Archive_002,Acquisition_015,ROI_0168,0,keep,0.2007691301361846
Archive_002,Acquisition_015,ROI_0169,0,keep,0.06107604945636618
Archive_002,Acquisition_015,ROI_0170,1,discard,0.9135543900451581
Archive_002,Acquisition_015,ROI_0171,0,keep,0.14829121845514065
Archive_002,Acquisition_015,ROI_0172,0,keep,0.13114213908168879
Archive_002,Acquisition_015,ROI_0173,1,discard,0.9999999999883888
Archive_002,Acquisition_015,ROI_0174,1,discard,1.0
Archive_002,Acquisition_015,ROI_0175,0,keep,0.18352069404423793
Archive_002,Acquisition_015,ROI_0176,0,keep,0.05942182136700257
Archive_002,Acquisition_015,ROI_0177,0,keep,0.0489514995735534
Archive_002,Acquisition_015,ROI_0178,0,keep,0.096906895075471
Archive_002,Acquisition_015,ROI_0179,0,keep,0.07646991129808431
Archive_002,Acquisition_015,ROI_0180,1,discard,0.9999999912424947
Archive_002,Acquisition_015,ROI_0181,0,keep,0.039963495953078826
Archive_002,Acquisition_015,ROI_0182,0,keep,0.163348912225893
Archive_002,Acquisition_015,ROI_0183,0,keep,0.3178261540916185
Archive_002,Acquisition_015,ROI_0184,0,keep,0.10851615693627416
Archive_002,Acquisition_015,ROI_0185,1,discard,1.0
Archive_002,Acquisition_016,ROI_0001,0,keep,0.4955109888103234
Archive_002,Acquisition_016,ROI_0002,0,keep,0.20682967460700352
Archive_002,Acquisition_016,ROI_0003,0,keep,0.10228893246992335
Archive_002,Acquisition_016,ROI_0004,0,keep,0.09936096833258785
Archive_002,Acquisition_016,ROI_0005,0,keep,0.35833270485939234
Archive_002,Acquisition_016,ROI_0006,0,keep,0.04984235585041068
Archive_002,Acquisition_016,ROI_0007,0,keep,0.23951663117651184
Archive_002,Acquisition_016,ROI_0008,0,keep,0.034754235614987285
Archive_002,Acquisition_016,ROI_0009,0,keep,0.02967310846609506
Archive_002,Acquisition_016,ROI_0010,1,discard,0.9999996529892728
Archive_002,Acquisition_016,ROI_0011,1,discard,0.9999999999999991
Archive_002,Acquisition_016,ROI_0012,0,keep,0.01451712934650359
Archive_002,Acquisition_016,ROI_0013,0,keep,0.04119719931260006
Archive_002,Acquisition_016,ROI_0014,0,keep,0.028459046767677156
Archive_002,Acquisition_016,ROI_0015,0,keep,0.03206142057525234
Archive_002,Acquisition_016,ROI_0016,0,keep,0.019306607324746053
Archive_002,Acquisition_016,ROI_0017,0,keep,0.010444063379104269
Archive_002,Acquisition_016,ROI_0018,0,keep,0.04389204653086786
Archive_002,Acquisition_016,ROI_0019,1,discard,1.0
Archive_002,Acquisition_016,ROI_0020,0,keep,0.026933187220658506
Archive_002,Acquisition_016,ROI_0021,0,keep,0.03181813220147622
Archive_002,Acquisition_016,ROI_0022,0,keep,0.05122510084664479
Archive_002,Acquisition_016,ROI_0023,0,keep,0.02377443223897496
Archive_002,Acquisition_016,ROI_0024,1,discard,0.9755722926647634
Archive_002,Acquisition_016,ROI_0025,0,keep,0.01576288958748191
Archive_002,Acquisition_016,ROI_0026,0,keep,0.011729133895190553
Archive_002,Acquisition_016,ROI_0027,0,keep,0.01954972128729629
Archive_002,Acquisition_016,ROI_0028,0,keep,0.7902208243328166
Archive_002,Acquisition_016,ROI_0029,0,keep,0.01958814046863074
Archive_002,Acquisition_016,ROI_0030,1,discard,0.9932336696401621
Archive_002,Acquisition_016,ROI_0031,0,keep,0.015453040174144502
Archive_002,Acquisition_016,ROI_0032,1,discard,0.8077369326863107
Archive_002,Acquisition_016,ROI_0033,0,keep,0.023781907655890153
Archive_002,Acquisition_016,ROI_0034,0,keep,0.010021440411790098
Archive_002,Acquisition_016,ROI_0035,0,keep,0.019161540184818412
Archive_002,Acquisition_016,ROI_0036,0,keep,0.021950756407262198
Archive_002,Acquisition_016,ROI_0037,0,keep,0.10026188072857306
Archive_002,Acquisition_016,ROI_0038,0,keep,0.02808870976613935
Archive_002,Acquisition_016,ROI_0039,0,keep,0.018718983285001666
Archive_002,Acquisition_016,ROI_0040,0,keep,0.015064553281338986
Archive_002,Acquisition_016,ROI_0041,0,keep,0.4195497302593497
Archive_002,Acquisition_016,ROI_0042,1,discard,0.999659465528484
Archive_002,Acquisition_016,ROI_0043,0,keep,0.03236644127950042
Archive_002,Acquisition_016,ROI_0044,0,keep,0.02464637485796337
Archive_002,Acquisition_016,ROI_0045,0,keep,0.02401508283290038
Archive_002,Acquisition_016,ROI_0046,0,keep,0.013004312302260616
Archive_002,Acquisition_016,ROI_0047,0,keep,0.03853721527399119
Archive_002,Acquisition_016,ROI_0048,1,discard,0.14963612541714563
Archive_002,Acquisition_016,ROI_0049,0,keep,0.024588882336219007
Archive_002,Acquisition_016,ROI_0050,0,keep,0.035065868061861724
Archive_002,Acquisition_016,ROI_0051,0,keep,0.07362392279278518
Archive_002,Acquisition_016,ROI_0052,0,keep,0.05868214517543886
Archive_002,Acquisition_016,ROI_0053,0,keep,0.013513503701919843
Archive_002,Acquisition_016,ROI_0054,0,keep,0.05621384042686275
Archive_002,Acquisition_016,ROI_0055,0,keep,0.02870638400387632
Archive_002,Acquisition_016,ROI_0056,0,keep,0.027012046774236596
Archive_002,Acquisition_016,ROI_0057,0,keep,0.10050700795730722
Archive_002,Acquisition_016,ROI_0058,0,keep,0.016303073750010593
Archive_002,Acquisition_016,ROI_0059,0,keep,0.044158992041171255
Archive_002,Acquisition_016,ROI_0060,0,keep,0.01938099289253872
Archive_002,Acquisition_016,ROI_0061,0,keep,0.015291722371742433
Archive_002,Acquisition_016,ROI_0062,0,keep,0.1210724845446987
Archive_002,Acquisition_016,ROI_0063,1,discard,0.6165759740040685
Archive_002,Acquisition_016,ROI_0064,0,keep,0.03381489351756865
Archive_002,Acquisition_016,ROI_0065,0,keep,0.10572623953818668
Archive_002,Acquisition_016,ROI_0066,0,keep,0.032350063216461875
Archive_002,Acquisition_016,ROI_0067,0,keep,0.03002660428029438
Archive_002,Acquisition_016,ROI_0068,0,keep,0.020085226413024133
Archive_002,Acquisition_016,ROI_0069,0,keep,0.013093704717396895
Archive_002,Acquisition_016,ROI_0070,1,discard,0.6759730575173305
Archive_002,Acquisition_016,ROI_0071,0,keep,0.26647570624867123
Archive_002,Acquisition_016,ROI_0072,0,keep,0.02922633038422288
Archive_002,Acquisition_016,ROI_0073,0,keep,0.26263380546633897
Archive_002,Acquisition_016,ROI_0074,0,keep,0.006049808516290627
Archive_002,Acquisition_016,ROI_0075,0,keep,0.023591676818319165
Archive_002,Acquisition_016,ROI_0076,0,keep,0.04818406371707364
Archive_002,Acquisition_016,ROI_0077,0,keep,0.025748860558947647
Archive_002,Acquisition_016,ROI_0078,0,keep,0.029016000612149102
Archive_002,Acquisition_016,ROI_0079,0,keep,0.02879384859399958
Archive_002,Acquisition_016,ROI_0080,1,discard,0.9998940713905
Archive_002,Acquisition_016,ROI_0081,0,keep,0.029308206939278485
Archive_002,Acquisition_016,ROI_0082,0,keep,0.014008932267641144
Archive_002,Acquisition_016,ROI_0083,0,keep,0.024087614049347235
Archive_002,Acquisition_016,ROI_0084,0,keep,0.01991854680184847
Archive_002,Acquisition_016,ROI_0085,0,keep,0.04232496367177157
Archive_002,Acquisition_016,ROI_0086,0,keep,0.042889476316646725
Archive_002,Acquisition_016,ROI_0087,0,keep,0.5371386633159073
Archive_002,Acquisition_016,ROI_0088,0,keep,0.25564533400070316
Archive_002,Acquisition_016,ROI_0089,0,keep,0.2744475572942158
Archive_002,Acquisition_016,ROI_0090,0,keep,0.013641843678595417
Archive_002,Acquisition_016,ROI_0091,0,keep,0.05422553562564985
Archive_002,Acquisition_016,ROI_0092,0,keep,0.01961684858422758
Archive_002,Acquisition_016,ROI_0093,0,keep,0.0722515577615776
Archive_002,Acquisition_016,ROI_0094,1,discard,1.0
Archive_002,Acquisition_016,ROI_0095,0,keep,0.07409098206370456
Archive_002,Acquisition_016,ROI_0096,0,keep,0.08812998689101745
Archive_002,Acquisition_016,ROI_0097,0,keep,0.6607253033835776
Archive_002,Acquisition_016,ROI_0098,0,keep,0.0665838208642022
Archive_002,Acquisition_016,ROI_0099,0,keep,0.03640561661123683
Archive_002,Acquisition_016,ROI_0100,0,keep,0.0620238570484719
Archive_002,Acquisition_016,ROI_0101,0,keep,0.07108090021870225
Archive_002,Acquisition_016,ROI_0102,0,keep,0.06171942990451827
Archive_002,Acquisition_016,ROI_0103,1,discard,1.0
Archive_002,Acquisition_016,ROI_0104,0,keep,0.0600902223810581
Archive_002,Acquisition_016,ROI_0105,0,keep,0.05624415263765645
Archive_002,Acquisition_016,ROI_0106,0,keep,0.06957469621177047
Archive_002,Acquisition_016,ROI_0107,0,keep,0.048813198934801794
Archive_002,Acquisition_016,ROI_0108,0,keep,0.039468670737466766
Archive_002,Acquisition_016,ROI_0109,0,keep,0.05368452316857338
Archive_002,Acquisition_016,ROI_0110,0,keep,0.058275911857445066
Archive_002,Acquisition_016,ROI_0111,0,keep,0.053643297775392465
Archive_002,Acquisition_016,ROI_0112,0,keep,0.9930363857179405
Archive_002,Acquisition_016,ROI_0113,0,keep,0.047728297005855104
Archive_002,Acquisition_016,ROI_0114,0,keep,0.03367380313536515
Archive_002,Acquisition_016,ROI_0115,0,keep,0.1165992772124693
Archive_002,Acquisition_016,ROI_0116,0,keep,0.8451003617285722
Archive_002,Acquisition_016,ROI_0117,0,keep,0.034908393869633875
Archive_002,Acquisition_016,ROI_0118,0,keep,0.07276312279569741
Archive_002,Acquisition_016,ROI_0119,0,keep,0.5001339338959512
Archive_002,Acquisition_016,ROI_0120,0,keep,0.03333788042119209
Archive_002,Acquisition_016,ROI_0121,0,keep,0.18825438554397556
Archive_002,Acquisition_016,ROI_0122,0,keep,0.024967675897252135
Archive_002,Acquisition_016,ROI_0123,0,keep,0.04448511317375377
Archive_002,Acquisition_016,ROI_0124,0,keep,0.10394223479173674
Archive_002,Acquisition_016,ROI_0125,0,keep,0.014900707882334554
Archive_002,Acquisition_016,ROI_0126,0,keep,0.10410031432933965
Archive_002,Acquisition_016,ROI_0127,0,keep,0.07656083522326403
Archive_002,Acquisition_016,ROI_0128,0,keep,0.05732044833614337
Archive_002,Acquisition_016,ROI_0129,0,keep,0.1178115240000605
Archive_002,Acquisition_016,ROI_0130,0,keep,0.07821705027165574
Archive_002,Acquisition_016,ROI_0131,0,keep,0.13555554039895834
Archive_002,Acquisition_016,ROI_0132,0,keep,0.07746636625961924
Archive_002,Acquisition_016,ROI_0133,0,keep,0.1915848699963074
Archive_002,Acquisition_016,ROI_0134,0,keep,0.08461844226608689
Archive_002,Acquisition_016,ROI_0135,0,keep,0.15335855692242248
Archive_002,Acquisition_016,ROI_0136,0,keep,0.04604834705305928
Archive_002,Acquisition_016,ROI_0137,0,keep,0.11008631715608004
Archive_002,Acquisition_016,ROI_0138,0,keep,0.10943296536799704
Archive_002,Acquisition_016,ROI_0139,0,keep,0.10687035628193436
Archive_002,Acquisition_016,ROI_0140,0,keep,0.13173157825230536
Archive_002,Acquisition_016,ROI_0141,0,keep,0.21148160523442514
Archive_002,Acquisition_016,ROI_0142,1,discard,0.9999984446213896
Archive_002,Acquisition_016,ROI_0143,0,keep,0.06868855951311392
Archive_002,Acquisition_016,ROI_0144,0,keep,0.05184328920253959
Archive_002,Acquisition_016,ROI_0145,1,discard,1.0
Archive_002,Acquisition_016,ROI_0146,0,keep,0.0862292344097446
Archive_002,Acquisition_016,ROI_0147,0,keep,0.2780883134283825
Archive_002,Acquisition_016,ROI_0148,0,keep,0.22271338773496513
Archive_002,Acquisition_016,ROI_0149,0,keep,0.051253456108416855
Archive_002,Acquisition_016,ROI_0150,0,keep,0.1302508200423713
Archive_002,Acquisition_016,ROI_0151,0,keep,0.14826791822564397
Archive_002,Acquisition_016,ROI_0152,1,discard,0.9992659564574377
Archive_002,Acquisition_016,ROI_0153,0,keep,0.10140733752554494
Archive_002,Acquisition_016,ROI_0154,0,keep,0.06020511013087928
Archive_002,Acquisition_016,ROI_0155,0,keep,0.08382041896107978
Archive_002,Acquisition_016,ROI_0156,0,keep,0.05594703809532284
Archive_002,Acquisition_016,ROI_0157,0,keep,0.08124776795701344
Archive_002,Acquisition_016,ROI_0158,0,keep,0.08820489996839359
Archive_002,Acquisition_016,ROI_0159,0,keep,0.16994101255307664
Archive_002,Acquisition_016,ROI_0160,0,keep,0.17351616586636875
Archive_002,Acquisition_016,ROI_0161,0,keep,0.15420274464690012
Archive_002,Acquisition_016,ROI_0162,0,keep,0.22821240689547628
Archive_002,Acquisition_016,ROI_0163,0,keep,0.12636407559381507
Archive_002,Acquisition_016,ROI_0164,0,keep,0.09159996634385906
Archive_002,Acquisition_016,ROI_0165,0,keep,0.12220292429778946
Archive_002,Acquisition_016,ROI_0166,0,keep,0.0803437558739176
Archive_002,Acquisition_016,ROI_0167,0,keep,0.15603271225229157
Archive_002,Acquisition_016,ROI_0168,0,keep,0.2314311859962367
Archive_002,Acquisition_016,ROI_0169,0,keep,0.1406355793990278
Archive_002,Acquisition_016,ROI_0170,0,keep,0.0344689635339558
Archive_002,Acquisition_016,ROI_0171,0,keep,0.3808794266618967
Archive_002,Acquisition_016,ROI_0172,0,keep,0.08810831116164888
Archive_002,Acquisition_016,ROI_0173,0,keep,0.1116221260458113
Archive_002,Acquisition_016,ROI_0174,0,keep,0.11483707110043462
Archive_002,Acquisition_016,ROI_0175,0,keep,0.06263770415485816
Archive_002,Acquisition_016,ROI_0176,0,keep,0.2835267332106438
Archive_002,Acquisition_016,ROI_0177,0,keep,0.11578011693916856
Archive_002,Acquisition_016,ROI_0178,0,keep,0.262042128235266
Archive_002,Acquisition_016,ROI_0179,1,discard,0.9999944795872373
Archive_002,Acquisition_016,ROI_0180,0,keep,0.05367917157106837
Archive_002,Acquisition_016,ROI_0181,1,discard,1.0
Archive_002,Acquisition_016,ROI_0182,0,keep,0.05523809890957425
Archive_002,Acquisition_016,ROI_0183,0,keep,0.3318521801623117
Archive_002,Acquisition_016,ROI_0184,0,keep,0.030744495567420274
Archive_002,Acquisition_017,ROI_0001,0,keep,0.9997056627146195
Archive_002,Acquisition_017,ROI_0002,1,discard,0.9999532135083349
Archive_002,Acquisition_017,ROI_0003,0,keep,0.15093863291524762
Archive_002,Acquisition_017,ROI_0004,0,keep,0.9890025624925889
Archive_002,Acquisition_017,ROI_0005,1,discard,0.9998165501734669
Archive_002,Acquisition_017,ROI_0006,1,discard,0.9999977110410474
Archive_002,Acquisition_017,ROI_0007,0,keep,0.02833838285395111
Archive_002,Acquisition_017,ROI_0008,0,keep,0.03193964323297669
Archive_002,Acquisition_017,ROI_0009,1,discard,0.9999988792322501
Archive_002,Acquisition_017,ROI_0010,0,keep,0.04939780212715648
Archive_002,Acquisition_017,ROI_0011,0,keep,0.05254444785233213
Archive_002,Acquisition_017,ROI_0012,0,keep,0.035158617292409704
Archive_002,Acquisition_017,ROI_0013,0,keep,0.014581692683228193
Archive_002,Acquisition_017,ROI_0014,0,keep,0.031532874988323745
Archive_002,Acquisition_017,ROI_0015,0,keep,0.08785916917028784
Archive_002,Acquisition_017,ROI_0016,0,keep,0.014066202869544263
Archive_002,Acquisition_017,ROI_0017,0,keep,0.015403704087678898
Archive_002,Acquisition_017,ROI_0018,0,keep,0.07421656029035124
Archive_002,Acquisition_017,ROI_0019,0,keep,0.04099409146684624
Archive_002,Acquisition_017,ROI_0020,0,keep,0.0528215306391968
Archive_002,Acquisition_017,ROI_0021,0,keep,0.03325917600505136
Archive_002,Acquisition_017,ROI_0022,0,keep,0.039156869935302256
Archive_002,Acquisition_017,ROI_0023,0,keep,0.019464039197285333
Archive_002,Acquisition_017,ROI_0024,0,keep,0.032687210495025994
Archive_002,Acquisition_017,ROI_0025,0,keep,0.01871620294367166
Archive_002,Acquisition_017,ROI_0026,0,keep,0.04308779496869587
Archive_002,Acquisition_017,ROI_0027,0,keep,0.023830515161351547
Archive_002,Acquisition_017,ROI_0028,0,keep,0.0257935063746119
Archive_002,Acquisition_017,ROI_0029,0,keep,0.023548562704888667
Archive_002,Acquisition_017,ROI_0030,0,keep,0.013343175418987606
Archive_002,Acquisition_017,ROI_0031,0,keep,0.9590161052100503
Archive_002,Acquisition_017,ROI_0032,0,keep,0.03716727937131965
Archive_002,Acquisition_017,ROI_0033,0,keep,0.078813730995491
Archive_002,Acquisition_017,ROI_0034,0,keep,0.01737413701231736
Archive_002,Acquisition_017,ROI_0035,0,keep,0.02626306893836539
Archive_002,Acquisition_017,ROI_0036,0,keep,0.057531165663067624
Archive_002,Acquisition_017,ROI_0037,0,keep,0.020895671593211807
Archive_002,Acquisition_017,ROI_0038,0,keep,0.040262874745012014
Archive_002,Acquisition_017,ROI_0039,1,discard,1.0
Archive_002,Acquisition_017,ROI_0040,1,discard,0.19681016668843676
Archive_002,Acquisition_017,ROI_0041,0,keep,0.1384557165812627
Archive_002,Acquisition_017,ROI_0042,0,keep,0.09128108831141384
Archive_002,Acquisition_017,ROI_0043,0,keep,0.4136320790798966
Archive_002,Acquisition_017,ROI_0044,0,keep,0.01795135461965877
Archive_002,Acquisition_017,ROI_0045,0,keep,0.016540629324023372
Archive_002,Acquisition_017,ROI_0046,0,keep,0.07437314226310905
Archive_002,Acquisition_017,ROI_0047,0,keep,0.02956256121243739
Archive_002,Acquisition_017,ROI_0048,0,keep,0.05409354902424975
Archive_002,Acquisition_017,ROI_0049,0,keep,0.05000780112184848
Archive_002,Acquisition_017,ROI_0050,0,keep,0.021918224388979717
Archive_002,Acquisition_017,ROI_0051,1,discard,0.999999965440803
Archive_002,Acquisition_017,ROI_0052,0,keep,0.035456127726690656
Archive_002,Acquisition_017,ROI_0053,0,keep,0.029612831952100873
Archive_002,Acquisition_017,ROI_0054,0,keep,0.015969062795573086
Archive_002,Acquisition_017,ROI_0055,0,keep,0.036989521642148256
Archive_002,Acquisition_017,ROI_0056,0,keep,0.03447664833671389
Archive_002,Acquisition_017,ROI_0057,0,keep,0.01832436081803284
Archive_002,Acquisition_017,ROI_0058,0,keep,0.05570604705172911
Archive_002,Acquisition_017,ROI_0059,0,keep,0.9707339281791268
Archive_002,Acquisition_017,ROI_0060,0,keep,0.061928659024836394
Archive_002,Acquisition_017,ROI_0061,0,keep,0.06439377240785074
Archive_002,Acquisition_017,ROI_0062,0,keep,0.053564238753585534
Archive_002,Acquisition_017,ROI_0063,0,keep,0.0828357038572798
Archive_002,Acquisition_017,ROI_0064,0,keep,0.02187625107779398
Archive_002,Acquisition_017,ROI_0065,0,keep,0.09369923283274655
Archive_002,Acquisition_017,ROI_0066,0,keep,0.16343854891920265
Archive_002,Acquisition_017,ROI_0067,0,keep,0.0919529608577453
Archive_002,Acquisition_017,ROI_0068,0,keep,0.09071773242100269
Archive_002,Acquisition_017,ROI_0069,0,keep,0.01215400383517077
Archive_002,Acquisition_017,ROI_0070,0,keep,0.14222277871813718
Archive_002,Acquisition_017,ROI_0071,0,keep,0.01949319224375682
Archive_002,Acquisition_017,ROI_0072,0,keep,0.11698655025695541
Archive_002,Acquisition_017,ROI_0073,0,keep,0.05812685401815415
Archive_002,Acquisition_017,ROI_0074,0,keep,0.0653282311608899
Archive_002,Acquisition_017,ROI_0075,1,discard,0.9837443766627426
Archive_002,Acquisition_017,ROI_0076,1,discard,0.9999985419749085
Archive_002,Acquisition_017,ROI_0077,0,keep,0.07076723747224059
Archive_002,Acquisition_017,ROI_0078,0,keep,0.03465511933726425
Archive_002,Acquisition_017,ROI_0079,0,keep,0.02857573734853272
Archive_002,Acquisition_017,ROI_0080,1,discard,0.9991732166961728
Archive_002,Acquisition_017,ROI_0081,0,keep,0.06324494767541577
Archive_002,Acquisition_017,ROI_0082,0,keep,0.49045738470988987
Archive_002,Acquisition_017,ROI_0083,0,keep,0.13398044128464512
Archive_002,Acquisition_017,ROI_0084,0,keep,0.08030876008387128
Archive_002,Acquisition_017,ROI_0085,0,keep,0.05538156064830258
Archive_002,Acquisition_017,ROI_0086,0,keep,0.0429858814041018
Archive_002,Acquisition_017,ROI_0087,0,keep,0.02820263596588613
Archive_002,Acquisition_017,ROI_0088,0,keep,0.02536820457644444
Archive_002,Acquisition_017,ROI_0089,0,keep,0.020775349327604546
Archive_002,Acquisition_017,ROI_0090,0,keep,0.058350282772799564
Archive_002,Acquisition_017,ROI_0091,0,keep,0.017976582446970747
Archive_002,Acquisition_017,ROI_0092,1,discard,0.9976709539572713
Archive_002,Acquisition_017,ROI_0093,0,keep,0.017059140390944232
Archive_002,Acquisition_017,ROI_0094,0,keep,0.0508197158977217
Archive_002,Acquisition_017,ROI_0095,0,keep,0.1192232777258449
Archive_002,Acquisition_017,ROI_0096,0,keep,0.19529756741095392
Archive_002,Acquisition_017,ROI_0097,0,keep,0.21842822035711376
Archive_002,Acquisition_017,ROI_0098,0,keep,0.05663128942639184
Archive_002,Acquisition_017,ROI_0099,0,keep,0.08307720454213278
Archive_002,Acquisition_017,ROI_0100,0,keep,0.19423820318277546
Archive_002,Acquisition_017,ROI_0101,0,keep,0.13677838190364278
Archive_002,Acquisition_017,ROI_0102,0,keep,0.023651378252451484
Archive_002,Acquisition_017,ROI_0103,0,keep,0.024497077178632358
Archive_002,Acquisition_017,ROI_0104,0,keep,0.12030711058122977
Archive_002,Acquisition_017,ROI_0105,1,discard,0.7861974604171871
Archive_002,Acquisition_017,ROI_0106,0,keep,0.13828872571488826
Archive_002,Acquisition_017,ROI_0107,0,keep,0.10195855947121128
Archive_002,Acquisition_017,ROI_0108,0,keep,0.9568350091172078
Archive_002,Acquisition_017,ROI_0109,0,keep,0.4007613858117481
Archive_002,Acquisition_017,ROI_0110,0,keep,0.13286838830519765
Archive_002,Acquisition_017,ROI_0111,0,keep,0.4013968134346617
Archive_002,Acquisition_017,ROI_0112,0,keep,0.13906901524411805
Archive_002,Acquisition_017,ROI_0113,0,keep,0.1550006851373977
Archive_002,Acquisition_017,ROI_0114,0,keep,0.06241966271920946
Archive_002,Acquisition_017,ROI_0115,0,keep,0.12196655893051367
Archive_002,Acquisition_017,ROI_0116,0,keep,0.09890590458760158
Archive_002,Acquisition_017,ROI_0117,0,keep,0.04413346402563171
Archive_002,Acquisition_017,ROI_0118,0,keep,0.047624485368740796
Archive_002,Acquisition_017,ROI_0119,0,keep,0.23255095912817156
Archive_002,Acquisition_017,ROI_0120,0,keep,0.042036270594995914
Archive_002,Acquisition_017,ROI_0121,0,keep,0.06632397268147493
Archive_002,Acquisition_017,ROI_0122,0,keep,0.41266849507394837
Archive_002,Acquisition_017,ROI_0123,0,keep,0.05905835610336913
Archive_002,Acquisition_017,ROI_0124,0,keep,0.12712837747220865
Archive_002,Acquisition_017,ROI_0125,0,keep,0.13010380538648658
Archive_002,Acquisition_017,ROI_0126,0,keep,0.11008981851564446
Archive_002,Acquisition_017,ROI_0127,0,keep,0.27253826713856
Archive_002,Acquisition_017,ROI_0128,0,keep,0.07800559724104904
Archive_002,Acquisition_017,ROI_0129,0,keep,0.11257480921837243
Archive_002,Acquisition_017,ROI_0130,0,keep,0.033003776107987486
Archive_002,Acquisition_017,ROI_0131,0,keep,0.2026635093949006
Archive_002,Acquisition_017,ROI_0132,0,keep,0.08892622937861869
Archive_002,Acquisition_017,ROI_0133,0,keep,0.03023008537359504
Archive_002,Acquisition_017,ROI_0134,0,keep,0.4104453679206304
Archive_002,Acquisition_017,ROI_0135,0,keep,0.4450479816444856
Archive_002,Acquisition_017,ROI_0136,0,keep,0.10428033105589744
Archive_002,Acquisition_018,ROI_0001,1,discard,0.9999982261379041
Archive_002,Acquisition_018,ROI_0002,0,keep,0.23126151075691306
Archive_002,Acquisition_018,ROI_0003,0,keep,0.08905860153596987
Archive_002,Acquisition_018,ROI_0004,0,keep,0.7663990557281032
Archive_002,Acquisition_018,ROI_0005,0,keep,0.10414004355974213
Archive_002,Acquisition_018,ROI_0006,0,keep,0.12148493005695829
Archive_002,Acquisition_018,ROI_0007,1,discard,0.9999946146087739
Archive_002,Acquisition_018,ROI_0008,0,keep,0.07003248978634061
Archive_002,Acquisition_018,ROI_0009,1,discard,0.9995995690021633
Archive_002,Acquisition_018,ROI_0010,0,keep,0.07653214566294722
Archive_002,Acquisition_018,ROI_0011,0,keep,0.0628417023635046
Archive_002,Acquisition_018,ROI_0012,1,discard,0.9999762203980732
Archive_002,Acquisition_018,ROI_0013,1,discard,0.999999999943183
Archive_002,Acquisition_018,ROI_0014,0,keep,0.041650664722664724
Archive_002,Acquisition_018,ROI_0015,0,keep,0.04999578385641433
Archive_002,Acquisition_018,ROI_0016,0,keep,0.6756973610508051
Archive_002,Acquisition_018,ROI_0017,0,keep,0.07067516924811185
Archive_002,Acquisition_018,ROI_0018,0,keep,0.44802020535005865
Archive_002,Acquisition_018,ROI_0019,0,keep,0.04190067196344039
Archive_002,Acquisition_018,ROI_0020,1,discard,0.9999939881129755
Archive_002,Acquisition_018,ROI_0021,1,discard,0.1348156300627193
Archive_002,Acquisition_018,ROI_0022,0,keep,0.04703310733647193
Archive_002,Acquisition_018,ROI_0023,1,discard,0.9999973100703903
Archive_002,Acquisition_018,ROI_0024,0,keep,0.018399017958514858
Archive_002,Acquisition_018,ROI_0025,0,keep,0.016793908152087294
Archive_002,Acquisition_018,ROI_0026,0,keep,0.006069033265152972
Archive_002,Acquisition_018,ROI_0027,0,keep,0.013097147590578584
Archive_002,Acquisition_018,ROI_0028,0,keep,0.03830586288700259
Archive_002,Acquisition_018,ROI_0029,0,keep,0.051294425296906976
Archive_002,Acquisition_018,ROI_0030,1,discard,0.999999999998181
Archive_002,Acquisition_018,ROI_0031,0,keep,0.03228278819597925
Archive_002,Acquisition_018,ROI_0032,0,keep,0.02451326029675635
Archive_002,Acquisition_018,ROI_0033,0,keep,0.04363016086279713
Archive_002,Acquisition_018,ROI_0034,0,keep,0.01945279262623586
Archive_002,Acquisition_018,ROI_0035,0,keep,0.04490770734510247
Archive_002,Acquisition_018,ROI_0036,0,keep,0.013096311073022785
Archive_002,Acquisition_018,ROI_0037,0,keep,0.009016849881590442
Archive_002,Acquisition_018,ROI_0038,0,keep,0.018527689383820645
Archive_002,Acquisition_018,ROI_0039,0,keep,0.027263998307558827
Archive_002,Acquisition_018,ROI_0040,0,keep,0.05172589266365802
Archive_002,Acquisition_018,ROI_0041,0,keep,0.022668251431404628
Archive_002,Acquisition_018,ROI_0042,0,keep,0.01605834245793429
Archive_002,Acquisition_018,ROI_0043,0,keep,0.023994835852298748
Archive_002,Acquisition_018,ROI_0044,0,keep,0.01590538216154898
Archive_002,Acquisition_018,ROI_0045,0,keep,0.014957673464575005
Archive_002,Acquisition_018,ROI_0046,0,keep,0.07804284936946464
Archive_002,Acquisition_018,ROI_0047,0,keep,0.031169116995491
Archive_002,Acquisition_018,ROI_0048,0,keep,0.022443025715870424
Archive_002,Acquisition_018,ROI_0049,0,keep,0.010357932295950403
Archive_002,Acquisition_018,ROI_0050,0,keep,0.013412510308280499
Archive_002,Acquisition_018,ROI_0051,0,keep,0.033583354759286026
Archive_002,Acquisition_018,ROI_0052,0,keep,0.020124289933806484
Archive_002,Acquisition_018,ROI_0053,0,keep,0.017883434697785985
Archive_002,Acquisition_018,ROI_0054,1,discard,1.0
Archive_002,Acquisition_018,ROI_0055,0,keep,0.005705917736499413
Archive_002,Acquisition_018,ROI_0056,0,keep,0.015667596574966244
Archive_002,Acquisition_018,ROI_0057,0,keep,0.013387695129582275
Archive_002,Acquisition_018,ROI_0058,0,keep,0.04969913883018461
Archive_002,Acquisition_018,ROI_0059,0,keep,0.7528326793712524
Archive_002,Acquisition_018,ROI_0060,1,discard,0.9999999906211433
Archive_002,Acquisition_018,ROI_0061,0,keep,0.03182594839436911
Archive_002,Acquisition_018,ROI_0062,0,keep,0.02336254961896518
Archive_002,Acquisition_018,ROI_0063,0,keep,0.02123831825919065
Archive_002,Acquisition_018,ROI_0064,0,keep,0.023051840837509347
Archive_002,Acquisition_018,ROI_0065,1,discard,0.9624524936270074
Archive_002,Acquisition_018,ROI_0066,0,keep,0.02485558877960152
Archive_002,Acquisition_018,ROI_0067,0,keep,0.016800957682156673
Archive_002,Acquisition_018,ROI_0068,0,keep,0.03279327838845592
Archive_002,Acquisition_018,ROI_0069,0,keep,0.035136876225985374
Archive_002,Acquisition_018,ROI_0070,0,keep,0.04756661231451044
Archive_002,Acquisition_018,ROI_0071,0,keep,0.024901897377621694
Archive_002,Acquisition_018,ROI_0072,0,keep,0.05638399910412899
Archive_002,Acquisition_018,ROI_0073,0,keep,0.3638417256267124
Archive_002,Acquisition_018,ROI_0074,1,discard,0.7335176797147097
Archive_002,Acquisition_018,ROI_0075,0,keep,0.052242171947204034
Archive_002,Acquisition_018,ROI_0076,0,keep,0.0596631263398112
Archive_002,Acquisition_018,ROI_0077,1,discard,0.9973456109278893
Archive_002,Acquisition_018,ROI_0078,0,keep,0.020788456086621276
Archive_002,Acquisition_018,ROI_0079,0,keep,0.2620159678110469
Archive_002,Acquisition_018,ROI_0080,0,keep,0.4326885667933737
Archive_002,Acquisition_018,ROI_0081,0,keep,0.11820806597247922
Archive_002,Acquisition_018,ROI_0082,0,keep,0.023979435633350792
Archive_002,Acquisition_018,ROI_0083,0,keep,0.05459197213559233
Archive_002,Acquisition_018,ROI_0084,0,keep,0.04574665926662034
Archive_002,Acquisition_018,ROI_0085,0,keep,0.14345815157221276
Archive_002,Acquisition_018,ROI_0086,0,keep,0.03428690242063919
Archive_002,Acquisition_018,ROI_0087,0,keep,0.08823514982230124
Archive_002,Acquisition_018,ROI_0088,0,keep,0.04724224794823708
Archive_002,Acquisition_018,ROI_0089,0,keep,0.08713736430200388
Archive_002,Acquisition_018,ROI_0090,0,keep,0.10106967739400483
Archive_002,Acquisition_018,ROI_0091,0,keep,0.0586398212498011
Archive_002,Acquisition_018,ROI_0092,0,keep,0.053990896612676885
Archive_002,Acquisition_018,ROI_0093,0,keep,0.2017369057772112
Archive_002,Acquisition_018,ROI_0094,0,keep,0.6561681029358515
Archive_002,Acquisition_018,ROI_0095,0,keep,0.16682803853279773
Archive_002,Acquisition_018,ROI_0096,0,keep,0.8330695728690176
Archive_002,Acquisition_018,ROI_0097,0,keep,0.0825098338423577
Archive_002,Acquisition_018,ROI_0098,0,keep,0.07078668080168442
Archive_002,Acquisition_018,ROI_0099,0,keep,0.7877781153387583
Archive_002,Acquisition_018,ROI_0100,0,keep,0.055307673513784524
Archive_002,Acquisition_018,ROI_0101,1,discard,0.9999936138943873
Archive_002,Acquisition_018,ROI_0102,0,keep,0.13159240496952682
Archive_002,Acquisition_018,ROI_0103,1,discard,0.999999776162224
Archive_002,Acquisition_018,ROI_0104,1,discard,0.834096172440898
Archive_002,Acquisition_018,ROI_0105,0,keep,0.11709860366901632
Archive_002,Acquisition_018,ROI_0106,0,keep,0.2897650075629407
Archive_002,Acquisition_018,ROI_0107,0,keep,0.13848390735444988
Archive_002,Acquisition_018,ROI_0108,0,keep,0.0646337205711315
Archive_002,Acquisition_018,ROI_0109,0,keep,0.11463682288408317
Archive_002,Acquisition_018,ROI_0110,0,keep,0.035719338000202286
Archive_002,Acquisition_018,ROI_0111,0,keep,0.027052516589004833
Archive_002,Acquisition_018,ROI_0112,0,keep,0.32557637133528294
Archive_002,Acquisition_018,ROI_0113,0,keep,0.17283259689118632
Archive_002,Acquisition_018,ROI_0114,0,keep,0.039493437184556786
Archive_002,Acquisition_018,ROI_0115,1,discard,0.7361708665681364
Archive_002,Acquisition_018,ROI_0116,1,discard,0.8791700314453439
Archive_002,Acquisition_018,ROI_0117,0,keep,0.08441113110727928
Archive_002,Acquisition_018,ROI_0118,0,keep,0.10077156534074388
Archive_002,Acquisition_018,ROI_0119,0,keep,0.14579643494032485
Archive_002,Acquisition_018,ROI_0120,0,keep,0.07274528844229679
Archive_002,Acquisition_018,ROI_0121,0,keep,0.05310841920817231
Archive_002,Acquisition_018,ROI_0122,0,keep,0.18336832989421398
Archive_002,Acquisition_018,ROI_0123,0,keep,0.03273806387858231
Archive_002,Acquisition_018,ROI_0124,0,keep,0.1226324555921879
Archive_002,Acquisition_018,ROI_0125,0,keep,0.027524036834418543
Archive_002,Acquisition_018,ROI_0126,0,keep,0.13044510244577673
Archive_002,Acquisition_018,ROI_0127,0,keep,0.1501507447130079
Archive_002,Acquisition_018,ROI_0128,0,keep,0.9351385550148305
Archive_002,Acquisition_018,ROI_0129,0,keep,0.1683905499895441
Archive_002,Acquisition_018,ROI_0130,0,keep,0.09961117419024541
Archive_002,Acquisition_018,ROI_0131,0,keep,0.14002988665779192
Archive_002,Acquisition_018,ROI_0132,0,keep,0.35475188899557447
Archive_002,Acquisition_018,ROI_0133,0,keep,0.07148194482653265
Archive_002,Acquisition_018,ROI_0134,0,keep,0.04679133880516079
Archive_002,Acquisition_018,ROI_0135,0,keep,0.10317820598060935
Archive_002,Acquisition_018,ROI_0136,0,keep,0.026600823819372694
Archive_002,Acquisition_018,ROI_0137,0,keep,0.05453409833843796
Archive_002,Acquisition_018,ROI_0138,0,keep,0.06945048202061531
Archive_002,Acquisition_018,ROI_0139,0,keep,0.08812735703453757
Archive_002,Acquisition_018,ROI_0140,0,keep,0.9541871773315247
Archive_002,Acquisition_018,ROI_0141,0,keep,0.9580238088620845
Archive_002,Acquisition_018,ROI_0142,0,keep,0.11456381506222828
Archive_002,Acquisition_018,ROI_0143,1,discard,0.9999999996386122
Archive_002,Acquisition_018,ROI_0144,0,keep,0.08999794451617019
Archive_002,Acquisition_018,ROI_0145,0,keep,0.3281624234077547
Archive_002,Acquisition_018,ROI_0146,0,keep,0.05447993792676161
Archive_002,Acquisition_018,ROI_0147,0,keep,0.21187401106213036
Archive_002,Acquisition_018,ROI_0148,0,keep,0.07970408813147536
Archive_002,Acquisition_018,ROI_0149,0,keep,0.035881170381913574
Archive_002,Acquisition_018,ROI_0150,0,keep,0.04289752245677735
Archive_003,Acquisition_019,ROI_0001,0,keep,0.023605937933176557
Archive_003,Acquisition_019,ROI_0002,0,keep,0.029240389896822202
Archive_003,Acquisition_019,ROI_0003,0,keep,0.01805161116313639
Archive_003,Acquisition_019,ROI_0004,0,keep,0.010881445630222373
Archive_003,Acquisition_019,ROI_0005,0,keep,0.042841111774718686
Archive_003,Acquisition_019,ROI_0006,0,keep,0.2195586810908006
Archive_003,Acquisition_019,ROI_0007,0,keep,0.027476693388147396
Archive_003,Acquisition_019,ROI_0008,0,keep,0.011243504976645804
Archive_003,Acquisition_019,ROI_0009,0,keep,0.6551066506996385
Archive_003,Acquisition_019,ROI_0010,0,keep,0.036973575753856444
Archive_003,Acquisition_019,ROI_0011,0,keep,0.022113561960587988
Archive_003,Acquisition_019,ROI_0012,0,keep,0.02133318039627593
Archive_003,Acquisition_019,ROI_0013,0,keep,0.3550645807862542
Archive_003,Acquisition_019,ROI_0014,0,keep,0.03578610632721633
Archive_003,Acquisition_019,ROI_0015,0,keep,0.02644379779045077
Archive_003,Acquisition_019,ROI_0016,0,keep,0.06594720832541313
Archive_003,Acquisition_019,ROI_0017,0,keep,0.012242572958359635
Archive_003,Acquisition_019,ROI_0018,0,keep,0.03483733778218621
Archive_003,Acquisition_019,ROI_0019,0,keep,0.0568126033946633
Archive_003,Acquisition_019,ROI_0020,0,keep,0.036045954768668995
Archive_003,Acquisition_019,ROI_0021,0,keep,0.018690187149666117
Archive_003,Acquisition_019,ROI_0022,0,keep,0.03346376742184085
Archive_003,Acquisition_019,ROI_0023,0,keep,0.08675788081193625
Archive_003,Acquisition_019,ROI_0024,0,keep,0.1443405756343184
Archive_003,Acquisition_019,ROI_0025,1,discard,0.9997809781832254
Archive_003,Acquisition_019,ROI_0026,0,keep,0.05773145498578546
Archive_003,Acquisition_019,ROI_0027,0,keep,0.0239073736996639
Archive_003,Acquisition_019,ROI_0028,1,discard,0.803256060069709
Archive_003,Acquisition_019,ROI_0029,0,keep,0.04908185479990927
Archive_003,Acquisition_019,ROI_0030,0,keep,0.019960962147571776
Archive_003,Acquisition_019,ROI_0031,0,keep,0.02552198410221553
Archive_003,Acquisition_019,ROI_0032,0,keep,0.03698969311176891
Archive_003,Acquisition_019,ROI_0033,1,discard,0.9999999999997558
Archive_003,Acquisition_019,ROI_0034,0,keep,0.07059456107916838
Archive_003,Acquisition_019,ROI_0035,0,keep,0.028385004716372925
Archive_003,Acquisition_019,ROI_0036,0,keep,0.12318813344442002
Archive_003,Acquisition_019,ROI_0037,0,keep,0.06467110752119251
Archive_003,Acquisition_019,ROI_0038,0,keep,0.08893624284709571
Archive_003,Acquisition_019,ROI_0039,0,keep,0.020328190379120654
Archive_003,Acquisition_019,ROI_0040,0,keep,0.08009952009217251
Archive_003,Acquisition_019,ROI_0041,0,keep,0.0540287255838131
Archive_003,Acquisition_019,ROI_0042,0,keep,0.07094644539637826
Archive_003,Acquisition_019,ROI_0043,0,keep,0.06952030446914662
Archive_003,Acquisition_019,ROI_0044,0,keep,0.08388477547875428
Archive_003,Acquisition_019,ROI_0045,0,keep,0.035554628144936165
Archive_003,Acquisition_019,ROI_0046,0,keep,0.07901956591214056
Archive_003,Acquisition_019,ROI_0047,0,keep,0.03312432459667026
Archive_003,Acquisition_019,ROI_0048,0,keep,0.039034840210691785
Archive_003,Acquisition_019,ROI_0049,0,keep,0.13288914204257252
Archive_003,Acquisition_019,ROI_0050,1,discard,0.9999999917023817
Archive_003,Acquisition_019,ROI_0051,0,keep,0.07118249842777843
Archive_003,Acquisition_019,ROI_0052,0,keep,0.1189559114239187
Archive_003,Acquisition_019,ROI_0053,0,keep,0.046520832400802445
Archive_003,Acquisition_019,ROI_0054,0,keep,0.06754477280535019
Archive_003,Acquisition_019,ROI_0055,0,keep,0.19861238768620876
Archive_003,Acquisition_019,ROI_0056,0,keep,0.14598333094324265
Archive_003,Acquisition_019,ROI_0057,0,keep,0.0431410845997004
Archive_003,Acquisition_019,ROI_0058,0,keep,0.10471598069708496
Archive_003,Acquisition_019,ROI_0059,1,discard,0.9999999999996529
Archive_003,Acquisition_019,ROI_0060,0,keep,0.4180293042575198
Archive_003,Acquisition_019,ROI_0061,0,keep,0.10906900444790761
Archive_003,Acquisition_019,ROI_0062,0,keep,0.09027970252401206
Archive_003,Acquisition_019,ROI_0063,0,keep,0.5096655442123375
Archive_003,Acquisition_019,ROI_0064,1,discard,0.9999999995166264
Archive_003,Acquisition_019,ROI_0065,1,discard,1.0
Archive_003,Acquisition_019,ROI_0066,1,discard,0.4565777917598138
Archive_003,Acquisition_020,ROI_0001,1,discard,0.9861885041441281
Archive_003,Acquisition_020,ROI_0002,0,keep,0.0541370005791992
Archive_003,Acquisition_020,ROI_0003,1,discard,1.0
Archive_003,Acquisition_020,ROI_0004,0,keep,0.01818309149369447
Archive_003,Acquisition_020,ROI_0005,0,keep,0.02929839843034099
Archive_003,Acquisition_020,ROI_0006,0,keep,0.0222633494564199
Archive_003,Acquisition_020,ROI_0007,0,keep,0.025416267953904677
Archive_003,Acquisition_020,ROI_0008,0,keep,0.03472280601881185
Archive_003,Acquisition_020,ROI_0009,0,keep,0.0316571518937778
Archive_003,Acquisition_020,ROI_0010,0,keep,0.20899352144486197
Archive_003,Acquisition_020,ROI_0011,0,keep,0.3824794713749113
Archive_003,Acquisition_020,ROI_0012,0,keep,0.13395642899143534
Archive_003,Acquisition_020,ROI_0013,0,keep,0.01387384270626632
Archive_003,Acquisition_020,ROI_0014,0,keep,0.030271082053284576
Archive_003,Acquisition_020,ROI_0015,0,keep,0.01822680157927958
Archive_003,Acquisition_020,ROI_0016,0,keep,0.022442510658443326
Archive_003,Acquisition_020,ROI_0017,0,keep,0.03649292271207802
Archive_003,Acquisition_020,ROI_0018,0,keep,0.07001387352544429
Archive_003,Acquisition_020,ROI_0019,0,keep,0.2415924041673973
Archive_003,Acquisition_020,ROI_0020,0,keep,0.0433247237703587
Archive_003,Acquisition_020,ROI_0021,0,keep,0.03802223389179787
Archive_003,Acquisition_020,ROI_0022,0,keep,0.059954851005687516
Archive_003,Acquisition_020,ROI_0023,0,keep,0.03413538880735207
Archive_003,Acquisition_020,ROI_0024,0,keep,0.04634193077675005
Archive_003,Acquisition_020,ROI_0025,0,keep,0.3155961589679599
Archive_003,Acquisition_020,ROI_0026,0,keep,0.10693287927316196
Archive_003,Acquisition_020,ROI_0027,0,keep,0.04498629272477562
Archive_003,Acquisition_020,ROI_0028,0,keep,0.0673776786318783
Archive_003,Acquisition_020,ROI_0029,0,keep,0.060937008190372725
Archive_003,Acquisition_020,ROI_0030,0,keep,0.06276630396473631
Archive_003,Acquisition_020,ROI_0031,0,keep,0.07347289271136107
Archive_003,Acquisition_020,ROI_0032,1,discard,1.0
Archive_003,Acquisition_020,ROI_0033,1,discard,1.0
Archive_003,Acquisition_020,ROI_0034,0,keep,0.028782037768892325
Archive_003,Acquisition_020,ROI_0035,0,keep,0.018600560722025723
Archive_003,Acquisition_020,ROI_0036,0,keep,0.04921785514683334
Archive_003,Acquisition_020,ROI_0037,0,keep,0.06691236227008565
Archive_003,Acquisition_020,ROI_0038,0,keep,0.10582080453762319
Archive_003,Acquisition_020,ROI_0039,0,keep,0.11280208278046246
Archive_003,Acquisition_020,ROI_0040,0,keep,0.07452178816191024
Archive_003,Acquisition_020,ROI_0041,0,keep,0.09447005039757919
Archive_003,Acquisition_020,ROI_0042,0,keep,0.0654188453040242
Archive_003,Acquisition_020,ROI_0043,0,keep,0.14127711657258385
Archive_003,Acquisition_020,ROI_0044,0,keep,0.17231298357655078
Archive_003,Acquisition_020,ROI_0045,0,keep,0.07236517553194222
Archive_003,Acquisition_020,ROI_0046,0,keep,0.062019328961577934
Archive_003,Acquisition_020,ROI_0047,0,keep,0.18734655809627893
Archive_003,Acquisition_020,ROI_0048,0,keep,0.04087401518361761
Archive_003,Acquisition_020,ROI_0049,0,keep,0.09645398635587313
Archive_003,Acquisition_020,ROI_0050,0,keep,0.04783590778516663
Archive_003,Acquisition_020,ROI_0051,0,keep,0.029401793969876702
Archive_003,Acquisition_020,ROI_0052,0,keep,0.08199285402074308
Archive_003,Acquisition_020,ROI_0053,0,keep,0.032470324064732624
Archive_003,Acquisition_020,ROI_0054,0,keep,0.06379373179545736
Archive_003,Acquisition_020,ROI_0055,0,keep,0.08904943129594789
Archive_003,Acquisition_020,ROI_0056,0,keep,0.030787065526066467
Archive_003,Acquisition_020,ROI_0057,1,discard,0.9999999855717916
Archive_003,Acquisition_020,ROI_0058,0,keep,0.07778694405387726
Archive_003,Acquisition_021,ROI_0001,0,keep,0.021825153439881784
Archive_003,Acquisition_021,ROI_0002,1,discard,0.8161113792720287
Archive_003,Acquisition_021,ROI_0003,0,keep,0.05013092206924666
Archive_003,Acquisition_021,ROI_0004,0,keep,0.304401890748365
Archive_003,Acquisition_021,ROI_0005,0,keep,0.029598227267811923
Archive_003,Acquisition_021,ROI_0006,0,keep,0.14212450593812787
Archive_003,Acquisition_021,ROI_0007,0,keep,0.030331946592514075
Archive_003,Acquisition_021,ROI_0008,0,keep,0.023828045701153266
Archive_003,Acquisition_021,ROI_0009,0,keep,0.040245207544782655
Archive_003,Acquisition_021,ROI_0010,0,keep,0.06376598470678628
Archive_003,Acquisition_021,ROI_0011,0,keep,0.07379617277904317
Archive_003,Acquisition_021,ROI_0012,0,keep,0.02003824959757028
Archive_003,Acquisition_021,ROI_0013,0,keep,0.059854786283314323
Archive_003,Acquisition_021,ROI_0014,0,keep,0.07238121782811979
Archive_003,Acquisition_021,ROI_0015,0,keep,0.035030390176588724
Archive_003,Acquisition_021,ROI_0016,0,keep,0.04736970322742241
Archive_003,Acquisition_021,ROI_0017,0,keep,0.022004032417106245
Archive_003,Acquisition_021,ROI_0018,0,keep,0.05751686818801358
Archive_003,Acquisition_021,ROI_0019,0,keep,0.06636590439598289
Archive_003,Acquisition_021,ROI_0020,0,keep,0.045226330782802186
Archive_003,Acquisition_021,ROI_0021,0,keep,0.024445006368453787
Archive_003,Acquisition_021,ROI_0022,0,keep,0.043662851823957995
Archive_003,Acquisition_021,ROI_0023,0,keep,0.0195577394677901
Archive_003,Acquisition_021,ROI_0024,0,keep,0.06491571035926233
Archive_003,Acquisition_021,ROI_0025,0,keep,0.053081917706315956
Archive_003,Acquisition_021,ROI_0026,0,keep,0.032090721821515025
Archive_003,Acquisition_021,ROI_0027,0,keep,0.03234674968828639
Archive_003,Acquisition_021,ROI_0028,0,keep,0.057345720348711875
Archive_003,Acquisition_021,ROI_0029,0,keep,0.020781326390989924
Archive_003,Acquisition_021,ROI_0030,1,discard,0.7778980350166861
Archive_003,Acquisition_021,ROI_0031,0,keep,0.15311149675668814
Archive_003,Acquisition_021,ROI_0032,0,keep,0.09119824486389656
Archive_003,Acquisition_021,ROI_0033,0,keep,0.11954792271035596
Archive_003,Acquisition_021,ROI_0034,0,keep,0.060401462184529055
Archive_003,Acquisition_021,ROI_0035,0,keep,0.20470917687628032
Archive_003,Acquisition_021,ROI_0036,1,discard,0.995871488088137
Archive_003,Acquisition_021,ROI_0037,0,keep,0.06722541306259085
Archive_003,Acquisition_021,ROI_0038,0,keep,0.07655816566408598
Archive_003,Acquisition_021,ROI_0039,0,keep,0.048977767519112134
Archive_003,Acquisition_021,ROI_0040,0,keep,0.08472133959504997
Archive_003,Acquisition_021,ROI_0041,0,keep,0.09579070243020772
Archive_003,Acquisition_021,ROI_0042,0,keep,0.39920595694112326
Archive_003,Acquisition_021,ROI_0043,0,keep,0.0505753976851756
Archive_003,Acquisition_021,ROI_0044,0,keep,0.11282313928023865
Archive_003,Acquisition_021,ROI_0045,0,keep,0.10059398529068307
Archive_003,Acquisition_021,ROI_0046,0,keep,0.026880365071117567
Archive_003,Acquisition_021,ROI_0047,0,keep,0.1041803629918349
Archive_003,Acquisition_021,ROI_0048,0,keep,0.15876020310917163
Archive_003,Acquisition_021,ROI_0049,0,keep,0.07145549288096036
Archive_003,Acquisition_021,ROI_0050,0,keep,0.1122305427604535
Archive_003,Acquisition_021,ROI_0051,0,keep,0.16503780939931273
Archive_003,Acquisition_021,ROI_0052,0,keep,0.15204937823406478
Archive_003,Acquisition_021,ROI_0053,0,keep,0.025174367533963033
Archive_003,Acquisition_021,ROI_0054,0,keep,0.07234184366489103
Archive_003,Acquisition_021,ROI_0055,0,keep,0.054236141739226314
Archive_003,Acquisition_021,ROI_0056,0,keep,0.09363606190122434
Archive_003,Acquisition_021,ROI_0057,0,keep,0.07906657564008887
Archive_003,Acquisition_021,ROI_0058,0,keep,0.038078868733733104
Archive_003,Acquisition_021,ROI_0059,0,keep,0.05260595934953155
Archive_003,Acquisition_021,ROI_0060,0,keep,0.041563650194530496
Archive_003,Acquisition_021,ROI_0061,0,keep,0.06963814934740874
Archive_003,Acquisition_021,ROI_0062,1,discard,1.0
Archive_003,Acquisition_021,ROI_0063,0,keep,0.10621492568134921
Archive_003,Acquisition_022,ROI_0001,0,keep,0.11342891522990572
Archive_003,Acquisition_022,ROI_0002,0,keep,0.21809186270735015
Archive_003,Acquisition_022,ROI_0003,0,keep,0.025436211604226353
Archive_003,Acquisition_022,ROI_0004,0,keep,0.013925649172713887
Archive_003,Acquisition_022,ROI_0005,1,discard,1.0
Archive_003,Acquisition_022,ROI_0006,0,keep,0.03106445336553996
Archive_003,Acquisition_022,ROI_0007,0,keep,0.03225432701190848
Archive_003,Acquisition_022,ROI_0008,0,keep,0.028522902037297543
Archive_003,Acquisition_022,ROI_0009,0,keep,0.3322585994848195
Archive_003,Acquisition_022,ROI_0010,0,keep,0.033821708197357664
Archive_003,Acquisition_022,ROI_0011,0,keep,0.053282534756367635
Archive_003,Acquisition_022,ROI_0012,0,keep,0.04447660951198442
Archive_003,Acquisition_022,ROI_0013,0,keep,0.05220464141027482
Archive_003,Acquisition_022,ROI_0014,0,keep,0.0338387682339774
Archive_003,Acquisition_022,ROI_0015,0,keep,0.030499132954995695
Archive_003,Acquisition_022,ROI_0016,0,keep,0.03561509582901611
Archive_003,Acquisition_022,ROI_0017,0,keep,0.16783581989885374
Archive_003,Acquisition_022,ROI_0018,0,keep,0.05678781948844167
Archive_003,Acquisition_022,ROI_0019,0,keep,0.04078133497129325
Archive_003,Acquisition_022,ROI_0020,0,keep,0.0335378408631417
Archive_003,Acquisition_022,ROI_0021,0,keep,0.049749777047163546
Archive_003,Acquisition_022,ROI_0022,0,keep,0.0312978688397781
Archive_003,Acquisition_022,ROI_0023,0,keep,0.05297589607930261
Archive_003,Acquisition_022,ROI_0024,0,keep,0.0650723779225704
Archive_003,Acquisition_022,ROI_0025,0,keep,0.13129662573583692
Archive_003,Acquisition_022,ROI_0026,0,keep,0.048392742826477805
Archive_003,Acquisition_022,ROI_0027,0,keep,0.08056622705415069
Archive_003,Acquisition_022,ROI_0028,0,keep,0.06501142132237273
Archive_003,Acquisition_022,ROI_0029,0,keep,0.0421268782593421
Archive_003,Acquisition_022,ROI_0030,0,keep,0.0685232641121291
Archive_003,Acquisition_022,ROI_0031,0,keep,0.03198791393268618
Archive_003,Acquisition_022,ROI_0032,0,keep,0.056879466105587126
Archive_003,Acquisition_022,ROI_0033,0,keep,0.18365558492066664
Archive_003,Acquisition_022,ROI_0034,0,keep,0.040485314313868724
Archive_003,Acquisition_022,ROI_0035,0,keep,0.10100782666186946
Archive_003,Acquisition_022,ROI_0036,0,keep,0.10198376020462316
Archive_003,Acquisition_022,ROI_0037,0,keep,0.05979355036706867
Archive_003,Acquisition_022,ROI_0038,0,keep,0.10927609716263437
Archive_003,Acquisition_022,ROI_0039,0,keep,0.09881734254207426
Archive_003,Acquisition_022,ROI_0040,0,keep,0.07048309853482372
Archive_003,Acquisition_022,ROI_0041,0,keep,0.0458824267497247
Archive_003,Acquisition_022,ROI_0042,0,keep,0.03840536094780771
Archive_003,Acquisition_022,ROI_0043,0,keep,0.04397961005196692
Archive_003,Acquisition_022,ROI_0044,0,keep,0.05814737113872088
Archive_003,Acquisition_022,ROI_0045,0,keep,0.07428308025994174
Archive_003,Acquisition_022,ROI_0046,0,keep,0.05158936428749494
Archive_003,Acquisition_022,ROI_0047,0,keep,0.0539221277324511
Archive_003,Acquisition_022,ROI_0048,1,discard,1.0
Archive_003,Acquisition_022,ROI_0049,0,keep,0.20293901635766326
Archive_003,Acquisition_022,ROI_0050,0,keep,0.07722054676764663
Archive_003,Acquisition_022,ROI_0051,0,keep,0.06701694548117698
Archive_003,Acquisition_022,ROI_0052,0,keep,0.061039300214341646
Archive_003,Acquisition_022,ROI_0053,0,keep,0.030049606332195736
Archive_003,Acquisition_022,ROI_0054,0,keep,0.062007961034384766
Archive_003,Acquisition_022,ROI_0055,0,keep,0.1524909206163146
Archive_003,Acquisition_022,ROI_0056,0,keep,0.10903217556607747
Archive_003,Acquisition_022,ROI_0057,0,keep,0.1002503755035705
Archive_003,Acquisition_022,ROI_0058,0,keep,0.10143263654939215
Archive_003,Acquisition_022,ROI_0059,0,keep,0.09852194637036175
Archive_003,Acquisition_022,ROI_0060,0,keep,0.18881662855912443
Archive_003,Acquisition_022,ROI_0061,0,keep,0.13876194844257503
Archive_003,Acquisition_022,ROI_0062,1,discard,0.9999999999997886
Archive_003,Acquisition_022,ROI_0063,0,keep,0.07679438269738632
Archive_003,Acquisition_022,ROI_0064,0,keep,0.04733540865786175
Archive_003,Acquisition_022,ROI_0065,0,keep,0.08555128029393469
Archive_003,Acquisition_022,ROI_0066,0,keep,0.049438488338921886
Archive_003,Acquisition_023,ROI_0001,1,discard,0.9984638388851582
Archive_003,Acquisition_023,ROI_0002,0,keep,0.11059616568992764
Archive_003,Acquisition_023,ROI_0003,0,keep,0.05851685028133573
Archive_003,Acquisition_023,ROI_0004,1,discard,0.7573055873984764
Archive_003,Acquisition_023,ROI_0005,1,discard,1.0
Archive_003,Acquisition_023,ROI_0006,0,keep,0.030208026935938482
Archive_003,Acquisition_023,ROI_0007,0,keep,0.03645180674833929
Archive_003,Acquisition_023,ROI_0008,0,keep,0.020028447337371864
Archive_003,Acquisition_023,ROI_0009,0,keep,0.019702064997950287
Archive_003,Acquisition_023,ROI_0010,0,keep,0.14020625659619224
Archive_003,Acquisition_023,ROI_0011,0,keep,0.03962270014693239
Archive_003,Acquisition_023,ROI_0012,1,discard,0.8412038633760334
Archive_003,Acquisition_023,ROI_0013,0,keep,0.03293714871090308
Archive_003,Acquisition_023,ROI_0014,0,keep,0.03180668675618105
Archive_003,Acquisition_023,ROI_0015,1,discard,0.03818052485536535
Archive_003,Acquisition_023,ROI_0016,0,keep,0.022961158386215853
Archive_003,Acquisition_023,ROI_0017,1,discard,0.42612010358858443
Archive_003,Acquisition_023,ROI_0018,0,keep,0.03264057395115541
Archive_003,Acquisition_023,ROI_0019,0,keep,0.019337335301101356
Archive_003,Acquisition_023,ROI_0020,0,keep,0.02172568466902209
Archive_003,Acquisition_023,ROI_0021,0,keep,0.023074061691506498
Archive_003,Acquisition_023,ROI_0022,0,keep,0.03529985732719506
Archive_003,Acquisition_023,ROI_0023,0,keep,0.046108587243903855
Archive_003,Acquisition_023,ROI_0024,0,keep,0.030941521136034038
Archive_003,Acquisition_023,ROI_0025,0,keep,0.04414578544541768
Archive_003,Acquisition_023,ROI_0026,0,keep,0.053092757422476836
Archive_003,Acquisition_023,ROI_0027,1,discard,0.3058164148693689
Archive_003,Acquisition_023,ROI_0028,0,keep,0.042466803851153034
Archive_003,Acquisition_023,ROI_0029,0,keep,0.060382010204002835
Archive_003,Acquisition_023,ROI_0030,0,keep,0.05400401811340449
Archive_003,Acquisition_023,ROI_0031,1,discard,0.9999999994634936
Archive_003,Acquisition_023,ROI_0032,0,keep,0.04186765269903688
Archive_003,Acquisition_023,ROI_0033,0,keep,0.03132795146340504
Archive_003,Acquisition_023,ROI_0034,1,discard,0.06296761347842321
Archive_003,Acquisition_023,ROI_0035,0,keep,0.46939476395842883
Archive_003,Acquisition_023,ROI_0036,0,keep,0.06548949858348588
Archive_003,Acquisition_023,ROI_0037,0,keep,0.03402690047066999
Archive_003,Acquisition_023,ROI_0038,0,keep,0.09381594976949531
Archive_003,Acquisition_023,ROI_0039,0,keep,0.043095352811728306
Archive_003,Acquisition_023,ROI_0040,0,keep,0.077338873614609
Archive_003,Acquisition_023,ROI_0041,1,discard,0.8375356781470149
Archive_003,Acquisition_023,ROI_0042,0,keep,0.17146837202008763
Archive_003,Acquisition_023,ROI_0043,0,keep,0.06095228720983351
Archive_003,Acquisition_023,ROI_0044,0,keep,0.11783218416904068
Archive_003,Acquisition_023,ROI_0045,0,keep,0.053677300317566484
Archive_003,Acquisition_023,ROI_0046,0,keep,0.030907223036918955
Archive_003,Acquisition_023,ROI_0047,0,keep,0.09338129504910707
Archive_003,Acquisition_023,ROI_0048,0,keep,0.13817816721541495
Archive_003,Acquisition_023,ROI_0049,1,discard,0.1988437735015694
Archive_003,Acquisition_023,ROI_0050,0,keep,0.055836903074004476
Archive_003,Acquisition_023,ROI_0051,0,keep,0.11037361749223404
Archive_003,Acquisition_023,ROI_0052,0,keep,0.138632938724971
Archive_003,Acquisition_023,ROI_0053,0,keep,0.17255015389439626
Archive_003,Acquisition_023,ROI_0054,0,keep,0.07921130486287987
Archive_003,Acquisition_023,ROI_0055,0,keep,0.07088686962346381
Archive_003,Acquisition_023,ROI_0056,0,keep,0.08186567035302697
Archive_003,Acquisition_023,ROI_0057,0,keep,0.036135894765172115
Archive_003,Acquisition_023,ROI_0058,0,keep,0.0554192278074959
Archive_003,Acquisition_023,ROI_0059,0,keep,0.053105835153848445
Archive_003,Acquisition_023,ROI_0060,0,keep,0.17888145707129274
Archive_003,Acquisition_023,ROI_0061,0,keep,0.18250418763173842
Archive_003,Acquisition_023,ROI_0062,1,discard,0.9889238317411918
Archive_003,Acquisition_023,ROI_0063,0,keep,0.11658951517413119
Archive_003,Acquisition_023,ROI_0064,0,keep,0.3620354443987053
Archive_003,Acquisition_023,ROI_0065,0,keep,0.11684848467574793
Archive_003,Acquisition_023,ROI_0066,0,keep,0.07633191629576604
Archive_003,Acquisition_023,ROI_0067,0,keep,0.0864220039317804
Archive_003,Acquisition_023,ROI_0068,0,keep,0.13279206467944724
Archive_003,Acquisition_023,ROI_0069,0,keep,0.14238736810364763
Archive_003,Acquisition_024,ROI_0001,0,keep,0.03281361430790153
Archive_003,Acquisition_024,ROI_0002,0,keep,0.03566363016654667
Archive_003,Acquisition_024,ROI_0003,0,keep,0.042402634524828585
Archive_003,Acquisition_024,ROI_0004,0,keep,0.015274468763681723
Archive_003,Acquisition_024,ROI_0005,0,keep,0.028416035772887375
Archive_003,Acquisition_024,ROI_0006,0,keep,0.0359875073070889
Archive_003,Acquisition_024,ROI_0007,0,keep,0.7381966083700198
Archive_003,Acquisition_024,ROI_0008,0,keep,0.029636009417294305
Archive_003,Acquisition_024,ROI_0009,0,keep,0.028045940059789196
Archive_003,Acquisition_024,ROI_0010,0,keep,0.019745895728949473
Archive_003,Acquisition_024,ROI_0011,0,keep,0.01473302945438869
Archive_003,Acquisition_024,ROI_0012,0,keep,0.04014273073948808
Archive_003,Acquisition_024,ROI_0013,0,keep,0.032603899392861464
Archive_003,Acquisition_024,ROI_0014,0,keep,0.05527999885704625
Archive_003,Acquisition_024,ROI_0015,0,keep,0.026516137586249718
Archive_003,Acquisition_024,ROI_0016,0,keep,0.036563900883380886
Archive_003,Acquisition_024,ROI_0017,1,discard,1.0
Archive_003,Acquisition_024,ROI_0018,0,keep,0.1037180399854806
Archive_003,Acquisition_024,ROI_0019,0,keep,0.052720011418905144
Archive_003,Acquisition_024,ROI_0020,0,keep,0.05446919140002891
Archive_003,Acquisition_024,ROI_0021,0,keep,0.07481593432198913
Archive_003,Acquisition_024,ROI_0022,0,keep,0.08656632232536743
Archive_003,Acquisition_024,ROI_0023,0,keep,0.08519707329999887
Archive_003,Acquisition_024,ROI_0024,0,keep,0.042829890057489696
Archive_003,Acquisition_024,ROI_0025,0,keep,0.04394029223990801
Archive_003,Acquisition_024,ROI_0026,0,keep,0.04618358321209405
Archive_003,Acquisition_024,ROI_0027,1,discard,0.6914311640628518
Archive_003,Acquisition_024,ROI_0028,0,keep,0.20410909515238465
Archive_003,Acquisition_024,ROI_0029,0,keep,0.0525838574949968
Archive_003,Acquisition_024,ROI_0030,0,keep,0.05838784860623561
Archive_003,Acquisition_024,ROI_0031,1,discard,1.0
Archive_003,Acquisition_024,ROI_0032,0,keep,0.029672712713847527
Archive_003,Acquisition_024,ROI_0033,0,keep,0.062216514718771626
Archive_003,Acquisition_024,ROI_0034,0,keep,0.09063163892917497
Archive_003,Acquisition_024,ROI_0035,0,keep,0.18479367023224239
Archive_003,Acquisition_024,ROI_0036,1,discard,0.305181684448728
Archive_003,Acquisition_024,ROI_0037,0,keep,0.04836867847149802
Archive_003,Acquisition_024,ROI_0038,0,keep,0.07794691801844289
Archive_003,Acquisition_024,ROI_0039,0,keep,0.15785014657635602
Archive_003,Acquisition_024,ROI_0040,0,keep,0.08986990247707172
Archive_003,Acquisition_024,ROI_0041,0,keep,0.036620461026050086
Archive_003,Acquisition_024,ROI_0042,0,keep,0.0811302207414771
Archive_003,Acquisition_024,ROI_0043,0,keep,0.05748746716768836
Archive_003,Acquisition_024,ROI_0044,0,keep,0.08198805491635137
Archive_003,Acquisition_024,ROI_0045,0,keep,0.06184815722708016
Archive_003,Acquisition_024,ROI_0046,0,keep,0.05492213826069206
Archive_003,Acquisition_024,ROI_0047,0,keep,0.1713109035018179
Archive_003,Acquisition_024,ROI_0048,1,discard,0.5105522958037678
Archive_003,Acquisition_024,ROI_0049,0,keep,0.06761670315760586
Archive_003,Acquisition_024,ROI_0050,0,keep,0.09930801236056418
Archive_003,Acquisition_024,ROI_0051,0,keep,0.1646317541016782
Archive_003,Acquisition_024,ROI_0052,0,keep,0.11211308037100093
Archive_003,Acquisition_024,ROI_0053,0,keep,0.09163448954961381
Archive_003,Acquisition_024,ROI_0054,0,keep,0.09896393428696307
Archive_003,Acquisition_024,ROI_0055,0,keep,0.16512747888977566
Archive_003,Acquisition_024,ROI_0056,0,keep,0.08390295322636437
Archive_003,Acquisition_025,ROI_0001,0,keep,0.03264927681593203
Archive_003,Acquisition_025,ROI_0002,0,keep,0.05336851001343456
Archive_003,Acquisition_025,ROI_0003,0,keep,0.034015391715684906
Archive_003,Acquisition_025,ROI_0004,1,discard,0.924517211051501
Archive_003,Acquisition_025,ROI_0005,0,keep,0.03288427145546308
Archive_003,Acquisition_025,ROI_0006,0,keep,0.016306286397160284
Archive_003,Acquisition_025,ROI_0007,0,keep,0.014050684474469059
Archive_003,Acquisition_025,ROI_0008,0,keep,0.023111359111127345
Archive_003,Acquisition_025,ROI_0009,0,keep,0.04357471579921481
Archive_003,Acquisition_025,ROI_0010,0,keep,0.5749328765482115
Archive_003,Acquisition_025,ROI_0011,0,keep,0.01648313609150832
Archive_003,Acquisition_025,ROI_0012,0,keep,0.03842460065344253
Archive_003,Acquisition_025,ROI_0013,0,keep,0.101306552684941
Archive_003,Acquisition_025,ROI_0014,0,keep,0.19852431552575725
Archive_003,Acquisition_025,ROI_0015,0,keep,0.0455051017688717
Archive_003,Acquisition_025,ROI_0016,0,keep,0.01828448306688831
Archive_003,Acquisition_025,ROI_0017,0,keep,0.01371525631063334
Archive_003,Acquisition_025,ROI_0018,0,keep,0.02474419859865244
Archive_003,Acquisition_025,ROI_0019,0,keep,0.02075336500003622
Archive_003,Acquisition_025,ROI_0020,0,keep,0.06942443703494143
Archive_003,Acquisition_025,ROI_0021,1,discard,0.6074594548521359
Archive_003,Acquisition_025,ROI_0022,0,keep,0.026356157049700943
Archive_003,Acquisition_025,ROI_0023,0,keep,0.01916380365357249
Archive_003,Acquisition_025,ROI_0024,0,keep,0.09190915434223618
Archive_003,Acquisition_025,ROI_0025,0,keep,0.029611759353378245
Archive_003,Acquisition_025,ROI_0026,0,keep,0.10389420846143221
Archive_003,Acquisition_025,ROI_0027,0,keep,0.048482080358168804
Archive_003,Acquisition_025,ROI_0028,0,keep,0.08316387007981393
Archive_003,Acquisition_025,ROI_0029,0,keep,0.15157423801461878
Archive_003,Acquisition_025,ROI_0030,0,keep,0.03154101489788325
Archive_003,Acquisition_025,ROI_0031,0,keep,0.11920205197003474
Archive_003,Acquisition_025,ROI_0032,0,keep,0.01728284202796375
Archive_003,Acquisition_025,ROI_0033,0,keep,0.008015926195710203
Archive_003,Acquisition_025,ROI_0034,0,keep,0.028325348380418548
Archive_003,Acquisition_025,ROI_0035,0,keep,0.03827097343313195
Archive_003,Acquisition_025,ROI_0036,0,keep,0.08860047967974678
Archive_003,Acquisition_025,ROI_0037,0,keep,0.04286502989337988
Archive_003,Acquisition_025,ROI_0038,0,keep,0.02871615914723969
Archive_003,Acquisition_025,ROI_0039,0,keep,0.05576985494269862
Archive_003,Acquisition_025,ROI_0040,0,keep,0.17859460410661382
Archive_003,Acquisition_025,ROI_0041,0,keep,0.03574806769175356
Archive_003,Acquisition_025,ROI_0042,0,keep,0.31200243417532886
Archive_003,Acquisition_025,ROI_0043,0,keep,0.021385570542552287
Archive_003,Acquisition_025,ROI_0044,0,keep,0.040043755127953905
Archive_003,Acquisition_025,ROI_0045,0,keep,0.02985392384542307
Archive_003,Acquisition_025,ROI_0046,0,keep,0.030195758332252035
Archive_003,Acquisition_025,ROI_0047,1,discard,0.9256400331840564
Archive_003,Acquisition_025,ROI_0048,0,keep,0.17682370103229522
Archive_003,Acquisition_025,ROI_0049,1,discard,0.4525600419537696
Archive_003,Acquisition_025,ROI_0050,0,keep,0.0675976443826903
Archive_003,Acquisition_025,ROI_0051,0,keep,0.02830388832263033
Archive_003,Acquisition_025,ROI_0052,0,keep,0.03519198139530888
Archive_003,Acquisition_025,ROI_0053,0,keep,0.08992849270002416
Archive_003,Acquisition_025,ROI_0054,0,keep,0.08227361868514628
Archive_003,Acquisition_025,ROI_0055,0,keep,0.07928372695343824
Archive_003,Acquisition_025,ROI_0056,0,keep,0.03786446148521774
Archive_003,Acquisition_025,ROI_0057,0,keep,0.03586737539402505
Archive_003,Acquisition_025,ROI_0058,0,keep,0.07152685591141254
Archive_003,Acquisition_025,ROI_0059,0,keep,0.11120022918976015
Archive_003,Acquisition_025,ROI_0060,0,keep,0.09776398066840351
Archive_003,Acquisition_025,ROI_0061,0,keep,0.06708114392011352
Archive_003,Acquisition_025,ROI_0062,0,keep,0.09055278898599498
Archive_003,Acquisition_025,ROI_0063,0,keep,0.0558481500330619
Archive_003,Acquisition_025,ROI_0064,0,keep,0.03787273208568327
Archive_003,Acquisition_025,ROI_0065,0,keep,0.04984880400299154
Archive_003,Acquisition_025,ROI_0066,0,keep,0.7435331606973328
Archive_003,Acquisition_025,ROI_0067,0,keep,0.10628727613165836
Archive_003,Acquisition_025,ROI_0068,0,keep,0.2845675160188027
Archive_003,Acquisition_025,ROI_0069,1,discard,0.9999982924656827
Archive_003,Acquisition_025,ROI_0070,0,keep,0.10566992472025073
Archive_003,Acquisition_025,ROI_0071,0,keep,0.06086826009246565
Archive_003,Acquisition_025,ROI_0072,0,keep,0.04925933581173907
Archive_003,Acquisition_025,ROI_0073,1,discard,1.0
Archive_003,Acquisition_025,ROI_0074,1,discard,0.09857537584913552
Archive_003,Acquisition_025,ROI_0075,0,keep,0.0917212171826602
Archive_003,Acquisition_025,ROI_0076,0,keep,0.12632250699722442
Archive_003,Acquisition_025,ROI_0077,0,keep,0.13225613378250098
Archive_003,Acquisition_025,ROI_0078,0,keep,0.10240206391699205
Archive_003,Acquisition_025,ROI_0079,0,keep,0.05667227125049964
Archive_003,Acquisition_025,ROI_0080,0,keep,0.10980687617097547
Archive_003,Acquisition_025,ROI_0081,0,keep,0.06104089239002525
Archive_003,Acquisition_025,ROI_0082,1,discard,0.9999981377585602
Archive_003,Acquisition_025,ROI_0083,0,keep,0.14653794997288477
Archive_003,Acquisition_025,ROI_0084,1,discard,1.0
Archive_003,Acquisition_025,ROI_0085,1,discard,0.9999999999839062
Archive_003,Acquisition_026,ROI_0001,0,keep,0.032939721097228654
Archive_003,Acquisition_026,ROI_0002,0,keep,0.019594620712532266
Archive_003,Acquisition_026,ROI_0003,0,keep,0.06415610050442729
Archive_003,Acquisition_026,ROI_0004,0,keep,0.14769421249190812
Archive_003,Acquisition_026,ROI_0005,0,keep,0.05298890749379303
Archive_003,Acquisition_026,ROI_0006,0,keep,0.01746434440391936
Archive_003,Acquisition_026,ROI_0007,0,keep,0.05866753594705397
Archive_003,Acquisition_026,ROI_0008,0,keep,0.017726657057474053
Archive_003,Acquisition_026,ROI_0009,0,keep,0.04487900862105002
Archive_003,Acquisition_026,ROI_0010,0,keep,0.05389974217352341
Archive_003,Acquisition_026,ROI_0011,0,keep,0.033012385692248805
Archive_003,Acquisition_026,ROI_0012,0,keep,0.04395278083298429
Archive_003,Acquisition_026,ROI_0013,0,keep,0.030460270143966454
Archive_003,Acquisition_026,ROI_0014,0,keep,0.06626124563144285
Archive_003,Acquisition_026,ROI_0015,0,keep,0.06935545883270204
Archive_003,Acquisition_026,ROI_0016,0,keep,0.03286573765878866
Archive_003,Acquisition_026,ROI_0017,0,keep,0.128535166839976
Archive_003,Acquisition_026,ROI_0018,0,keep,0.061744372460253064
Archive_003,Acquisition_026,ROI_0019,0,keep,0.10264065302551292
Archive_003,Acquisition_026,ROI_0020,1,discard,0.596722476850904
Archive_003,Acquisition_026,ROI_0021,0,keep,0.029989861124475922
Archive_003,Acquisition_026,ROI_0022,0,keep,0.05391604740286675
Archive_003,Acquisition_026,ROI_0023,0,keep,0.05758731764210628
Archive_003,Acquisition_026,ROI_0024,0,keep,0.048038231006641216
Archive_003,Acquisition_026,ROI_0025,0,keep,0.07058583353703425
Archive_003,Acquisition_026,ROI_0026,0,keep,0.1871627834172022
Archive_003,Acquisition_026,ROI_0027,0,keep,0.07825651387225284
Archive_003,Acquisition_026,ROI_0028,0,keep,0.04483675680690487
Archive_003,Acquisition_026,ROI_0029,0,keep,0.1076106489818468
Archive_003,Acquisition_026,ROI_0030,0,keep,0.029192573685663803
Archive_003,Acquisition_026,ROI_0031,1,discard,0.44576837450765777
Archive_003,Acquisition_026,ROI_0032,0,keep,0.09754482635412727
Archive_003,Acquisition_026,ROI_0033,0,keep,0.12665919297669065
Archive_003,Acquisition_026,ROI_0034,1,discard,0.999843701297344
Archive_003,Acquisition_026,ROI_0035,0,keep,0.05869579472548312
Archive_003,Acquisition_026,ROI_0036,0,keep,0.11922996066026159
Archive_003,Acquisition_026,ROI_0037,0,keep,0.04687913789440471
Archive_003,Acquisition_026,ROI_0038,1,discard,1.0
Archive_003,Acquisition_026,ROI_0039,0,keep,0.0688155914823712
Archive_003,Acquisition_026,ROI_0040,0,keep,0.10799203284222166
Archive_003,Acquisition_026,ROI_0041,0,keep,0.08658525751345299
Archive_003,Acquisition_026,ROI_0042,0,keep,0.12395957829389515
Archive_003,Acquisition_027,ROI_0001,0,keep,0.26702545470492134
Archive_003,Acquisition_027,ROI_0002,0,keep,0.2735824544545058
Archive_003,Acquisition_027,ROI_0003,0,keep,0.049749737561343786
Archive_003,Acquisition_027,ROI_0004,0,keep,0.06908956486265469
Archive_003,Acquisition_027,ROI_0005,0,keep,0.03955551578239779
Archive_003,Acquisition_027,ROI_0006,0,keep,0.9860533029393044
Archive_003,Acquisition_027,ROI_0007,0,keep,0.0219140153705961
Archive_003,Acquisition_027,ROI_0008,0,keep,0.058265612233536754
Archive_003,Acquisition_027,ROI_0009,0,keep,0.03068839878329931
Archive_003,Acquisition_027,ROI_0010,0,keep,0.027598758227118034
Archive_003,Acquisition_027,ROI_0011,0,keep,0.04594465427294596
Archive_003,Acquisition_027,ROI_0012,0,keep,0.2707786826889164
Archive_003,Acquisition_027,ROI_0013,0,keep,0.046966029418199724
Archive_003,Acquisition_027,ROI_0014,0,keep,0.02450344934948031
Archive_003,Acquisition_027,ROI_0015,0,keep,0.047174185019397
Archive_003,Acquisition_027,ROI_0016,0,keep,0.036105837589041186
Archive_003,Acquisition_027,ROI_0017,0,keep,0.034828080369293204
Archive_003,Acquisition_027,ROI_0018,0,keep,0.05052027256377747
Archive_003,Acquisition_027,ROI_0019,0,keep,0.0320840176797431
Archive_003,Acquisition_027,ROI_0020,1,discard,0.9999506092670649
Archive_003,Acquisition_027,ROI_0021,0,keep,0.06045905218847353
Archive_003,Acquisition_027,ROI_0022,0,keep,0.04276770418165344
Archive_003,Acquisition_027,ROI_0023,0,keep,0.03529189865532347
Archive_003,Acquisition_027,ROI_0024,0,keep,0.10928655480449008
Archive_003,Acquisition_027,ROI_0025,0,keep,0.020305667660982185
Archive_003,Acquisition_027,ROI_0026,0,keep,0.8430563722551269
Archive_003,Acquisition_027,ROI_0027,0,keep,0.051590948244151766
Archive_003,Acquisition_027,ROI_0028,0,keep,0.04459209492765924
Archive_003,Acquisition_027,ROI_0029,0,keep,0.13551726071154213
Archive_003,Acquisition_027,ROI_0030,0,keep,0.03242923613364372
Archive_003,Acquisition_027,ROI_0031,0,keep,0.02804800263263575
Archive_003,Acquisition_027,ROI_0032,1,discard,0.9999999999999967
Archive_003,Acquisition_027,ROI_0033,0,keep,0.02834584335041843
Archive_003,Acquisition_027,ROI_0034,0,keep,0.05478391971030085
Archive_003,Acquisition_027,ROI_0035,0,keep,0.07599320930773158
Archive_003,Acquisition_027,ROI_0036,0,keep,0.041517304403194566
Archive_003,Acquisition_027,ROI_0037,0,keep,0.030744765221265215
Archive_003,Acquisition_027,ROI_0038,0,keep,0.14847578786122892
Archive_003,Acquisition_027,ROI_0039,0,keep,0.07564957294030977
Archive_003,Acquisition_027,ROI_0040,0,keep,0.06387890192536422
Archive_003,Acquisition_027,ROI_0041,0,keep,0.05139659816691135
Archive_003,Acquisition_027,ROI_0042,0,keep,0.1258921812197507
Archive_003,Acquisition_027,ROI_0043,0,keep,0.14023344964106785
Archive_003,Acquisition_027,ROI_0044,0,keep,0.04242055345375998
Archive_003,Acquisition_027,ROI_0045,0,keep,0.04464092046779824
Archive_003,Acquisition_027,ROI_0046,0,keep,0.11486823102886926
Archive_003,Acquisition_027,ROI_0047,0,keep,0.09019264493953434
Archive_003,Acquisition_027,ROI_0048,0,keep,0.11435034647814309
Archive_003,Acquisition_027,ROI_0049,0,keep,0.11380198521236011
Archive_003,Acquisition_027,ROI_0050,0,keep,0.10827327132012982
Archive_003,Acquisition_027,ROI_0051,1,discard,0.9999999999091951
Archive_003,Acquisition_028,ROI_0001,0,keep,0.13000955788175725
Archive_003,Acquisition_028,ROI_0002,0,keep,0.10549429804465632
Archive_003,Acquisition_028,ROI_0003,0,keep,0.04897403446800258
Archive_003,Acquisition_028,ROI_0004,1,discard,1.0
Archive_003,Acquisition_028,ROI_0005,1,discard,0.9942598252928991
Archive_003,Acquisition_028,ROI_0006,1,discard,0.7304641869044953
Archive_003,Acquisition_028,ROI_0007,0,keep,0.11698184149943046
Archive_003,Acquisition_028,ROI_0008,0,keep,0.08912921930504211
Archive_003,Acquisition_028,ROI_0009,0,keep,0.040761267790192006
Archive_003,Acquisition_028,ROI_0010,0,keep,0.9732971393542553
Archive_003,Acquisition_028,ROI_0011,0,keep,0.05331712475251195
Archive_003,Acquisition_028,ROI_0012,0,keep,0.03471071427771187
Archive_003,Acquisition_028,ROI_0013,0,keep,0.06229921601109939
Archive_003,Acquisition_028,ROI_0014,0,keep,0.18044547278400708
Archive_003,Acquisition_028,ROI_0015,0,keep,0.03504154077281897
Archive_003,Acquisition_028,ROI_0016,0,keep,0.031044321647522688
Archive_003,Acquisition_028,ROI_0017,0,keep,0.6611326309406556
Archive_003,Acquisition_028,ROI_0018,0,keep,0.0924652370541773
Archive_003,Acquisition_028,ROI_0019,0,keep,0.044084221950392265
Archive_003,Acquisition_028,ROI_0020,0,keep,0.04790150455636398
Archive_003,Acquisition_028,ROI_0021,0,keep,0.05433095030194947
Archive_003,Acquisition_028,ROI_0022,0,keep,0.10646702412894994
Archive_003,Acquisition_028,ROI_0023,0,keep,0.04859458799490348
Archive_003,Acquisition_028,ROI_0024,0,keep,0.03759239303700027
Archive_003,Acquisition_028,ROI_0025,0,keep,0.03316067578032511
Archive_003,Acquisition_028,ROI_0026,0,keep,0.061162238977057234
Archive_003,Acquisition_028,ROI_0027,0,keep,0.11201797214646154
Archive_003,Acquisition_028,ROI_0028,0,keep,0.04107007805782982
Archive_003,Acquisition_028,ROI_0029,0,keep,0.13802957492154092
Archive_003,Acquisition_028,ROI_0030,0,keep,0.3200268640173959
Archive_003,Acquisition_028,ROI_0031,0,keep,0.056636202647137576
Archive_003,Acquisition_028,ROI_0032,0,keep,0.0995138612960533
Archive_003,Acquisition_028,ROI_0033,0,keep,0.050543112775184855
Archive_003,Acquisition_028,ROI_0034,0,keep,0.10816775060032813
Archive_003,Acquisition_028,ROI_0035,0,keep,0.06520757052877876
Archive_003,Acquisition_028,ROI_0036,0,keep,0.09754874405952621
Archive_003,Acquisition_028,ROI_0037,0,keep,0.02833138687365374
Archive_003,Acquisition_028,ROI_0038,0,keep,0.073133273521595
Archive_003,Acquisition_028,ROI_0039,0,keep,0.0810298542164808
Archive_003,Acquisition_028,ROI_0040,0,keep,0.07139247522228372
Archive_003,Acquisition_028,ROI_0041,1,discard,0.9999350708555383
Archive_003,Acquisition_028,ROI_0042,0,keep,0.028088749958507915
Archive_003,Acquisition_028,ROI_0043,0,keep,0.058358631418411584
Archive_003,Acquisition_028,ROI_0044,0,keep,0.054770091888203705
Archive_003,Acquisition_028,ROI_0045,1,discard,1.0
Archive_003,Acquisition_028,ROI_0046,0,keep,0.02557815272145982
Archive_003,Acquisition_028,ROI_0047,1,discard,0.9999999999999947
Archive_004,Acquisition_029,ROI_0001,0,keep,0.09713310303065055
Archive_004,Acquisition_029,ROI_0002,1,discard,0.9999997958706869
Archive_004,Acquisition_029,ROI_0003,0,keep,0.6471121836767598
Archive_004,Acquisition_029,ROI_0004,0,keep,0.6218598733573244
Archive_004,Acquisition_029,ROI_0005,0,keep,0.5899224527938824
Archive_004,Acquisition_029,ROI_0006,0,keep,0.6945269828744668
Archive_004,Acquisition_029,ROI_0007,0,keep,0.32761837802888893
Archive_004,Acquisition_029,ROI_0008,0,keep,0.09070986439405032
Archive_004,Acquisition_029,ROI_0009,0,keep,0.5096772491884458
Archive_004,Acquisition_029,ROI_0010,0,keep,0.3028092569607895
Archive_004,Acquisition_029,ROI_0011,0,keep,0.23800891549844
Archive_004,Acquisition_029,ROI_0012,0,keep,0.5086406561144213
Archive_004,Acquisition_029,ROI_0013,0,keep,0.20365908976876815
Archive_004,Acquisition_029,ROI_0014,0,keep,0.41854884739692116
Archive_004,Acquisition_029,ROI_0015,0,keep,0.11596665010959377
Archive_004,Acquisition_029,ROI_0016,0,keep,0.10807076765875594
Archive_004,Acquisition_029,ROI_0017,0,keep,0.7186321444070062
Archive_004,Acquisition_029,ROI_0018,0,keep,0.10838611751044394
Archive_004,Acquisition_029,ROI_0019,0,keep,0.026994330858313306
Archive_004,Acquisition_029,ROI_0020,0,keep,0.9205313594243126
Archive_004,Acquisition_029,ROI_0021,0,keep,0.1902164927751885
Archive_004,Acquisition_029,ROI_0022,0,keep,0.8776258910414049
Archive_004,Acquisition_029,ROI_0023,0,keep,0.22977171224442713
Archive_004,Acquisition_029,ROI_0024,0,keep,0.9290137455658225
Archive_004,Acquisition_029,ROI_0025,1,discard,0.9999939776320167
Archive_004,Acquisition_029,ROI_0026,0,keep,0.07179073312069632
Archive_004,Acquisition_029,ROI_0027,0,keep,0.2633578859503609
Archive_004,Acquisition_029,ROI_0028,0,keep,0.29980974367966656
Archive_004,Acquisition_029,ROI_0029,0,keep,0.18913658672688866
Archive_004,Acquisition_029,ROI_0030,1,discard,0.8980573150083812
Archive_004,Acquisition_029,ROI_0031,0,keep,0.12304722372737413
Archive_004,Acquisition_029,ROI_0032,0,keep,0.1426379068769412
Archive_004,Acquisition_029,ROI_0033,0,keep,0.0510912919213317
Archive_004,Acquisition_029,ROI_0034,1,discard,0.9999489950224203
Archive_004,Acquisition_029,ROI_0035,0,keep,0.6035353315795033
Archive_004,Acquisition_029,ROI_0036,0,keep,0.06750731102927482
Archive_004,Acquisition_029,ROI_0037,0,keep,0.18265714602779626
Archive_004,Acquisition_029,ROI_0038,0,keep,0.13855270266171704
Archive_004,Acquisition_029,ROI_0039,0,keep,0.010244617526216877
Archive_004,Acquisition_029,ROI_0040,0,keep,0.03637483072155441
Archive_004,Acquisition_029,ROI_0041,0,keep,0.06791604529233454
Archive_004,Acquisition_029,ROI_0042,0,keep,0.9996531370962557
Archive_004,Acquisition_029,ROI_0043,0,keep,0.29602417180569734
Archive_004,Acquisition_029,ROI_0044,0,keep,0.9957532712244349
Archive_004,Acquisition_029,ROI_0045,0,keep,0.9989605046076249
Archive_004,Acquisition_029,ROI_0046,0,keep,0.0359555053801822
Archive_004,Acquisition_029,ROI_0047,0,keep,0.019470093454720068
Archive_004,Acquisition_029,ROI_0048,0,keep,0.14696111140148355
Archive_004,Acquisition_029,ROI_0049,0,keep,0.859478836123827
Archive_004,Acquisition_029,ROI_0050,1,discard,1.0
Archive_004,Acquisition_029,ROI_0051,0,keep,0.027193367239317
Archive_004,Acquisition_029,ROI_0052,0,keep,0.062110253339385024
Archive_004,Acquisition_029,ROI_0053,0,keep,0.027515219771803517
Archive_004,Acquisition_029,ROI_0054,0,keep,0.9993715761362971
Archive_004,Acquisition_029,ROI_0055,0,keep,0.03639923842927455
Archive_004,Acquisition_029,ROI_0056,0,keep,0.970911873983022
Archive_004,Acquisition_029,ROI_0057,0,keep,0.11647510921677434
Archive_004,Acquisition_029,ROI_0058,0,keep,0.0329650624155392
Archive_004,Acquisition_029,ROI_0059,0,keep,0.05415664475745247
Archive_004,Acquisition_029,ROI_0060,0,keep,0.12703075868951494
Archive_004,Acquisition_029,ROI_0061,0,keep,0.8395152200589161
Archive_004,Acquisition_029,ROI_0062,0,keep,0.052130907177591654
Archive_004,Acquisition_029,ROI_0063,0,keep,0.058314914201315717
Archive_004,Acquisition_029,ROI_0064,0,keep,0.025399207492144468
Archive_004,Acquisition_029,ROI_0065,0,keep,0.011048265451240888
Archive_004,Acquisition_029,ROI_0066,0,keep,0.02052254643431455
Archive_004,Acquisition_029,ROI_0067,0,keep,0.023029431401325347
Archive_004,Acquisition_029,ROI_0068,0,keep,0.009514640032654426
Archive_004,Acquisition_029,ROI_0069,0,keep,0.025440071484808726
Archive_004,Acquisition_029,ROI_0070,0,keep,0.8912529112030068
Archive_004,Acquisition_029,ROI_0071,0,keep,0.03883582221743491
Archive_004,Acquisition_029,ROI_0072,0,keep,0.019347872258851453
Archive_004,Acquisition_029,ROI_0073,0,keep,0.05149080971479445
Archive_004,Acquisition_029,ROI_0074,0,keep,0.03138277812337675
Archive_004,Acquisition_029,ROI_0075,1,discard,1.0
Archive_004,Acquisition_029,ROI_0076,0,keep,0.02211674451409536
Archive_004,Acquisition_029,ROI_0077,0,keep,0.04789517347851123
Archive_004,Acquisition_029,ROI_0078,0,keep,0.8963491126093818
Archive_004,Acquisition_029,ROI_0079,0,keep,0.02370465184404052
Archive_004,Acquisition_029,ROI_0080,0,keep,0.012924822451059704
Archive_004,Acquisition_029,ROI_0081,0,keep,0.9779358917460964
Archive_004,Acquisition_029,ROI_0082,0,keep,0.4363595994070462
Archive_004,Acquisition_029,ROI_0083,0,keep,0.013147774244007523
Archive_004,Acquisition_029,ROI_0084,0,keep,0.019309964033883187
Archive_004,Acquisition_029,ROI_0085,0,keep,0.996869112602911
Archive_004,Acquisition_029,ROI_0086,0,keep,0.013496246470288641
Archive_004,Acquisition_029,ROI_0087,0,keep,0.008410754789300097
Archive_004,Acquisition_029,ROI_0088,0,keep,0.013492799394466438
Archive_004,Acquisition_029,ROI_0089,0,keep,0.043952985866172176
Archive_004,Acquisition_029,ROI_0090,0,keep,0.030249978636657113
Archive_004,Acquisition_029,ROI_0091,1,discard,0.9993036490043152
Archive_004,Acquisition_029,ROI_0092,0,keep,0.9993579299272789
Archive_004,Acquisition_029,ROI_0093,0,keep,0.003136382192656561
Archive_004,Acquisition_029,ROI_0094,0,keep,0.9472503643592353
Archive_004,Acquisition_029,ROI_0095,0,keep,0.02926714903297239
Archive_004,Acquisition_029,ROI_0096,0,keep,0.01186362632977299
Archive_004,Acquisition_029,ROI_0097,0,keep,0.018306141000143675
Archive_004,Acquisition_029,ROI_0098,0,keep,0.16733893818893153
Archive_004,Acquisition_029,ROI_0099,0,keep,0.009667980339616624
Archive_004,Acquisition_029,ROI_0100,0,keep,0.07174719880718346
Archive_004,Acquisition_029,ROI_0101,0,keep,0.018937053269361067
Archive_004,Acquisition_029,ROI_0102,0,keep,0.44933984664308974
Archive_004,Acquisition_029,ROI_0103,0,keep,0.005557560045505779
Archive_004,Acquisition_029,ROI_0104,1,discard,0.9999997970443778
Archive_004,Acquisition_029,ROI_0105,0,keep,0.02095897768538006
Archive_004,Acquisition_029,ROI_0106,0,keep,0.012234507459865502
Archive_004,Acquisition_029,ROI_0107,0,keep,0.15720908301500452
Archive_004,Acquisition_029,ROI_0108,1,discard,0.9999998008848666
Archive_004,Acquisition_029,ROI_0109,0,keep,0.021264611035143564
Archive_004,Acquisition_029,ROI_0110,0,keep,0.05300166915896536
Archive_004,Acquisition_029,ROI_0111,0,keep,0.007236331402327614
Archive_004,Acquisition_029,ROI_0112,1,discard,1.0
Archive_004,Acquisition_029,ROI_0113,0,keep,0.04301768030529686
Archive_004,Acquisition_030,ROI_0001,0,keep,0.9116111420083934
Archive_004,Acquisition_030,ROI_0002,0,keep,0.9254665178090515
Archive_004,Acquisition_030,ROI_0003,0,keep,0.7782627458135514
Archive_004,Acquisition_030,ROI_0004,0,keep,0.9288664597237913
Archive_004,Acquisition_030,ROI_0005,0,keep,0.9999942021957234
Archive_004,Acquisition_030,ROI_0006,0,keep,0.8469049530718059
Archive_004,Acquisition_030,ROI_0007,0,keep,0.5462176496436402
Archive_004,Acquisition_030,ROI_0008,0,keep,0.28529723425964876
Archive_004,Acquisition_030,ROI_0009,0,keep,0.9999996985213452
Archive_004,Acquisition_030,ROI_0010,0,keep,0.5442905520120103
Archive_004,Acquisition_030,ROI_0011,0,keep,0.963360280294446
Archive_004,Acquisition_030,ROI_0012,0,keep,0.07643339186727797
Archive_004,Acquisition_030,ROI_0013,0,keep,0.8922811516816564
Archive_004,Acquisition_030,ROI_0014,0,keep,0.4688640941353595
Archive_004,Acquisition_030,ROI_0015,0,keep,0.3077241542673255
Archive_004,Acquisition_030,ROI_0016,1,discard,1.0
Archive_004,Acquisition_030,ROI_0017,0,keep,0.3147967210823088
Archive_004,Acquisition_030,ROI_0018,0,keep,0.31565733472300644
Archive_004,Acquisition_030,ROI_0019,0,keep,0.9942469644138117
Archive_004,Acquisition_030,ROI_0020,0,keep,0.96955645324554
Archive_004,Acquisition_030,ROI_0021,0,keep,0.3578686839403377
Archive_004,Acquisition_030,ROI_0022,0,keep,0.03382591928365919
Archive_004,Acquisition_030,ROI_0023,0,keep,0.18777673260935507
Archive_004,Acquisition_030,ROI_0024,0,keep,0.2847063581922849
Archive_004,Acquisition_030,ROI_0025,0,keep,0.010674282305906184
Archive_004,Acquisition_030,ROI_0026,0,keep,0.32982482733863977
Archive_004,Acquisition_030,ROI_0027,1,discard,0.9560064896212114
Archive_004,Acquisition_030,ROI_0028,0,keep,0.18369409037723466
Archive_004,Acquisition_030,ROI_0029,1,discard,0.624330557051665
Archive_004,Acquisition_030,ROI_0030,0,keep,0.04625105841929251
Archive_004,Acquisition_030,ROI_0031,0,keep,0.129679256985462
Archive_004,Acquisition_030,ROI_0032,0,keep,0.14203423426572073
Archive_004,Acquisition_030,ROI_0033,0,keep,0.1334209063931516
Archive_004,Acquisition_030,ROI_0034,0,keep,0.3418197762907481
Archive_004,Acquisition_030,ROI_0035,0,keep,0.07110075352433334
Archive_004,Acquisition_030,ROI_0036,0,keep,0.09007357505449778
Archive_004,Acquisition_030,ROI_0037,0,keep,0.1231065738276361
Archive_004,Acquisition_030,ROI_0038,0,keep,0.0061786031920918845
Archive_004,Acquisition_030,ROI_0039,0,keep,0.0524658073755689
Archive_004,Acquisition_030,ROI_0040,0,keep,0.18254934898824454
Archive_004,Acquisition_030,ROI_0041,0,keep,0.3363763251747597
Archive_004,Acquisition_030,ROI_0042,1,discard,0.9999999999999933
Archive_004,Acquisition_030,ROI_0043,0,keep,0.01635333781620718
Archive_004,Acquisition_030,ROI_0044,0,keep,0.05406491257713597
Archive_004,Acquisition_030,ROI_0045,0,keep,0.053468197101505126
Archive_004,Acquisition_030,ROI_0046,0,keep,0.9997494637709673
Archive_004,Acquisition_030,ROI_0047,0,keep,0.0652842052028171
Archive_004,Acquisition_030,ROI_0048,0,keep,0.03170904301859749
Archive_004,Acquisition_030,ROI_0049,0,keep,0.05708883918079416
Archive_004,Acquisition_030,ROI_0050,0,keep,0.03803356068016802
Archive_004,Acquisition_030,ROI_0051,0,keep,0.024768190696672458
Archive_004,Acquisition_030,ROI_0052,0,keep,0.03697279881418957
Archive_004,Acquisition_030,ROI_0053,0,keep,0.013372097811634787
Archive_004,Acquisition_030,ROI_0054,0,keep,0.008558562181292754
Archive_004,Acquisition_030,ROI_0055,0,keep,0.05910067570375889
Archive_004,Acquisition_030,ROI_0056,0,keep,0.003571031048945775
Archive_004,Acquisition_030,ROI_0057,0,keep,0.017876850681989815
Archive_004,Acquisition_030,ROI_0058,0,keep,0.023914144669395357
Archive_004,Acquisition_030,ROI_0059,0,keep,0.028160313731913668
Archive_004,Acquisition_030,ROI_0060,0,keep,0.1963222750776602
Archive_004,Acquisition_030,ROI_0061,0,keep,0.03271126619828009
Archive_004,Acquisition_030,ROI_0062,0,keep,0.08250475185843639
Archive_004,Acquisition_030,ROI_0063,0,keep,0.012274849152587258
Archive_004,Acquisition_030,ROI_0064,0,keep,0.4781553716856004
Archive_004,Acquisition_030,ROI_0065,0,keep,0.03871860692346249
Archive_004,Acquisition_030,ROI_0066,0,keep,0.03190834365943321
Archive_004,Acquisition_030,ROI_0067,0,keep,0.029831883584730295
Archive_004,Acquisition_030,ROI_0068,0,keep,0.057843852594624066
Archive_004,Acquisition_030,ROI_0069,0,keep,0.03729298028144788
Archive_004,Acquisition_030,ROI_0070,0,keep,0.03973268743427079
Archive_004,Acquisition_030,ROI_0071,0,keep,0.37915319662374375
Archive_004,Acquisition_030,ROI_0072,0,keep,0.07624790029124892
Archive_004,Acquisition_030,ROI_0073,0,keep,0.004071285043455974
Archive_004,Acquisition_030,ROI_0074,1,discard,0.10724686025293724
Archive_004,Acquisition_030,ROI_0075,0,keep,0.033849311290775085
Archive_004,Acquisition_030,ROI_0076,0,keep,0.02884960610882248
Archive_004,Acquisition_030,ROI_0077,0,keep,0.08461695867089275
Archive_004,Acquisition_030,ROI_0078,0,keep,0.05898406757195983
Archive_004,Acquisition_030,ROI_0079,0,keep,0.07338338046792008
Archive_004,Acquisition_030,ROI_0080,1,discard,0.9997341429949684
Archive_004,Acquisition_030,ROI_0081,0,keep,0.01970614702345145
Archive_004,Acquisition_030,ROI_0082,0,keep,0.0034874593911972877
Archive_004,Acquisition_030,ROI_0083,0,keep,0.9893196694024212
Archive_004,Acquisition_030,ROI_0084,0,keep,0.0023414497431356856
Archive_004,Acquisition_030,ROI_0085,0,keep,0.01000854527772794
Archive_004,Acquisition_030,ROI_0086,0,keep,0.027532312375613426
Archive_004,Acquisition_030,ROI_0087,0,keep,0.016293911599789185
Archive_004,Acquisition_030,ROI_0088,0,keep,0.1847696520154898
Archive_004,Acquisition_031,ROI_0001,0,keep,0.8265363295792002
Archive_004,Acquisition_031,ROI_0002,1,discard,0.9999995358733671
Archive_004,Acquisition_031,ROI_0003,0,keep,0.45763110246186833
Archive_004,Acquisition_031,ROI_0004,0,keep,0.9942480232106959
Archive_004,Acquisition_031,ROI_0005,0,keep,0.6086390014826617
Archive_004,Acquisition_031,ROI_0006,0,keep,0.8179613144988154
Archive_004,Acquisition_031,ROI_0007,1,discard,0.9994971644401072
Archive_004,Acquisition_031,ROI_0008,0,keep,0.09914072708730848
Archive_004,Acquisition_031,ROI_0009,0,keep,0.27599028201027304
Archive_004,Acquisition_031,ROI_0010,0,keep,0.9523125184161977
Archive_004,Acquisition_031,ROI_0011,0,keep,0.3241580062669989
Archive_004,Acquisition_031,ROI_0012,0,keep,0.3618900739630279
Archive_004,Acquisition_031,ROI_0013,0,keep,0.009080200801263398
Archive_004,Acquisition_031,ROI_0014,0,keep,0.12796130130689143
Archive_004,Acquisition_031,ROI_0015,0,keep,0.037345385589889334
Archive_004,Acquisition_031,ROI_0016,0,keep,0.24114002343117205
Archive_004,Acquisition_031,ROI_0017,0,keep,0.18051148166151415
Archive_004,Acquisition_031,ROI_0018,0,keep,0.22125195804080397
Archive_004,Acquisition_031,ROI_0019,0,keep,0.3495981450285074
Archive_004,Acquisition_031,ROI_0020,0,keep,0.4105926233615012
Archive_004,Acquisition_031,ROI_0021,0,keep,0.03138664738561186
Archive_004,Acquisition_031,ROI_0022,0,keep,0.7634082320387883
Archive_004,Acquisition_031,ROI_0023,0,keep,0.022521097045229116
Archive_004,Acquisition_031,ROI_0024,0,keep,0.6420341381725088
Archive_004,Acquisition_031,ROI_0025,0,keep,0.25104507407561855
Archive_004,Acquisition_031,ROI_0026,0,keep,0.12138751441915747
Archive_004,Acquisition_031,ROI_0027,0,keep,0.04663469273228767
Archive_004,Acquisition_031,ROI_0028,0,keep,0.3999491453671285
Archive_004,Acquisition_031,ROI_0029,0,keep,0.27577981811876784
Archive_004,Acquisition_031,ROI_0030,0,keep,0.13378523378885313
Archive_004,Acquisition_031,ROI_0031,0,keep,0.9968068112274829
Archive_004,Acquisition_031,ROI_0032,0,keep,0.5759204857739484
Archive_004,Acquisition_031,ROI_0033,0,keep,0.9999855988283235
Archive_004,Acquisition_031,ROI_0034,0,keep,0.013142446429212357
Archive_004,Acquisition_031,ROI_0035,0,keep,0.03148402345325459
Archive_004,Acquisition_031,ROI_0036,1,discard,0.9999999999999993
Archive_004,Acquisition_031,ROI_0037,0,keep,0.39088639427938143
Archive_004,Acquisition_031,ROI_0038,0,keep,0.9999727997003811
Archive_004,Acquisition_031,ROI_0039,0,keep,0.741169800990603
Archive_004,Acquisition_031,ROI_0040,0,keep,0.11823363143963003
Archive_004,Acquisition_031,ROI_0041,0,keep,0.007974587489126229
Archive_004,Acquisition_031,ROI_0042,0,keep,0.14642920532954867
Archive_004,Acquisition_031,ROI_0043,0,keep,0.9993377729074395
Archive_004,Acquisition_031,ROI_0044,0,keep,0.022142210129409007
Archive_004,Acquisition_031,ROI_0045,0,keep,0.0388731571097566
Archive_004,Acquisition_031,ROI_0046,0,keep,0.2128938155367761
Archive_004,Acquisition_031,ROI_0047,0,keep,0.06633214782877428
Archive_004,Acquisition_031,ROI_0048,0,keep,0.018097029496857042
Archive_004,Acquisition_031,ROI_0049,0,keep,0.06756293542076469
Archive_004,Acquisition_031,ROI_0050,0,keep,0.896294968796278
Archive_004,Acquisition_031,ROI_0051,1,discard,0.7707434423175687
Archive_004,Acquisition_031,ROI_0052,0,keep,0.0026107143096349844
Archive_004,Acquisition_031,ROI_0053,0,keep,0.7627072457048075
Archive_004,Acquisition_031,ROI_0054,0,keep,0.08794312864604899
Archive_004,Acquisition_031,ROI_0055,1,discard,0.9999999999716371
Archive_004,Acquisition_031,ROI_0056,0,keep,0.009516079273225094
Archive_004,Acquisition_031,ROI_0057,0,keep,0.9776896442353101
Archive_004,Acquisition_031,ROI_0058,0,keep,0.23169967282566928
Archive_004,Acquisition_031,ROI_0059,0,keep,0.9992461424519987
Archive_004,Acquisition_031,ROI_0060,0,keep,0.05195598781340963
Archive_004,Acquisition_031,ROI_0061,1,discard,1.0
Archive_004,Acquisition_031,ROI_0062,0,keep,0.00858572949969514
Archive_004,Acquisition_031,ROI_0063,0,keep,0.05606275690517406
Archive_004,Acquisition_031,ROI_0064,0,keep,0.9999999999736928
Archive_004,Acquisition_031,ROI_0065,0,keep,0.9999960974732707
Archive_004,Acquisition_031,ROI_0066,0,keep,0.023904164653363487
Archive_004,Acquisition_031,ROI_0067,0,keep,0.028303667644982527
Archive_004,Acquisition_031,ROI_0068,0,keep,0.9380823633389682
Archive_004,Acquisition_031,ROI_0069,0,keep,0.034154845110740614
Archive_004,Acquisition_031,ROI_0070,0,keep,0.011544609182014519
Archive_004,Acquisition_031,ROI_0071,0,keep,0.028327114220903216
Archive_004,Acquisition_031,ROI_0072,0,keep,0.03938928003620825
Archive_004,Acquisition_031,ROI_0073,1,discard,1.0
Archive_004,Acquisition_031,ROI_0074,0,keep,0.026877102735364033
Archive_004,Acquisition_031,ROI_0075,0,keep,0.011928154739466075
Archive_004,Acquisition_031,ROI_0076,0,keep,0.006631570412023722
Archive_004,Acquisition_031,ROI_0077,0,keep,0.9999995846352738
Archive_004,Acquisition_031,ROI_0078,0,keep,0.021736525720092482
Archive_004,Acquisition_031,ROI_0079,0,keep,0.056217985455139834
Archive_004,Acquisition_031,ROI_0080,0,keep,0.010268501308741
Archive_004,Acquisition_031,ROI_0081,0,keep,0.007909602936645303
Archive_004,Acquisition_031,ROI_0082,0,keep,0.9999218568658006
Archive_004,Acquisition_031,ROI_0083,0,keep,0.2772720942532827
Archive_004,Acquisition_031,ROI_0084,0,keep,0.011760315501788621
Archive_004,Acquisition_031,ROI_0085,0,keep,0.019055781895947324
Archive_004,Acquisition_031,ROI_0086,0,keep,0.006406973017428365
Archive_004,Acquisition_031,ROI_0087,0,keep,0.013813664264854548
Archive_004,Acquisition_031,ROI_0088,0,keep,0.06598197894417507
Archive_004,Acquisition_031,ROI_0089,0,keep,0.019141845993876288
Archive_004,Acquisition_031,ROI_0090,0,keep,0.029391010628027663
Archive_004,Acquisition_031,ROI_0091,0,keep,0.00982129036425114
Archive_004,Acquisition_031,ROI_0092,0,keep,0.03079021610545289
Archive_004,Acquisition_031,ROI_0093,0,keep,0.02315253273395916
Archive_004,Acquisition_031,ROI_0094,1,discard,0.9998518579347032
Archive_004,Acquisition_031,ROI_0095,0,keep,0.9999999773312199
Archive_004,Acquisition_031,ROI_0096,0,keep,0.030999234873529295
Archive_004,Acquisition_031,ROI_0097,0,keep,0.026922871757192126
Archive_004,Acquisition_031,ROI_0098,1,discard,1.0
Archive_004,Acquisition_031,ROI_0099,0,keep,0.003563262617339992
Archive_004,Acquisition_031,ROI_0100,0,keep,0.07284252666380131
Archive_004,Acquisition_031,ROI_0101,0,keep,0.013134718371043809
Archive_004,Acquisition_031,ROI_0102,0,keep,0.00297196268650065
Archive_004,Acquisition_031,ROI_0103,0,keep,0.009527251684422646
Archive_004,Acquisition_032,ROI_0001,0,keep,0.9398821684107171
Archive_004,Acquisition_032,ROI_0002,0,keep,0.6914778055767735
Archive_004,Acquisition_032,ROI_0003,0,keep,0.6344541625809229
Archive_004,Acquisition_032,ROI_0004,1,discard,0.9999999999994489
Archive_004,Acquisition_032,ROI_0005,0,keep,0.5468569867712219
Archive_004,Acquisition_032,ROI_0006,1,discard,1.0
Archive_004,Acquisition_032,ROI_0007,0,keep,0.9993076491139241
Archive_004,Acquisition_032,ROI_0008,0,keep,0.21464422063271088
Archive_004,Acquisition_032,ROI_0009,1,discard,1.0
Archive_004,Acquisition_032,ROI_0010,0,keep,0.2650649584963592
Archive_004,Acquisition_032,ROI_0011,0,keep,0.3004491894267987
Archive_004,Acquisition_032,ROI_0012,0,keep,0.2285548251024881
Archive_004,Acquisition_032,ROI_0013,0,keep,0.37797744791265764
Archive_004,Acquisition_032,ROI_0014,0,keep,0.15029613575101355
Archive_004,Acquisition_032,ROI_0015,0,keep,0.4936267606369384
Archive_004,Acquisition_032,ROI_0016,1,discard,0.980064879724196
Archive_004,Acquisition_032,ROI_0017,0,keep,0.08409274754929012
Archive_004,Acquisition_032,ROI_0018,0,keep,0.5347013839887469
Archive_004,Acquisition_032,ROI_0019,0,keep,0.10395017132618169
Archive_004,Acquisition_032,ROI_0020,0,keep,0.32205860474041015
Archive_004,Acquisition_032,ROI_0021,0,keep,0.5396067419233661
Archive_004,Acquisition_032,ROI_0022,0,keep,0.08394750038899385
Archive_004,Acquisition_032,ROI_0023,0,keep,0.016138837319004767
Archive_004,Acquisition_032,ROI_0024,0,keep,0.05707562639188683
Archive_004,Acquisition_032,ROI_0025,0,keep,0.09086806523959973
Archive_004,Acquisition_032,ROI_0026,0,keep,0.01110599892799093
Archive_004,Acquisition_032,ROI_0027,0,keep,0.03852173835370656
Archive_004,Acquisition_032,ROI_0028,0,keep,0.10280940656796499
Archive_004,Acquisition_032,ROI_0029,0,keep,0.08480030998729678
Archive_004,Acquisition_032,ROI_0030,0,keep,0.5119456110956728
Archive_004,Acquisition_032,ROI_0031,0,keep,0.9395212014861484
Archive_004,Acquisition_032,ROI_0032,0,keep,0.018093524788963707
Archive_004,Acquisition_032,ROI_0033,1,discard,0.9999999999567102
Archive_004,Acquisition_032,ROI_0034,0,keep,0.18719333034918764
Archive_004,Acquisition_032,ROI_0035,0,keep,0.5551377948034694
Archive_004,Acquisition_032,ROI_0036,0,keep,0.03313462626967492
Archive_004,Acquisition_032,ROI_0037,0,keep,0.17176088787660349
Archive_004,Acquisition_032,ROI_0038,0,keep,0.049417203081240285
Archive_004,Acquisition_032,ROI_0039,0,keep,0.04717552701106536
Archive_004,Acquisition_032,ROI_0040,0,keep,0.9786151207350305
Archive_004,Acquisition_032,ROI_0041,0,keep,0.9985311538897504
Archive_004,Acquisition_032,ROI_0042,0,keep,0.011738229417130838
Archive_004,Acquisition_032,ROI_0043,0,keep,0.026043928597112402
Archive_004,Acquisition_032,ROI_0044,0,keep,0.014335894171090206
Archive_004,Acquisition_032,ROI_0045,0,keep,0.02621772774023882
Archive_004,Acquisition_032,ROI_0046,0,keep,0.9609059488342719
Archive_004,Acquisition_032,ROI_0047,0,keep,0.049309723708298114
Archive_004,Acquisition_032,ROI_0048,0,keep,0.9733057859241884
Archive_004,Acquisition_032,ROI_0049,0,keep,0.06180198382051415
Archive_004,Acquisition_032,ROI_0050,0,keep,0.2544410570826689
Archive_004,Acquisition_032,ROI_0051,0,keep,0.012480810199888757
Archive_004,Acquisition_032,ROI_0052,0,keep,0.9923172348701411
Archive_004,Acquisition_032,ROI_0053,0,keep,0.06477773787691586
Archive_004,Acquisition_032,ROI_0054,0,keep,0.3176592873711718
Archive_004,Acquisition_032,ROI_0055,0,keep,0.026488759701980967
Archive_004,Acquisition_032,ROI_0056,0,keep,0.042579491387371986
Archive_004,Acquisition_032,ROI_0057,0,keep,0.10149217660507909
Archive_004,Acquisition_032,ROI_0058,0,keep,0.11275150778235625
Archive_004,Acquisition_032,ROI_0059,0,keep,0.018016024238760874
Archive_004,Acquisition_032,ROI_0060,0,keep,0.04600182945568996
Archive_004,Acquisition_032,ROI_0061,0,keep,0.9994088244847316
Archive_004,Acquisition_032,ROI_0062,0,keep,0.010990336151918733
Archive_004,Acquisition_032,ROI_0063,0,keep,0.010072375819316366
Archive_004,Acquisition_032,ROI_0064,0,keep,0.01599771876070142
Archive_004,Acquisition_032,ROI_0065,0,keep,0.9992331883371355
Archive_004,Acquisition_032,ROI_0066,0,keep,0.019620449841676026
Archive_004,Acquisition_032,ROI_0067,0,keep,0.036352049331125756
Archive_004,Acquisition_032,ROI_0068,0,keep,0.01277970198786835
Archive_004,Acquisition_032,ROI_0069,0,keep,0.3352967114023322
Archive_004,Acquisition_032,ROI_0070,0,keep,0.022685252994020473
Archive_004,Acquisition_032,ROI_0071,0,keep,0.03330488211093481
Archive_004,Acquisition_032,ROI_0072,1,discard,1.0
Archive_004,Acquisition_032,ROI_0073,0,keep,0.03470670286767288
Archive_004,Acquisition_032,ROI_0074,0,keep,0.01391928317769664
Archive_004,Acquisition_032,ROI_0075,0,keep,0.005642316814867208
Archive_004,Acquisition_032,ROI_0076,0,keep,0.995163586788346
Archive_004,Acquisition_032,ROI_0077,0,keep,0.04055611920874936
Archive_004,Acquisition_032,ROI_0078,0,keep,0.6593259719044005
Archive_004,Acquisition_032,ROI_0079,0,keep,0.0385518433505407
Archive_004,Acquisition_032,ROI_0080,0,keep,0.014053078027864685
Archive_004,Acquisition_032,ROI_0081,0,keep,0.02781118238201253
Archive_004,Acquisition_032,ROI_0082,0,keep,0.021156764044284966
Archive_004,Acquisition_032,ROI_0083,0,keep,0.024640522499777783
Archive_004,Acquisition_032,ROI_0084,0,keep,0.059141988154142844
Archive_004,Acquisition_032,ROI_0085,0,keep,0.03257582503436498
Archive_004,Acquisition_032,ROI_0086,0,keep,0.013607577499610342
Archive_004,Acquisition_032,ROI_0087,0,keep,0.22393809532597464
Archive_004,Acquisition_032,ROI_0088,0,keep,0.050849100163333626
Archive_004,Acquisition_032,ROI_0089,0,keep,0.020479580563623617
Archive_004,Acquisition_032,ROI_0090,0,keep,0.03642076805405752
Archive_004,Acquisition_032,ROI_0091,0,keep,0.019826079555858148
Archive_004,Acquisition_032,ROI_0092,0,keep,0.029707193853349672
Archive_004,Acquisition_032,ROI_0093,0,keep,0.08469980398141122
Archive_004,Acquisition_032,ROI_0094,0,keep,0.02970067925875656
Archive_004,Acquisition_033,ROI_0001,0,keep,0.9927216828015355
Archive_004,Acquisition_033,ROI_0002,0,keep,0.7914841075663565
Archive_004,Acquisition_033,ROI_0003,0,keep,0.8007792181187774
Archive_004,Acquisition_033,ROI_0004,0,keep,0.8316953743356343
Archive_004,Acquisition_033,ROI_0005,0,keep,0.6438513751617767
Archive_004,Acquisition_033,ROI_0006,0,keep,0.6004322313129395
Archive_004,Acquisition_033,ROI_0007,0,keep,0.06015800429039654
Archive_004,Acquisition_033,ROI_0008,0,keep,0.23128003333768643
Archive_004,Acquisition_033,ROI_0009,0,keep,0.11668081271940184
Archive_004,Acquisition_033,ROI_0010,0,keep,0.18280825703840375
Archive_004,Acquisition_033,ROI_0011,0,keep,0.1433659612187515
Archive_004,Acquisition_033,ROI_0012,0,keep,0.011518284911975197
Archive_004,Acquisition_033,ROI_0013,0,keep,0.2430674729441184
Archive_004,Acquisition_033,ROI_0014,0,keep,0.019399431431016908
Archive_004,Acquisition_033,ROI_0015,0,keep,0.4279886427898861
Archive_004,Acquisition_033,ROI_0016,0,keep,0.1662816652788214
Archive_004,Acquisition_033,ROI_0017,0,keep,0.027354311458220364
Archive_004,Acquisition_033,ROI_0018,0,keep,0.12098465297951556
Archive_004,Acquisition_033,ROI_0019,0,keep,0.17037428287197892
Archive_004,Acquisition_033,ROI_0020,0,keep,0.08010687951626898
Archive_004,Acquisition_033,ROI_0021,0,keep,0.03183923467398875
Archive_004,Acquisition_033,ROI_0022,0,keep,0.020585732677323446
Archive_004,Acquisition_033,ROI_0023,0,keep,0.14223545641369137
Archive_004,Acquisition_033,ROI_0024,0,keep,0.15972070963799767
Archive_004,Acquisition_033,ROI_0025,0,keep,0.5655210707057535
Archive_004,Acquisition_033,ROI_0026,0,keep,0.10063198896071537
Archive_004,Acquisition_033,ROI_0027,0,keep,0.9353966054384619
Archive_004,Acquisition_033,ROI_0028,0,keep,0.9514624233990608
Archive_004,Acquisition_033,ROI_0029,0,keep,0.025321400081515424
Archive_004,Acquisition_033,ROI_0030,0,keep,0.09297229773649651
Archive_004,Acquisition_033,ROI_0031,0,keep,0.06025927162390295
Archive_004,Acquisition_033,ROI_0032,0,keep,0.06071621495560102
Archive_004,Acquisition_033,ROI_0033,0,keep,0.024248933629587292
Archive_004,Acquisition_033,ROI_0034,0,keep,0.18393586513617055
Archive_004,Acquisition_033,ROI_0035,0,keep,0.011733318171734418
Archive_004,Acquisition_033,ROI_0036,0,keep,0.25342609944556116
Archive_004,Acquisition_033,ROI_0037,0,keep,0.06883077969758647
Archive_004,Acquisition_033,ROI_0038,0,keep,0.5599358469386819
Archive_004,Acquisition_033,ROI_0039,0,keep,0.12762347763382992
Archive_004,Acquisition_033,ROI_0040,0,keep,0.08009997074827752
Archive_004,Acquisition_033,ROI_0041,0,keep,0.1743902214754918
Archive_004,Acquisition_033,ROI_0042,0,keep,0.06168096925784261
Archive_004,Acquisition_033,ROI_0043,0,keep,0.9958631405675481
Archive_004,Acquisition_033,ROI_0044,0,keep,0.10267593348762899
Archive_004,Acquisition_033,ROI_0045,0,keep,0.06243800883995557
Archive_004,Acquisition_033,ROI_0046,0,keep,0.018800612908464437
Archive_004,Acquisition_033,ROI_0047,0,keep,0.04588972415339123
Archive_004,Acquisition_033,ROI_0048,1,discard,0.9999999999982776
Archive_004,Acquisition_033,ROI_0049,0,keep,0.036701582057642256
Archive_004,Acquisition_033,ROI_0050,0,keep,0.031491588817741376
Archive_004,Acquisition_033,ROI_0051,0,keep,0.026649335895845467
Archive_004,Acquisition_033,ROI_0052,0,keep,0.009372652988694627
Archive_004,Acquisition_033,ROI_0053,0,keep,0.37590769113532474
Archive_004,Acquisition_033,ROI_0054,0,keep,0.011666809205276027
Archive_004,Acquisition_033,ROI_0055,0,keep,0.006352800179587282
Archive_004,Acquisition_033,ROI_0056,0,keep,0.023983809676573212
Archive_004,Acquisition_033,ROI_0057,0,keep,0.055001029285937184
Archive_004,Acquisition_033,ROI_0058,0,keep,0.03093942837174112
Archive_004,Acquisition_033,ROI_0059,0,keep,0.9976288763033114
Archive_004,Acquisition_033,ROI_0060,0,keep,0.034336512721233836
Archive_004,Acquisition_033,ROI_0061,1,discard,1.0
Archive_004,Acquisition_033,ROI_0062,0,keep,0.9999437392933719
Archive_004,Acquisition_033,ROI_0063,0,keep,0.034600914280668874
Archive_004,Acquisition_033,ROI_0064,0,keep,0.026396486731973014
Archive_004,Acquisition_033,ROI_0065,0,keep,0.004401375511391448
Archive_004,Acquisition_033,ROI_0066,0,keep,0.025282933450513866
Archive_004,Acquisition_033,ROI_0067,0,keep,0.008478997024220884
Archive_004,Acquisition_033,ROI_0068,0,keep,0.29741245678106687
Archive_004,Acquisition_033,ROI_0069,0,keep,0.010657887938357048
Archive_004,Acquisition_033,ROI_0070,0,keep,0.006641476183304672
Archive_004,Acquisition_033,ROI_0071,0,keep,0.031600299470757834
Archive_004,Acquisition_033,ROI_0072,0,keep,0.07320817011044664
Archive_004,Acquisition_033,ROI_0073,0,keep,0.03535823217292948
Archive_004,Acquisition_033,ROI_0074,0,keep,0.003994876290938448
Archive_004,Acquisition_033,ROI_0075,0,keep,0.06942510649249563
Archive_004,Acquisition_033,ROI_0076,0,keep,0.008741875126037238
Archive_004,Acquisition_033,ROI_0077,0,keep,0.013140847927170475
Archive_004,Acquisition_033,ROI_0078,0,keep,0.2679451573051626
Archive_004,Acquisition_033,ROI_0079,0,keep,0.014604779798625246
Archive_004,Acquisition_033,ROI_0080,0,keep,0.03318879322675961
Archive_004,Acquisition_033,ROI_0081,0,keep,0.9766472676412553
Archive_004,Acquisition_033,ROI_0082,0,keep,0.007387212919147452
Archive_004,Acquisition_033,ROI_0083,0,keep,0.0493914437221231
Archive_004,Acquisition_033,ROI_0084,0,keep,0.006727214708241714
Archive_004,Acquisition_033,ROI_0085,0,keep,0.01090980967772261
Archive_004,Acquisition_033,ROI_0086,0,keep,0.012186602440441485
Archive_004,Acquisition_033,ROI_0087,0,keep,0.04084949783729907
Archive_004,Acquisition_033,ROI_0088,0,keep,0.3925132687956609
Archive_004,Acquisition_033,ROI_0089,1,discard,1.0
Archive_005,Acquisition_034,ROI_0001,0,keep,0.03566089873264152
Archive_005,Acquisition_034,ROI_0002,0,keep,0.04739354097117309
Archive_005,Acquisition_034,ROI_0003,0,keep,0.18708418455318365
Archive_005,Acquisition_034,ROI_0004,0,keep,0.04024978980580137
Archive_005,Acquisition_034,ROI_0005,0,keep,0.058192087100234914
Archive_005,Acquisition_034,ROI_0006,0,keep,0.03079856505095737
Archive_005,Acquisition_034,ROI_0007,0,keep,0.04258240472221246
Archive_005,Acquisition_034,ROI_0008,0,keep,0.07042648599266864
Archive_005,Acquisition_034,ROI_0009,0,keep,0.09040811276117898
Archive_005,Acquisition_034,ROI_0010,0,keep,0.05002411169418055
Archive_005,Acquisition_034,ROI_0011,0,keep,0.15974155008201385
Archive_005,Acquisition_034,ROI_0012,0,keep,0.05540506786625146
Archive_005,Acquisition_034,ROI_0013,0,keep,0.11872780457591686
Archive_005,Acquisition_034,ROI_0014,0,keep,0.0536437304234046
Archive_005,Acquisition_034,ROI_0015,0,keep,0.17802645210111917
Archive_005,Acquisition_034,ROI_0016,0,keep,0.09723324901102567
Archive_005,Acquisition_034,ROI_0017,0,keep,0.0896490198744454
Archive_005,Acquisition_034,ROI_0018,0,keep,0.07773721065536256
Archive_005,Acquisition_034,ROI_0019,0,keep,0.08911880932470931
Archive_005,Acquisition_034,ROI_0020,0,keep,0.04546486537788143
Archive_005,Acquisition_034,ROI_0021,0,keep,0.1073891739861008
Archive_005,Acquisition_034,ROI_0022,0,keep,0.11003767874106657
Archive_005,Acquisition_034,ROI_0023,0,keep,0.07194691029097808
Archive_005,Acquisition_034,ROI_0024,0,keep,0.13551192123953973
Archive_005,Acquisition_034,ROI_0025,0,keep,0.055841615003261284
Archive_005,Acquisition_034,ROI_0026,0,keep,0.05043973572618365
Archive_005,Acquisition_034,ROI_0027,0,keep,0.09835463541180538
Archive_005,Acquisition_034,ROI_0028,0,keep,0.13190671500226364
Archive_005,Acquisition_034,ROI_0029,0,keep,0.08212004247523165
Archive_005,Acquisition_034,ROI_0030,0,keep,0.16380783859239315
Archive_005,Acquisition_034,ROI_0031,0,keep,0.10641798651008903
Archive_005,Acquisition_034,ROI_0032,0,keep,0.12173263770713402
Archive_005,Acquisition_034,ROI_0033,0,keep,0.09244845003519786
Archive_005,Acquisition_034,ROI_0034,0,keep,0.14139984729484859
Archive_005,Acquisition_034,ROI_0035,0,keep,0.12992860046798918
Archive_005,Acquisition_034,ROI_0036,0,keep,0.1896486394362057
Archive_005,Acquisition_034,ROI_0037,0,keep,0.22297011607819694
Archive_005,Acquisition_034,ROI_0038,0,keep,0.16740900279091242
Archive_005,Acquisition_034,ROI_0039,0,keep,0.6253162632865009
Archive_005,Acquisition_034,ROI_0040,0,keep,0.100263942236627
Archive_005,Acquisition_034,ROI_0041,0,keep,0.20493311318252208
Archive_005,Acquisition_034,ROI_0042,0,keep,0.2178480564776264
Archive_005,Acquisition_034,ROI_0043,0,keep,0.190924755969529
Archive_005,Acquisition_034,ROI_0044,0,keep,0.12726467559872878
Archive_005,Acquisition_034,ROI_0045,0,keep,0.19434168235669466
Archive_005,Acquisition_034,ROI_0046,1,discard,0.4938774748143584
Archive_005,Acquisition_034,ROI_0047,0,keep,0.17561199709414368
Archive_005,Acquisition_034,ROI_0048,0,keep,0.16639059209839943
Archive_005,Acquisition_034,ROI_0049,0,keep,0.10344139617196801
Archive_005,Acquisition_034,ROI_0050,1,discard,0.9810189102925672
Archive_005,Acquisition_034,ROI_0051,0,keep,0.17995272001334228
Archive_005,Acquisition_034,ROI_0052,0,keep,0.19569310079388383
Archive_005,Acquisition_034,ROI_0053,0,keep,0.22917653054593773
Archive_005,Acquisition_034,ROI_0054,0,keep,0.12515884913920927
Archive_005,Acquisition_034,ROI_0055,0,keep,0.21064812869347818
Archive_005,Acquisition_034,ROI_0056,0,keep,0.2603979908046096
Archive_005,Acquisition_034,ROI_0057,0,keep,0.2112796009337338
Archive_005,Acquisition_034,ROI_0058,0,keep,0.17062382930112055
Archive_005,Acquisition_034,ROI_0059,0,keep,0.11976894793117518
Archive_005,Acquisition_034,ROI_0060,0,keep,0.17540752442609814
Archive_005,Acquisition_034,ROI_0061,0,keep,0.15414029587037142
Archive_005,Acquisition_034,ROI_0062,0,keep,0.32578115942682234
Archive_005,Acquisition_034,ROI_0063,0,keep,0.13739631114110717
Archive_005,Acquisition_034,ROI_0064,0,keep,0.6082690371486636
Archive_005,Acquisition_034,ROI_0065,0,keep,0.20789690543444056
Archive_005,Acquisition_034,ROI_0066,1,discard,0.6441877409084769
Archive_005,Acquisition_034,ROI_0067,0,keep,0.16427890414633298
Archive_005,Acquisition_034,ROI_0068,0,keep,0.1807695222867023
Archive_005,Acquisition_034,ROI_0069,0,keep,0.2966400270356882
Archive_005,Acquisition_034,ROI_0070,0,keep,0.21219523759216233
Archive_005,Acquisition_034,ROI_0071,1,discard,0.9999999999999998
Archive_005,Acquisition_034,ROI_0072,0,keep,0.10671714188404817
Archive_005,Acquisition_034,ROI_0073,0,keep,0.11406086791828364
Archive_005,Acquisition_034,ROI_0074,0,keep,0.149263949385688
Archive_005,Acquisition_035,ROI_0001,0,keep,0.9842885665417791
Archive_005,Acquisition_035,ROI_0002,0,keep,0.023905752879909325
Archive_005,Acquisition_035,ROI_0003,0,keep,0.02462175927099279
Archive_005,Acquisition_035,ROI_0004,0,keep,0.07869551273848746
Archive_005,Acquisition_035,ROI_0005,0,keep,0.028171793658109782
Archive_005,Acquisition_035,ROI_0006,0,keep,0.020875157404583462
Archive_005,Acquisition_035,ROI_0007,0,keep,0.6168264295934482
Archive_005,Acquisition_035,ROI_0008,0,keep,0.024146516386324857
Archive_005,Acquisition_035,ROI_0009,0,keep,0.17832983374521097
Archive_005,Acquisition_035,ROI_0010,1,discard,0.9999177956518094
Archive_005,Acquisition_035,ROI_0011,0,keep,0.027639116422983043
Archive_005,Acquisition_035,ROI_0012,0,keep,0.05282527331459233
Archive_005,Acquisition_035,ROI_0013,0,keep,0.053625222153562635
Archive_005,Acquisition_035,ROI_0014,0,keep,0.03407250110560383
Archive_005,Acquisition_035,ROI_0015,0,keep,0.0342781852031451
Archive_005,Acquisition_035,ROI_0016,0,keep,0.032353667130092204
Archive_005,Acquisition_035,ROI_0017,0,keep,0.03787608551818105
Archive_005,Acquisition_035,ROI_0018,1,discard,0.9828113192516273
Archive_005,Acquisition_035,ROI_0019,0,keep,0.039758035463491506
Archive_005,Acquisition_035,ROI_0020,0,keep,0.03286266681706972
Archive_005,Acquisition_035,ROI_0021,0,keep,0.7198148901902861
Archive_005,Acquisition_035,ROI_0022,0,keep,0.04988752382738594
Archive_005,Acquisition_035,ROI_0023,0,keep,0.05708687561725877
Archive_005,Acquisition_035,ROI_0024,0,keep,0.02414470566438138
Archive_005,Acquisition_035,ROI_0025,1,discard,0.9911839785696387
Archive_005,Acquisition_035,ROI_0026,0,keep,0.07035734917837759
Archive_005,Acquisition_035,ROI_0027,0,keep,0.023267021788948027
Archive_005,Acquisition_035,ROI_0028,0,keep,0.04694857409268923
Archive_005,Acquisition_035,ROI_0029,0,keep,0.15111421008588213
Archive_005,Acquisition_035,ROI_0030,0,keep,0.01675421761703907
Archive_005,Acquisition_035,ROI_0031,0,keep,0.07292883248964746
Archive_005,Acquisition_035,ROI_0032,0,keep,0.05649973458775359
Archive_005,Acquisition_035,ROI_0033,0,keep,0.03687312194557582
Archive_005,Acquisition_035,ROI_0034,0,keep,0.024665131416886445
Archive_005,Acquisition_035,ROI_0035,0,keep,0.03337489465210231
Archive_005,Acquisition_035,ROI_0036,1,discard,0.9999992487542141
Archive_005,Acquisition_035,ROI_0037,1,discard,0.9999999999999998
Archive_005,Acquisition_035,ROI_0038,0,keep,0.03297457119416222
Archive_005,Acquisition_035,ROI_0039,0,keep,0.08842573705167543
Archive_005,Acquisition_035,ROI_0040,0,keep,0.03828594868615019
Archive_005,Acquisition_035,ROI_0041,0,keep,0.08810513987764251
Archive_005,Acquisition_035,ROI_0042,0,keep,0.05910621835755838
Archive_005,Acquisition_035,ROI_0043,0,keep,0.08997979898609622
Archive_005,Acquisition_035,ROI_0044,0,keep,0.08561491812505327
Archive_005,Acquisition_035,ROI_0045,0,keep,0.15730582164972354
Archive_005,Acquisition_035,ROI_0046,0,keep,0.05981239857064679
Archive_005,Acquisition_035,ROI_0047,0,keep,0.018673479102927926
Archive_005,Acquisition_035,ROI_0048,0,keep,0.027364354818643518
Archive_005,Acquisition_035,ROI_0049,0,keep,0.06919321303338667
Archive_005,Acquisition_035,ROI_0050,1,discard,0.9999844459322035
Archive_005,Acquisition_035,ROI_0051,0,keep,0.294495253174249
Archive_005,Acquisition_035,ROI_0052,0,keep,0.07855371452446348
Archive_005,Acquisition_035,ROI_0053,0,keep,0.06115608922188065
Archive_005,Acquisition_035,ROI_0054,0,keep,0.8009076235993182
Archive_005,Acquisition_035,ROI_0055,0,keep,0.04641334908115185
Archive_005,Acquisition_035,ROI_0056,0,keep,0.05120470688603175
Archive_005,Acquisition_035,ROI_0057,1,discard,0.9990775028219709
Archive_005,Acquisition_035,ROI_0058,1,discard,0.9999999999999285
Archive_005,Acquisition_035,ROI_0059,0,keep,0.06306791037937673
Archive_005,Acquisition_035,ROI_0060,0,keep,0.5831013648561335
Archive_005,Acquisition_035,ROI_0061,0,keep,0.059651611636906986
Archive_005,Acquisition_035,ROI_0062,0,keep,0.10788202734399838
Archive_005,Acquisition_035,ROI_0063,0,keep,0.03798047673977452
Archive_005,Acquisition_035,ROI_0064,0,keep,0.1308005074379697
Archive_005,Acquisition_035,ROI_0065,0,keep,0.10445335433991973
Archive_005,Acquisition_035,ROI_0066,0,keep,0.046695868322145596
Archive_005,Acquisition_035,ROI_0067,0,keep,0.039029829934602155
Archive_005,Acquisition_035,ROI_0068,0,keep,0.10688598589775376
Archive_005,Acquisition_035,ROI_0069,0,keep,0.06345571150150162
Archive_005,Acquisition_035,ROI_0070,0,keep,0.12759665871026626
Archive_005,Acquisition_035,ROI_0071,0,keep,0.16684831747340628
Archive_005,Acquisition_035,ROI_0072,0,keep,0.07660536573679148
Archive_005,Acquisition_035,ROI_0073,0,keep,0.062361264055763234
Archive_005,Acquisition_035,ROI_0074,0,keep,0.2804738793742191
Archive_005,Acquisition_035,ROI_0075,0,keep,0.1292168431494119
Archive_005,Acquisition_035,ROI_0076,0,keep,0.030831573502785124
Archive_005,Acquisition_035,ROI_0077,0,keep,0.1679370344699063
Archive_005,Acquisition_035,ROI_0078,0,keep,0.12684221786186764
Archive_005,Acquisition_035,ROI_0079,1,discard,0.9324373073819213
Archive_005,Acquisition_035,ROI_0080,0,keep,0.06700250343200376
Archive_005,Acquisition_035,ROI_0081,0,keep,0.18435181270617232
Archive_005,Acquisition_035,ROI_0082,0,keep,0.5853195405848762
Archive_005,Acquisition_035,ROI_0083,0,keep,0.1299474388272049
Archive_005,Acquisition_035,ROI_0084,0,keep,0.09691851476527226
Archive_005,Acquisition_035,ROI_0085,0,keep,0.18627643316478223
Archive_005,Acquisition_035,ROI_0086,0,keep,0.13265482999413347
Archive_005,Acquisition_035,ROI_0087,0,keep,0.11854122101302178
Archive_005,Acquisition_035,ROI_0088,0,keep,0.18172322511223216
Archive_005,Acquisition_035,ROI_0089,0,keep,0.1748546480517102
Archive_005,Acquisition_035,ROI_0090,0,keep,0.08695418435598087
Archive_005,Acquisition_035,ROI_0091,0,keep,0.21022015412229011
Archive_005,Acquisition_035,ROI_0092,0,keep,0.15028497664756071
Archive_005,Acquisition_035,ROI_0093,0,keep,0.07310724778683325
Archive_005,Acquisition_035,ROI_0094,0,keep,0.2970919493969423
Archive_005,Acquisition_035,ROI_0095,0,keep,0.10672112160011152
Archive_005,Acquisition_035,ROI_0096,0,keep,0.14509824322255227
Archive_005,Acquisition_035,ROI_0097,0,keep,0.20023419460645772
Archive_005,Acquisition_035,ROI_0098,0,keep,0.18267517165578567
Archive_005,Acquisition_035,ROI_0099,0,keep,0.1799420473904232
Archive_005,Acquisition_035,ROI_0100,0,keep,0.05086270165012872
Archive_005,Acquisition_035,ROI_0101,0,keep,0.0796771608824222
Archive_005,Acquisition_035,ROI_0102,0,keep,0.0811477837991274
Archive_005,Acquisition_035,ROI_0103,0,keep,0.11157498113592729
Archive_005,Acquisition_035,ROI_0104,0,keep,0.11550853282075174
Archive_005,Acquisition_035,ROI_0105,0,keep,0.15749328750943253
Archive_005,Acquisition_035,ROI_0106,0,keep,0.2196757596366653
Archive_005,Acquisition_035,ROI_0107,0,keep,0.27305354155154593
Archive_005,Acquisition_035,ROI_0108,0,keep,0.04863226742232697
Archive_005,Acquisition_035,ROI_0109,0,keep,0.23384639888788744
Archive_005,Acquisition_035,ROI_0110,0,keep,0.07449414695385069
Archive_005,Acquisition_035,ROI_0111,0,keep,0.1380430473537193
Archive_005,Acquisition_035,ROI_0112,0,keep,0.11441580306336704
Archive_005,Acquisition_035,ROI_0113,0,keep,0.12699493313341942
Archive_005,Acquisition_035,ROI_0114,0,keep,0.1080345125440982
Archive_005,Acquisition_035,ROI_0115,0,keep,0.18279420992077405
Archive_005,Acquisition_035,ROI_0116,1,discard,0.9920351485303702
Archive_005,Acquisition_035,ROI_0117,0,keep,0.20750537832683774
Archive_005,Acquisition_035,ROI_0118,0,keep,0.2140002314098716
Archive_005,Acquisition_035,ROI_0119,0,keep,0.15098709513943773
Archive_005,Acquisition_035,ROI_0120,1,discard,0.9999999997710729
Archive_005,Acquisition_035,ROI_0121,0,keep,0.10282447671221216
Archive_005,Acquisition_035,ROI_0122,0,keep,0.10653670213990142
Archive_005,Acquisition_035,ROI_0123,0,keep,0.11859843804302884
Archive_005,Acquisition_035,ROI_0124,0,keep,0.1525893461006892
Archive_005,Acquisition_035,ROI_0125,0,keep,0.2242531773734966
Archive_005,Acquisition_035,ROI_0126,0,keep,0.1892628818459947
Archive_005,Acquisition_035,ROI_0127,0,keep,0.12972509239419128
Archive_005,Acquisition_035,ROI_0128,0,keep,0.18683529328847487
Archive_005,Acquisition_035,ROI_0129,0,keep,0.08360786353445722
Archive_005,Acquisition_035,ROI_0130,0,keep,0.08461008581184604
Archive_005,Acquisition_035,ROI_0131,0,keep,0.12631224173915923
Archive_005,Acquisition_035,ROI_0132,0,keep,0.20546514712297656
Archive_005,Acquisition_035,ROI_0133,0,keep,0.18962667554548568
Archive_005,Acquisition_035,ROI_0134,0,keep,0.2692647088820195
Archive_005,Acquisition_035,ROI_0135,0,keep,0.5580671722918686
Archive_005,Acquisition_035,ROI_0136,0,keep,0.5153949557004697
Archive_005,Acquisition_035,ROI_0137,1,discard,0.9999993817017411
Archive_005,Acquisition_035,ROI_0138,0,keep,0.095663709686957
Archive_005,Acquisition_035,ROI_0139,0,keep,0.10081380135266399
Archive_005,Acquisition_035,ROI_0140,0,keep,0.29147872158962446
Archive_005,Acquisition_035,ROI_0141,0,keep,0.23257336345150867
Archive_005,Acquisition_035,ROI_0142,0,keep,0.11750264512552176
Archive_005,Acquisition_035,ROI_0143,0,keep,0.23566583333184216
Archive_005,Acquisition_035,ROI_0144,0,keep,0.1445933041072806
Archive_005,Acquisition_035,ROI_0145,0,keep,0.06664733195614983
Archive_005,Acquisition_035,ROI_0146,0,keep,0.1668970416451646
Archive_005,Acquisition_035,ROI_0147,0,keep,0.25886090363498115
Archive_005,Acquisition_035,ROI_0148,0,keep,0.2598334254010839
Archive_005,Acquisition_035,ROI_0149,0,keep,0.10735959822238872
Archive_005,Acquisition_035,ROI_0150,0,keep,0.22281002439901293
Archive_005,Acquisition_035,ROI_0151,0,keep,0.2020357405835735
Archive_005,Acquisition_035,ROI_0152,0,keep,0.06260196631048288
Archive_005,Acquisition_036,ROI_0001,0,keep,0.05725584292667952
Archive_005,Acquisition_036,ROI_0002,0,keep,0.09974709090027845
Archive_005,Acquisition_036,ROI_0003,0,keep,0.04018953351431394
Archive_005,Acquisition_036,ROI_0004,0,keep,0.02107463419105825
Archive_005,Acquisition_036,ROI_0005,0,keep,0.7488144407055316
Archive_005,Acquisition_036,ROI_0006,0,keep,0.04379718543090106
Archive_005,Acquisition_036,ROI_0007,0,keep,0.041247753498709835
Archive_005,Acquisition_036,ROI_0008,0,keep,0.06214379677351654
Archive_005,Acquisition_036,ROI_0009,1,discard,0.9916930378801881
Archive_005,Acquisition_036,ROI_0010,0,keep,0.011477344389013855
Archive_005,Acquisition_036,ROI_0011,0,keep,0.042821321317742536
Archive_005,Acquisition_036,ROI_0012,0,keep,0.03384978233710768
Archive_005,Acquisition_036,ROI_0013,0,keep,0.040163215230059626
Archive_005,Acquisition_036,ROI_0014,0,keep,0.039434739785089275
Archive_005,Acquisition_036,ROI_0015,0,keep,0.10446128630634863
Archive_005,Acquisition_036,ROI_0016,0,keep,0.05639246089385279
Archive_005,Acquisition_036,ROI_0017,0,keep,0.04317047207368504
Archive_005,Acquisition_036,ROI_0018,0,keep,0.05711065033942834
Archive_005,Acquisition_036,ROI_0019,0,keep,0.059449158533649064
Archive_005,Acquisition_036,ROI_0020,0,keep,0.06751132918588869
Archive_005,Acquisition_036,ROI_0021,0,keep,0.06634324801049878
Archive_005,Acquisition_036,ROI_0022,0,keep,0.08572208490616878
Archive_005,Acquisition_036,ROI_0023,0,keep,0.15768949788467046
Archive_005,Acquisition_036,ROI_0024,0,keep,0.10243897152403428
Archive_005,Acquisition_036,ROI_0025,0,keep,0.08293867537361158
Archive_005,Acquisition_036,ROI_0026,0,keep,0.031458771122369465
Archive_005,Acquisition_036,ROI_0027,0,keep,0.09922977477299003
Archive_005,Acquisition_036,ROI_0028,0,keep,0.12236981251560879
Archive_005,Acquisition_036,ROI_0029,0,keep,0.08628111634064822
Archive_005,Acquisition_036,ROI_0030,1,discard,0.9532135781538426
Archive_005,Acquisition_036,ROI_0031,0,keep,0.13408485701417688
Archive_005,Acquisition_036,ROI_0032,0,keep,0.1535186939459293
Archive_005,Acquisition_036,ROI_0033,0,keep,0.1394601701752668
Archive_005,Acquisition_036,ROI_0034,0,keep,0.19190956233032502
Archive_005,Acquisition_036,ROI_0035,0,keep,0.05032757011688087
Archive_005,Acquisition_036,ROI_0036,0,keep,0.11972430211748734
Archive_005,Acquisition_036,ROI_0037,0,keep,0.13736202164110603
Archive_005,Acquisition_036,ROI_0038,0,keep,0.17201506922199164
Archive_005,Acquisition_036,ROI_0039,0,keep,0.15641162507723533
Archive_005,Acquisition_036,ROI_0040,0,keep,0.19369535303824764
Archive_005,Acquisition_036,ROI_0041,0,keep,0.17851151827943393
Archive_005,Acquisition_036,ROI_0042,0,keep,0.08328438855286736
Archive_005,Acquisition_036,ROI_0043,0,keep,0.15457185086845804
Archive_005,Acquisition_036,ROI_0044,0,keep,0.1823562287785616
Archive_005,Acquisition_036,ROI_0045,0,keep,0.14953556166927354
Archive_005,Acquisition_036,ROI_0046,0,keep,0.15943615665993835
Archive_005,Acquisition_036,ROI_0047,1,discard,0.4252845203066183
Archive_005,Acquisition_036,ROI_0048,0,keep,0.20475256499883845
Archive_005,Acquisition_036,ROI_0049,0,keep,0.1931963168804968
Archive_005,Acquisition_036,ROI_0050,0,keep,0.3882344133253332
Archive_005,Acquisition_036,ROI_0051,0,keep,0.18505903564494391
Archive_005,Acquisition_036,ROI_0052,0,keep,0.0934381094034731
Archive_005,Acquisition_036,ROI_0053,0,keep,0.24042169767394472
Archive_005,Acquisition_036,ROI_0054,0,keep,0.120306268853053
Archive_005,Acquisition_036,ROI_0055,0,keep,0.1101700452638912
Archive_005,Acquisition_036,ROI_0056,0,keep,0.1453905555826815
Archive_005,Acquisition_036,ROI_0057,0,keep,0.16518296714725123
Archive_005,Acquisition_036,ROI_0058,0,keep,0.1996433068378967
Archive_005,Acquisition_036,ROI_0059,0,keep,0.19175623494218766
Archive_005,Acquisition_036,ROI_0060,0,keep,0.24531715830373738
Archive_005,Acquisition_036,ROI_0061,0,keep,0.2511097756983287
Archive_005,Acquisition_036,ROI_0062,0,keep,0.25189515541542745
Archive_005,Acquisition_036,ROI_0063,0,keep,0.2720783566678841
Archive_005,Acquisition_036,ROI_0064,0,keep,0.07239468445719942
Archive_005,Acquisition_036,ROI_0065,1,discard,0.999757203739584
Archive_005,Acquisition_036,ROI_0066,0,keep,0.15494597138005925
Archive_005,Acquisition_036,ROI_0067,0,keep,0.19846178216351046
Archive_005,Acquisition_036,ROI_0068,0,keep,0.1812545685777638
Archive_005,Acquisition_036,ROI_0069,0,keep,0.13893670304346215
Archive_005,Acquisition_036,ROI_0070,0,keep,0.1918984000959382
Archive_005,Acquisition_036,ROI_0071,1,discard,0.3147674766295334
Archive_005,Acquisition_036,ROI_0072,0,keep,0.11642134578909483
Archive_005,Acquisition_036,ROI_0073,0,keep,0.2070227611600817
Archive_005,Acquisition_036,ROI_0074,1,discard,0.9999999997768949
Archive_005,Acquisition_036,ROI_0075,0,keep,0.20117503400252845
Archive_005,Acquisition_036,ROI_0076,0,keep,0.19124284979729195
Archive_005,Acquisition_036,ROI_0077,0,keep,0.20775485502641455
Archive_005,Acquisition_036,ROI_0078,0,keep,0.2408725638342525
Archive_005,Acquisition_036,ROI_0079,0,keep,0.1219349955933536
Archive_005,Acquisition_036,ROI_0080,1,discard,0.9197428197432492
Archive_005,Acquisition_036,ROI_0081,0,keep,0.0672476598895103
Archive_005,Acquisition_036,ROI_0082,0,keep,0.10331024588022863
Archive_005,Acquisition_036,ROI_0083,1,discard,0.9999972632657688
Archive_005,Acquisition_037,ROI_0001,0,keep,0.1772468822558261
Archive_005,Acquisition_037,ROI_0002,0,keep,0.03596800772590777
Archive_005,Acquisition_037,ROI_0003,0,keep,0.02919314628955558
Archive_005,Acquisition_037,ROI_0004,0,keep,0.047583275806297856
Archive_005,Acquisition_037,ROI_0005,0,keep,0.06102626942205428
Archive_005,Acquisition_037,ROI_0006,0,keep,0.03317789844821818
Archive_005,Acquisition_037,ROI_0007,0,keep,0.02820497084439169
Archive_005,Acquisition_037,ROI_0008,0,keep,0.03851515505653129
Archive_005,Acquisition_037,ROI_0009,0,keep,0.05636979866707078
Archive_005,Acquisition_037,ROI_0010,0,keep,0.03521072417784105
Archive_005,Acquisition_037,ROI_0011,0,keep,0.07630604410449034
Archive_005,Acquisition_037,ROI_0012,0,keep,0.03427794525081273
Archive_005,Acquisition_037,ROI_0013,0,keep,0.018019567662813166
Archive_005,Acquisition_037,ROI_0014,1,discard,0.9999967652895922
Archive_005,Acquisition_037,ROI_0015,0,keep,0.03541962529706736
Archive_005,Acquisition_037,ROI_0016,0,keep,0.06095533935621058
Archive_005,Acquisition_037,ROI_0017,0,keep,0.10509626180487708
Archive_005,Acquisition_037,ROI_0018,0,keep,0.04747308888080114
Archive_005,Acquisition_037,ROI_0019,0,keep,0.092769994180223
Archive_005,Acquisition_037,ROI_0020,0,keep,0.06491876261876292
Archive_005,Acquisition_037,ROI_0021,0,keep,0.06765691088862812
Archive_005,Acquisition_037,ROI_0022,0,keep,0.06795701042570358
Archive_005,Acquisition_037,ROI_0023,0,keep,0.06324859592279633
Archive_005,Acquisition_037,ROI_0024,0,keep,0.08066678694171743
Archive_005,Acquisition_037,ROI_0025,0,keep,0.040314628071529454
Archive_005,Acquisition_037,ROI_0026,0,keep,0.4469724606742894
Archive_005,Acquisition_037,ROI_0027,0,keep,0.10592035674460816
Archive_005,Acquisition_037,ROI_0028,0,keep,0.4442112936683436
Archive_005,Acquisition_037,ROI_0029,0,keep,0.14946442212673014
Archive_005,Acquisition_037,ROI_0030,0,keep,0.03855862436187105
Archive_005,Acquisition_037,ROI_0031,0,keep,0.039715500075959344
Archive_005,Acquisition_037,ROI_0032,0,keep,0.20930689262071217
Archive_005,Acquisition_037,ROI_0033,0,keep,0.09016874891949431
Archive_005,Acquisition_037,ROI_0034,0,keep,0.11360742730934088
Archive_005,Acquisition_037,ROI_0035,0,keep,0.04532505131263812
Archive_005,Acquisition_037,ROI_0036,0,keep,0.12757063612675518
Archive_005,Acquisition_037,ROI_0037,0,keep,0.11527581741201488
Archive_005,Acquisition_037,ROI_0038,0,keep,0.09688462241588983
Archive_005,Acquisition_037,ROI_0039,1,discard,0.9999999999990941
Archive_005,Acquisition_037,ROI_0040,0,keep,0.09749935042231776
Archive_005,Acquisition_037,ROI_0041,0,keep,0.10908397152214847
Archive_005,Acquisition_037,ROI_0042,1,discard,0.7544148931869
Archive_005,Acquisition_037,ROI_0043,0,keep,0.102452807415061
Archive_005,Acquisition_037,ROI_0044,0,keep,0.06338909569953632
Archive_005,Acquisition_037,ROI_0045,0,keep,0.057904526035239046
Archive_005,Acquisition_037,ROI_0046,0,keep,0.08013182684875678
Archive_005,Acquisition_037,ROI_0047,1,discard,0.7337068580325841
Archive_005,Acquisition_037,ROI_0048,0,keep,0.2789496494910286
Archive_005,Acquisition_037,ROI_0049,0,keep,0.16758108659116136
Archive_005,Acquisition_037,ROI_0050,0,keep,0.04886010594378495
Archive_005,Acquisition_037,ROI_0051,1,discard,0.8304112496299341
Archive_005,Acquisition_037,ROI_0052,0,keep,0.16759325490739843
Archive_005,Acquisition_037,ROI_0053,0,keep,0.808310398198832
Archive_005,Acquisition_037,ROI_0054,0,keep,0.062062859652119
Archive_005,Acquisition_037,ROI_0055,0,keep,0.06860877006440484
Archive_005,Acquisition_037,ROI_0056,0,keep,0.227713457082717
Archive_005,Acquisition_037,ROI_0057,0,keep,0.13436580035253773
Archive_005,Acquisition_037,ROI_0058,0,keep,0.13816816304232432
Archive_005,Acquisition_037,ROI_0059,1,discard,0.6984618782932401
Archive_005,Acquisition_037,ROI_0060,0,keep,0.19007684205842182
Archive_005,Acquisition_037,ROI_0061,0,keep,0.1447164582152509
Archive_005,Acquisition_037,ROI_0062,0,keep,0.11782057873642722
Archive_005,Acquisition_037,ROI_0063,0,keep,0.1777266512957261
Archive_005,Acquisition_037,ROI_0064,0,keep,0.21384714771632393
Archive_005,Acquisition_037,ROI_0065,1,discard,0.9999999999999998
Archive_005,Acquisition_037,ROI_0066,0,keep,0.16555949892110572
Archive_005,Acquisition_037,ROI_0067,0,keep,0.150866976444033
Archive_005,Acquisition_037,ROI_0068,0,keep,0.2489364672010064
Archive_005,Acquisition_037,ROI_0069,0,keep,0.11792858737993765
Archive_005,Acquisition_037,ROI_0070,0,keep,0.2458904740305719
Archive_005,Acquisition_037,ROI_0071,0,keep,0.1148911207731973
Archive_005,Acquisition_037,ROI_0072,0,keep,0.3095137725597262
Archive_005,Acquisition_037,ROI_0073,0,keep,0.4283402894217109
Archive_005,Acquisition_037,ROI_0074,0,keep,0.23221210184714405
Archive_005,Acquisition_037,ROI_0075,0,keep,0.22706616247403574
Archive_005,Acquisition_037,ROI_0076,0,keep,0.1719182731442703
Archive_005,Acquisition_037,ROI_0077,0,keep,0.15564069335742678
Archive_005,Acquisition_037,ROI_0078,0,keep,0.21818934138041537
Archive_005,Acquisition_037,ROI_0079,1,discard,0.9999999999930327
Archive_005,Acquisition_037,ROI_0080,0,keep,0.1840748665391938
Archive_005,Acquisition_037,ROI_0081,0,keep,0.22517698098338235
Archive_005,Acquisition_037,ROI_0082,0,keep,0.1865161989950134
Archive_005,Acquisition_037,ROI_0083,0,keep,0.18256299825930314
Archive_005,Acquisition_037,ROI_0084,0,keep,0.20404641191
Archive_005,Acquisition_037,ROI_0085,0,keep,0.20878990621532054
Archive_005,Acquisition_037,ROI_0086,0,keep,0.3508279766244583
Archive_005,Acquisition_037,ROI_0087,1,discard,0.9999999941482913
Archive_005,Acquisition_037,ROI_0088,0,keep,0.07694114348802807
Archive_005,Acquisition_037,ROI_0089,0,keep,0.17160986432433942
Archive_005,Acquisition_037,ROI_0090,1,discard,0.9999999999999998
Archive_005,Acquisition_037,ROI_0091,1,discard,0.9999999942468816
Archive_005,Acquisition_037,ROI_0092,0,keep,0.16669798967957475
Archive_005,Acquisition_037,ROI_0093,0,keep,0.17186033424009667
Archive_005,Acquisition_037,ROI_0094,0,keep,0.2505266439627019
Archive_005,Acquisition_037,ROI_0095,0,keep,0.08871854039720486
Archive_005,Acquisition_037,ROI_0096,0,keep,0.1364258556116037
Archive_005,Acquisition_037,ROI_0097,0,keep,0.1287356095145984
Archive_005,Acquisition_037,ROI_0098,0,keep,0.19085442846576414
Archive_005,Acquisition_037,ROI_0099,1,discard,0.9999999999989817
Archive_005,Acquisition_037,ROI_0100,0,keep,0.1254575079707104
Archive_005,Acquisition_038,ROI_0001,0,keep,0.061366304772432254
Archive_005,Acquisition_038,ROI_0002,0,keep,0.03793619084690414
Archive_005,Acquisition_038,ROI_0003,0,keep,0.03974003507412893
Archive_005,Acquisition_038,ROI_0004,0,keep,0.06585735895580047
Archive_005,Acquisition_038,ROI_0005,0,keep,0.07025223221221395
Archive_005,Acquisition_038,ROI_0006,0,keep,0.03747730177989405
Archive_005,Acquisition_038,ROI_0007,0,keep,0.03989527523288974
Archive_005,Acquisition_038,ROI_0008,0,keep,0.07657166732321335
Archive_005,Acquisition_038,ROI_0009,0,keep,0.11811481786504142
Archive_005,Acquisition_038,ROI_0010,0,keep,0.03202599613258879
Archive_005,Acquisition_038,ROI_0011,0,keep,0.042699484552926555
Archive_005,Acquisition_038,ROI_0012,0,keep,0.07479972307480318
Archive_005,Acquisition_038,ROI_0013,0,keep,0.048425037147891606
Archive_005,Acquisition_038,ROI_0014,0,keep,0.051573844415680845
Archive_005,Acquisition_038,ROI_0015,0,keep,0.08220490722948565
Archive_005,Acquisition_038,ROI_0016,0,keep,0.06429174993581521
Archive_005,Acquisition_038,ROI_0017,0,keep,0.031038690775718487
Archive_005,Acquisition_038,ROI_0018,0,keep,0.03942476416742207
Archive_005,Acquisition_038,ROI_0019,0,keep,0.06338825786530929
Archive_005,Acquisition_038,ROI_0020,0,keep,0.0460329595029308
Archive_005,Acquisition_038,ROI_0021,0,keep,0.11411172253619006
Archive_005,Acquisition_038,ROI_0022,0,keep,0.049858469960282197
Archive_005,Acquisition_038,ROI_0023,0,keep,0.12141393562611451
Archive_005,Acquisition_038,ROI_0024,0,keep,0.053375729239662106
Archive_005,Acquisition_038,ROI_0025,0,keep,0.07299516237161327
Archive_005,Acquisition_038,ROI_0026,0,keep,0.08071842725385275
Archive_005,Acquisition_038,ROI_0027,0,keep,0.0655190356574387
Archive_005,Acquisition_038,ROI_0028,0,keep,0.11973378404367573
Archive_005,Acquisition_038,ROI_0029,0,keep,0.12509969301177387
Archive_005,Acquisition_038,ROI_0030,0,keep,0.044475132911488954
Archive_005,Acquisition_038,ROI_0031,0,keep,0.10698713774135507
Archive_005,Acquisition_038,ROI_0032,0,keep,0.1966404720098962
Archive_005,Acquisition_038,ROI_0033,0,keep,0.018595195636536027
Archive_005,Acquisition_038,ROI_0034,0,keep,0.07319772731002681
Archive_005,Acquisition_038,ROI_0035,1,discard,0.8991456589554953
Archive_005,Acquisition_038,ROI_0036,0,keep,0.09161454790929026
Archive_005,Acquisition_038,ROI_0037,0,keep,0.13184127388778194
Archive_005,Acquisition_038,ROI_0038,0,keep,0.07987214408254235
Archive_005,Acquisition_038,ROI_0039,0,keep,0.15898507232254733
Archive_005,Acquisition_038,ROI_0040,0,keep,0.3282424240702674
Archive_005,Acquisition_038,ROI_0041,0,keep,0.1602430865068202
Archive_005,Acquisition_038,ROI_0042,1,discard,0.21501496553363159
Archive_005,Acquisition_038,ROI_0043,0,keep,0.15918946021848407
Archive_005,Acquisition_038,ROI_0044,1,discard,0.9329358932579342
Archive_005,Acquisition_038,ROI_0045,0,keep,0.15605139403927934
Archive_005,Acquisition_038,ROI_0046,0,keep,0.1145567287391656
Archive_005,Acquisition_038,ROI_0047,0,keep,0.16820529000936746
Archive_005,Acquisition_038,ROI_0048,0,keep,0.050041723844623985
Archive_005,Acquisition_038,ROI_0049,0,keep,0.12690764923540054
Archive_005,Acquisition_038,ROI_0050,1,discard,0.9999999999999998
Archive_005,Acquisition_038,ROI_0051,0,keep,0.10807266274228682
Archive_005,Acquisition_038,ROI_0052,1,discard,0.999999999999019
Archive_005,Acquisition_038,ROI_0053,0,keep,0.19041730982601926
Archive_005,Acquisition_038,ROI_0054,0,keep,0.07517614686609259
Archive_005,Acquisition_038,ROI_0055,0,keep,0.17012375391963047
Archive_005,Acquisition_038,ROI_0056,0,keep,0.21526134308691827
Archive_005,Acquisition_038,ROI_0057,0,keep,0.1811468275440729
Archive_005,Acquisition_038,ROI_0058,0,keep,0.21556007613879374
Archive_005,Acquisition_038,ROI_0059,0,keep,0.05772564250966938
Archive_005,Acquisition_038,ROI_0060,0,keep,0.14016789338962976
Archive_005,Acquisition_038,ROI_0061,0,keep,0.272422337063592
Archive_005,Acquisition_038,ROI_0062,0,keep,0.14338744571952983
Archive_005,Acquisition_038,ROI_0063,0,keep,0.15779954289644066
Archive_005,Acquisition_038,ROI_0064,0,keep,0.2217809770263893
Archive_005,Acquisition_038,ROI_0065,0,keep,0.08663268048445913
Archive_005,Acquisition_038,ROI_0066,0,keep,0.12952668793405286
Archive_005,Acquisition_038,ROI_0067,0,keep,0.23179040609060914
Archive_005,Acquisition_038,ROI_0068,0,keep,0.19904003795270375
Archive_005,Acquisition_038,ROI_0069,0,keep,0.27214601086584816
Archive_005,Acquisition_038,ROI_0070,0,keep,0.17114211524325848
Archive_005,Acquisition_038,ROI_0071,0,keep,0.39259297818115557
Archive_005,Acquisition_038,ROI_0072,0,keep,0.2622679556403471
Archive_005,Acquisition_038,ROI_0073,0,keep,0.0816773934367187
Archive_005,Acquisition_038,ROI_0074,0,keep,0.14193464873425896
Archive_005,Acquisition_038,ROI_0075,0,keep,0.23814646617213642
Archive_005,Acquisition_038,ROI_0076,0,keep,0.2107112751422149
Archive_005,Acquisition_038,ROI_0077,0,keep,0.21082307810484274
Archive_005,Acquisition_038,ROI_0078,0,keep,0.17116817439237952
Archive_005,Acquisition_038,ROI_0079,0,keep,0.25183808716467343
Archive_005,Acquisition_038,ROI_0080,0,keep,0.22624100526745958
Archive_005,Acquisition_038,ROI_0081,0,keep,0.12445124644859244
Archive_005,Acquisition_038,ROI_0082,0,keep,0.13499525665510187
Archive_005,Acquisition_038,ROI_0083,0,keep,0.21264942547715798
Archive_005,Acquisition_038,ROI_0084,0,keep,0.18066926236738765
Archive_005,Acquisition_038,ROI_0085,0,keep,0.2280118713252175
Archive_005,Acquisition_038,ROI_0086,0,keep,0.34001235160713067
Archive_005,Acquisition_038,ROI_0087,0,keep,0.44001970006588925
Archive_005,Acquisition_038,ROI_0088,0,keep,0.18595445362471072
Archive_005,Acquisition_038,ROI_0089,0,keep,0.2588280601186899
Archive_005,Acquisition_038,ROI_0090,0,keep,0.3118776123912831
Archive_005,Acquisition_038,ROI_0091,0,keep,0.1563109840345784
Archive_005,Acquisition_038,ROI_0092,0,keep,0.17510195504238793
Archive_005,Acquisition_038,ROI_0093,0,keep,0.16944165407144693
Archive_005,Acquisition_038,ROI_0094,1,discard,0.20162638766217186
Archive_005,Acquisition_038,ROI_0095,0,keep,0.18263831085213028
Archive_005,Acquisition_038,ROI_0096,0,keep,0.21534566042073772
Archive_005,Acquisition_038,ROI_0097,1,discard,0.8788758714754895
Archive_005,Acquisition_038,ROI_0098,0,keep,0.24173943421508237
Archive_005,Acquisition_038,ROI_0099,0,keep,0.2047064461849356
Archive_005,Acquisition_038,ROI_0100,0,keep,0.06429818920610926
Archive_005,Acquisition_038,ROI_0101,0,keep,0.19072009060378617
Archive_005,Acquisition_038,ROI_0102,0,keep,0.27459250332824275
Archive_005,Acquisition_038,ROI_0103,1,discard,0.9999999999619167
Archive_005,Acquisition_038,ROI_0104,0,keep,0.2684489270033491
Archive_005,Acquisition_038,ROI_0105,0,keep,0.193643054430038
Archive_005,Acquisition_038,ROI_0106,0,keep,0.12950696898629604
Archive_005,Acquisition_038,ROI_0107,0,keep,0.30147136442635963
Archive_005,Acquisition_038,ROI_0108,1,discard,1.0
Archive_005,Acquisition_039,ROI_0001,0,keep,0.036118215624905636
Archive_005,Acquisition_039,ROI_0002,1,discard,0.19839205150991496
Archive_005,Acquisition_039,ROI_0003,0,keep,0.04435486546541638
Archive_005,Acquisition_039,ROI_0004,0,keep,0.06351543370405482
Archive_005,Acquisition_039,ROI_0005,0,keep,0.055201653300498386
Archive_005,Acquisition_039,ROI_0006,0,keep,0.06093587111942276
Archive_005,Acquisition_039,ROI_0007,0,keep,0.06018674798037438
Archive_005,Acquisition_039,ROI_0008,0,keep,0.043208330001478584
Archive_005,Acquisition_039,ROI_0009,0,keep,0.08035671039028137
Archive_005,Acquisition_039,ROI_0010,0,keep,0.0391515346540184
Archive_005,Acquisition_039,ROI_0011,0,keep,0.05579332784397112
Archive_005,Acquisition_039,ROI_0012,1,discard,0.11622600399622399
Archive_005,Acquisition_039,ROI_0013,0,keep,0.03673478326468577
Archive_005,Acquisition_039,ROI_0014,0,keep,0.0935200861724385
Archive_005,Acquisition_039,ROI_0015,0,keep,0.09786203252697949
Archive_005,Acquisition_039,ROI_0016,0,keep,0.07641994966962384
Archive_005,Acquisition_039,ROI_0017,0,keep,0.040937942909530046
Archive_005,Acquisition_039,ROI_0018,1,discard,0.9999843713721502
Archive_005,Acquisition_039,ROI_0019,0,keep,0.08155593701562795
Archive_005,Acquisition_039,ROI_0020,1,discard,0.999696126554106
Archive_005,Acquisition_039,ROI_0021,0,keep,0.06530031606961705
Archive_005,Acquisition_039,ROI_0022,0,keep,0.16113074165425206
Archive_005,Acquisition_039,ROI_0023,1,discard,0.48054471296356505
Archive_005,Acquisition_039,ROI_0024,0,keep,0.36439158859999643
Archive_005,Acquisition_039,ROI_0025,0,keep,0.0483362450684867
Archive_005,Acquisition_039,ROI_0026,0,keep,0.02783399225932757
Archive_005,Acquisition_039,ROI_0027,0,keep,0.071495790388278
Archive_005,Acquisition_039,ROI_0028,0,keep,0.1284147255940094
Archive_005,Acquisition_039,ROI_0029,0,keep,0.08806057721255775
Archive_005,Acquisition_039,ROI_0030,0,keep,0.13461722515877578
Archive_005,Acquisition_039,ROI_0031,0,keep,0.124055499830955
Archive_005,Acquisition_039,ROI_0032,0,keep,0.1327898940758569
Archive_005,Acquisition_039,ROI_0033,0,keep,0.06111965379574188
Archive_005,Acquisition_039,ROI_0034,0,keep,0.04797196087784184
Archive_005,Acquisition_039,ROI_0035,0,keep,0.10411188959504701
Archive_005,Acquisition_039,ROI_0036,1,discard,0.48927812604990933
Archive_005,Acquisition_039,ROI_0037,0,keep,0.16053670489586103
Archive_005,Acquisition_039,ROI_0038,0,keep,0.14242876058094386
Archive_005,Acquisition_039,ROI_0039,0,keep,0.15245800856989458
Archive_005,Acquisition_039,ROI_0040,0,keep,0.12531927319190783
Archive_005,Acquisition_039,ROI_0041,0,keep,0.13806174083558606
Archive_005,Acquisition_039,ROI_0042,1,discard,0.34453558773684023
Archive_005,Acquisition_039,ROI_0043,0,keep,0.07144535264097607
Archive_005,Acquisition_039,ROI_0044,0,keep,0.15111646740897658
Archive_005,Acquisition_039,ROI_0045,0,keep,0.19571917651037254
Archive_005,Acquisition_039,ROI_0046,1,discard,0.35226011683565556
Archive_005,Acquisition_039,ROI_0047,0,keep,0.1162498849583642
Archive_005,Acquisition_039,ROI_0048,0,keep,0.13009192411893572
Archive_005,Acquisition_039,ROI_0049,0,keep,0.04883044027698865
Archive_005,Acquisition_039,ROI_0050,0,keep,0.25934646688142626
Archive_005,Acquisition_039,ROI_0051,0,keep,0.054034739895686704
Archive_005,Acquisition_039,ROI_0052,0,keep,0.16166906681801738
Archive_005,Acquisition_039,ROI_0053,0,keep,0.18245049606381947
Archive_005,Acquisition_039,ROI_0054,0,keep,0.08433117416316616
Archive_005,Acquisition_039,ROI_0055,0,keep,0.15478112403067132
Archive_005,Acquisition_039,ROI_0056,0,keep,0.15649689619792415
Archive_005,Acquisition_039,ROI_0057,0,keep,0.1578577183698781
Archive_005,Acquisition_039,ROI_0058,0,keep,0.15865407086732078
Archive_005,Acquisition_039,ROI_0059,0,keep,0.13767840621980523
Archive_005,Acquisition_039,ROI_0060,0,keep,0.11225930581000976
Archive_005,Acquisition_039,ROI_0061,0,keep,0.13380087922259132
Archive_005,Acquisition_039,ROI_0062,0,keep,0.16369939001167969
Archive_005,Acquisition_039,ROI_0063,0,keep,0.22351824437538212
Archive_005,Acquisition_039,ROI_0064,0,keep,0.20003971139981092
Archive_005,Acquisition_039,ROI_0065,0,keep,0.23820289011907422
Archive_005,Acquisition_039,ROI_0066,0,keep,0.06532479079413193
Archive_005,Acquisition_039,ROI_0067,0,keep,0.22709447172677286
Archive_005,Acquisition_039,ROI_0068,0,keep,0.1948709158198178
Archive_005,Acquisition_039,ROI_0069,0,keep,0.18449187230079636
Archive_005,Acquisition_039,ROI_0070,1,discard,0.46611672472473936
Archive_005,Acquisition_039,ROI_0071,0,keep,0.18791541217163052
Archive_005,Acquisition_039,ROI_0072,0,keep,0.20211933912279034
Archive_005,Acquisition_039,ROI_0073,0,keep,0.20299848830135997
Archive_005,Acquisition_039,ROI_0074,0,keep,0.1822965087945593
Archive_005,Acquisition_039,ROI_0075,0,keep,0.250755985683213
Archive_005,Acquisition_039,ROI_0076,0,keep,0.1337277641087173
Archive_005,Acquisition_039,ROI_0077,0,keep,0.18250147254508345
Archive_005,Acquisition_039,ROI_0078,0,keep,0.19808980953294683
Archive_005,Acquisition_039,ROI_0079,0,keep,0.15352358839074312
Archive_005,Acquisition_039,ROI_0080,0,keep,0.15680933211862366
Archive_005,Acquisition_039,ROI_0081,0,keep,0.1730224719814706
Archive_005,Acquisition_039,ROI_0082,1,discard,0.296456969635875
Archive_005,Acquisition_039,ROI_0083,0,keep,0.30652547910767464
Archive_005,Acquisition_039,ROI_0084,1,discard,0.5543478726409645
Archive_005,Acquisition_039,ROI_0085,0,keep,0.1345906274558336
Archive_005,Acquisition_039,ROI_0086,0,keep,0.11746370124120513
Archive_005,Acquisition_039,ROI_0087,0,keep,0.2797096398804581
Archive_005,Acquisition_039,ROI_0088,0,keep,0.13558703192351246
Archive_005,Acquisition_039,ROI_0089,0,keep,0.18501646715290396
Archive_005,Acquisition_039,ROI_0090,0,keep,0.12619284430187921
Archive_005,Acquisition_039,ROI_0091,0,keep,0.24245047801482594
Archive_005,Acquisition_039,ROI_0092,0,keep,0.25551579755482523
Archive_005,Acquisition_039,ROI_0093,0,keep,0.06977465921026799
Archive_005,Acquisition_040,ROI_0001,0,keep,0.042242429022368605
Archive_005,Acquisition_040,ROI_0002,1,discard,0.25641637860824695
Archive_005,Acquisition_040,ROI_0003,0,keep,0.059856994835547815
Archive_005,Acquisition_040,ROI_0004,0,keep,0.11102962755604964
Archive_005,Acquisition_040,ROI_0005,0,keep,0.035988168196401514
Archive_005,Acquisition_040,ROI_0006,0,keep,0.0727690170535257
Archive_005,Acquisition_040,ROI_0007,0,keep,0.03562847760537489
Archive_005,Acquisition_040,ROI_0008,0,keep,0.04418180426434322
Archive_005,Acquisition_040,ROI_0009,0,keep,0.040272881702016906
Archive_005,Acquisition_040,ROI_0010,0,keep,0.13196424439691473
Archive_005,Acquisition_040,ROI_0011,0,keep,0.0563780069839192
Archive_005,Acquisition_040,ROI_0012,0,keep,0.03968840689076767
Archive_005,Acquisition_040,ROI_0013,0,keep,0.07515119229885986
Archive_005,Acquisition_040,ROI_0014,0,keep,0.09128011940481387
Archive_005,Acquisition_040,ROI_0015,0,keep,0.09678678349113715
Archive_005,Acquisition_040,ROI_0016,0,keep,0.1072574474195139
Archive_005,Acquisition_040,ROI_0017,0,keep,0.07459178680002997
Archive_005,Acquisition_040,ROI_0018,0,keep,0.03334024346093017
Archive_005,Acquisition_040,ROI_0019,0,keep,0.12360428149171959
Archive_005,Acquisition_040,ROI_0020,0,keep,0.14580383808368655
Archive_005,Acquisition_040,ROI_0021,0,keep,0.07032459393634803
Archive_005,Acquisition_040,ROI_0022,0,keep,0.08551831903797097
Archive_005,Acquisition_040,ROI_0023,0,keep,0.15921905840556405
Archive_005,Acquisition_040,ROI_0024,0,keep,0.15971292427398295
Archive_005,Acquisition_040,ROI_0025,1,discard,0.2313070058932627
Archive_005,Acquisition_040,ROI_0026,0,keep,0.1463129565149752
Archive_005,Acquisition_040,ROI_0027,0,keep,0.044200367363159104
Archive_005,Acquisition_040,ROI_0028,0,keep,0.1714061721348053
Archive_005,Acquisition_040,ROI_0029,0,keep,0.1767194490289685
Archive_005,Acquisition_040,ROI_0030,0,keep,0.14143822444650261
Archive_005,Acquisition_040,ROI_0031,0,keep,0.1669360674510458
Archive_005,Acquisition_040,ROI_0032,0,keep,0.036994387907724316
Archive_005,Acquisition_040,ROI_0033,0,keep,0.0961754416292736
Archive_005,Acquisition_040,ROI_0034,0,keep,0.13889471249179328
Archive_005,Acquisition_040,ROI_0035,0,keep,0.07404680143490179
Archive_005,Acquisition_040,ROI_0036,0,keep,0.13532363835100375
Archive_005,Acquisition_040,ROI_0037,1,discard,0.29374612882681794
Archive_005,Acquisition_040,ROI_0038,0,keep,0.10097423687008532
Archive_005,Acquisition_040,ROI_0039,0,keep,0.2543040561272507
Archive_005,Acquisition_040,ROI_0040,0,keep,0.10009393753951933
Archive_005,Acquisition_040,ROI_0041,0,keep,0.1351859461543425
Archive_005,Acquisition_040,ROI_0042,1,discard,0.9999974534860453
Archive_005,Acquisition_040,ROI_0043,0,keep,0.23686251257999327
Archive_005,Acquisition_040,ROI_0044,0,keep,0.1691671856658885
Archive_005,Acquisition_040,ROI_0045,0,keep,0.12857392672019058
Archive_005,Acquisition_040,ROI_0046,0,keep,0.19321184219869503
Archive_005,Acquisition_040,ROI_0047,0,keep,0.20968504657909812
Archive_005,Acquisition_040,ROI_0048,0,keep,0.07869115753167112
Archive_005,Acquisition_040,ROI_0049,0,keep,0.17503875472678093
Archive_005,Acquisition_040,ROI_0050,0,keep,0.09094800278144972
Archive_005,Acquisition_040,ROI_0051,0,keep,0.29328285219544264
Archive_005,Acquisition_040,ROI_0052,0,keep,0.20143833254281732
Archive_005,Acquisition_040,ROI_0053,0,keep,0.1631523368299527
Archive_005,Acquisition_040,ROI_0054,0,keep,0.18813136567514824
Archive_005,Acquisition_040,ROI_0055,0,keep,0.35305806966897463
Archive_005,Acquisition_040,ROI_0056,0,keep,0.22402682370377056
Archive_005,Acquisition_040,ROI_0057,0,keep,0.2278432466121517
Archive_005,Acquisition_040,ROI_0058,0,keep,0.14264283522961327
Archive_005,Acquisition_040,ROI_0059,1,discard,0.7027377613572212
Archive_005,Acquisition_040,ROI_0060,0,keep,0.17265067631385972
Archive_005,Acquisition_040,ROI_0061,0,keep,0.23415870094960936
Archive_005,Acquisition_040,ROI_0062,0,keep,0.15353373765273362
Archive_005,Acquisition_040,ROI_0063,0,keep,0.11551554225753413
Archive_005,Acquisition_040,ROI_0064,0,keep,0.29431384759578527
Archive_005,Acquisition_040,ROI_0065,0,keep,0.20690056674586982
Archive_005,Acquisition_040,ROI_0066,0,keep,0.2493731663284828
Archive_005,Acquisition_040,ROI_0067,0,keep,0.33701233088099325
Archive_005,Acquisition_040,ROI_0068,0,keep,0.15884054537826486
Archive_005,Acquisition_040,ROI_0069,1,discard,0.9999999733220442
Archive_005,Acquisition_040,ROI_0070,0,keep,0.2429547130356563
Archive_005,Acquisition_040,ROI_0071,0,keep,0.20662739073995665
Archive_005,Acquisition_040,ROI_0072,0,keep,0.3465344555326026
Archive_005,Acquisition_040,ROI_0073,1,discard,0.9726397524435099
Archive_005,Acquisition_040,ROI_0074,1,discard,0.9999999999999998
Archive_005,Acquisition_040,ROI_0075,0,keep,0.1471236879951351
Archive_005,Acquisition_040,ROI_0076,0,keep,0.1510026931684688
Archive_005,Acquisition_040,ROI_0077,0,keep,0.4546759168523916
Archive_005,Acquisition_040,ROI_0078,1,discard,0.44981798583305
Archive_005,Acquisition_040,ROI_0079,0,keep,0.13804626693776104
Archive_005,Acquisition_040,ROI_0080,0,keep,0.10373062902376493
Archive_005,Acquisition_040,ROI_0081,0,keep,0.17352567963635632
Archive_005,Acquisition_040,ROI_0082,0,keep,0.15703056840133223
Archive_005,Acquisition_040,ROI_0083,0,keep,0.07928119159767964
Archive_005,Acquisition_040,ROI_0084,0,keep,0.26197588123364524
Archive_005,Acquisition_041,ROI_0001,0,keep,0.23821299439112276
Archive_005,Acquisition_041,ROI_0002,0,keep,0.026898720743901403
Archive_005,Acquisition_041,ROI_0003,0,keep,0.27736192839506385
Archive_005,Acquisition_041,ROI_0004,0,keep,0.033824792661690674
Archive_005,Acquisition_041,ROI_0005,0,keep,0.053888341407366085
Archive_005,Acquisition_041,ROI_0006,0,keep,0.035841182393107004
Archive_005,Acquisition_041,ROI_0007,0,keep,0.0419035937227485
Archive_005,Acquisition_041,ROI_0008,0,keep,0.07981653851500209
Archive_005,Acquisition_041,ROI_0009,1,discard,1.0
Archive_005,Acquisition_041,ROI_0010,0,keep,0.05026101419227591
Archive_005,Acquisition_041,ROI_0011,1,discard,0.999999999999488
Archive_005,Acquisition_041,ROI_0012,0,keep,0.047450685234567073
Archive_005,Acquisition_041,ROI_0013,0,keep,0.05106736435017515
Archive_005,Acquisition_041,ROI_0014,0,keep,0.05905449036752554
Archive_005,Acquisition_041,ROI_0015,0,keep,0.03217290100007641
Archive_005,Acquisition_041,ROI_0016,0,keep,0.04471044709238575
Archive_005,Acquisition_041,ROI_0017,0,keep,0.0621685120066012
Archive_005,Acquisition_041,ROI_0018,0,keep,0.053312250344167256
Archive_005,Acquisition_041,ROI_0019,0,keep,0.06523853592321004
Archive_005,Acquisition_041,ROI_0020,0,keep,0.06428987071355223
Archive_005,Acquisition_041,ROI_0021,0,keep,0.057383937124247
Archive_005,Acquisition_041,ROI_0022,0,keep,0.09681142873255645
Archive_005,Acquisition_041,ROI_0023,1,discard,0.9999999949675109
Archive_005,Acquisition_041,ROI_0024,0,keep,0.20397554188880404
Archive_005,Acquisition_041,ROI_0025,0,keep,0.07702595781489938
Archive_005,Acquisition_041,ROI_0026,0,keep,0.05173176857458446
Archive_005,Acquisition_041,ROI_0027,0,keep,0.11992024066477726
Archive_005,Acquisition_041,ROI_0028,0,keep,0.012762889830834812
Archive_005,Acquisition_041,ROI_0029,0,keep,0.05107913251662301
Archive_005,Acquisition_041,ROI_0030,0,keep,0.07380945080979746
Archive_005,Acquisition_041,ROI_0031,0,keep,0.09414756436840226
Archive_005,Acquisition_041,ROI_0032,0,keep,0.6278589222361716
Archive_005,Acquisition_041,ROI_0033,0,keep,0.12856865695271538
Archive_005,Acquisition_041,ROI_0034,0,keep,0.09447180081527139
Archive_005,Acquisition_041,ROI_0035,0,keep,0.053345975039345205
Archive_005,Acquisition_041,ROI_0036,0,keep,0.11402451707679045
Archive_005,Acquisition_041,ROI_0037,0,keep,0.3918648542397709
Archive_005,Acquisition_041,ROI_0038,0,keep,0.15289026480539972
Archive_005,Acquisition_041,ROI_0039,0,keep,0.11658304008325707
Archive_005,Acquisition_041,ROI_0040,0,keep,0.1645588878229797
Archive_005,Acquisition_041,ROI_0041,0,keep,0.07556445102608436
Archive_005,Acquisition_041,ROI_0042,0,keep,0.08638953608280243
Archive_005,Acquisition_041,ROI_0043,0,keep,0.11488164885104689
Archive_005,Acquisition_041,ROI_0044,0,keep,0.12593940854983945
Archive_005,Acquisition_041,ROI_0045,0,keep,0.18147270748093344
Archive_005,Acquisition_041,ROI_0046,1,discard,0.9985283416061185
Archive_005,Acquisition_041,ROI_0047,0,keep,0.1436288800194711
Archive_005,Acquisition_041,ROI_0048,0,keep,0.13603090875360035
Archive_005,Acquisition_041,ROI_0049,0,keep,0.12226788326799425
Archive_005,Acquisition_041,ROI_0050,0,keep,0.1735481763040654
Archive_005,Acquisition_041,ROI_0051,0,keep,0.13643934965668333
Archive_005,Acquisition_041,ROI_0052,0,keep,0.12416408262399657
Archive_005,Acquisition_041,ROI_0053,0,keep,0.06580498276971786
Archive_005,Acquisition_041,ROI_0054,0,keep,0.13778704851550305
Archive_005,Acquisition_041,ROI_0055,0,keep,0.16047437908881998
Archive_005,Acquisition_041,ROI_0056,0,keep,0.15305428446716804
Archive_005,Acquisition_041,ROI_0057,0,keep,0.14615492800698035
Archive_005,Acquisition_041,ROI_0058,0,keep,0.1399235582397422
Archive_005,Acquisition_041,ROI_0059,0,keep,0.09525881449461006
Archive_005,Acquisition_041,ROI_0060,0,keep,0.06075065028374407
Archive_005,Acquisition_041,ROI_0061,0,keep,0.20362142608119635
Archive_005,Acquisition_041,ROI_0062,1,discard,0.9944962117402949
Archive_005,Acquisition_041,ROI_0063,0,keep,0.13935283120854117
Archive_005,Acquisition_041,ROI_0064,0,keep,0.2034515541150467
Archive_005,Acquisition_041,ROI_0065,0,keep,0.09183376995391535
Archive_005,Acquisition_041,ROI_0066,0,keep,0.1933225301997885
Archive_005,Acquisition_041,ROI_0067,0,keep,0.12106154172294849
Archive_005,Acquisition_041,ROI_0068,0,keep,0.3489346829749386
Archive_005,Acquisition_041,ROI_0069,0,keep,0.08971588337309118
Archive_005,Acquisition_041,ROI_0070,1,discard,0.34780212578525993
Archive_005,Acquisition_041,ROI_0071,0,keep,0.12467381694696143
Archive_005,Acquisition_041,ROI_0072,0,keep,0.216004421040885
Archive_005,Acquisition_041,ROI_0073,0,keep,0.12111774614887895
Archive_005,Acquisition_041,ROI_0074,0,keep,0.2223501946164741
Archive_005,Acquisition_041,ROI_0075,0,keep,0.23912128094875879
Archive_005,Acquisition_041,ROI_0076,0,keep,0.17897801386061257
Archive_005,Acquisition_041,ROI_0077,1,discard,0.9999999939808424
Archive_005,Acquisition_041,ROI_0078,0,keep,0.2443786723809719
Archive_005,Acquisition_041,ROI_0079,0,keep,0.14003551431739905
Archive_005,Acquisition_041,ROI_0080,0,keep,0.20726253364968608
Archive_005,Acquisition_041,ROI_0081,0,keep,0.27412093174478686
Archive_005,Acquisition_041,ROI_0082,0,keep,0.12516090757505938
Archive_005,Acquisition_041,ROI_0083,0,keep,0.30193732473402907
Archive_005,Acquisition_041,ROI_0084,0,keep,0.24884289611919835
Archive_005,Acquisition_041,ROI_0085,0,keep,0.17984223062925145
Archive_005,Acquisition_041,ROI_0086,1,discard,0.9999993899885185
Archive_005,Acquisition_041,ROI_0087,0,keep,0.08081363377937598
Archive_005,Acquisition_041,ROI_0088,0,keep,0.07258458096960607
Archive_005,Acquisition_041,ROI_0089,0,keep,0.13610759700548755
Archive_005,Acquisition_041,ROI_0090,0,keep,0.2950083117420917
Archive_005,Acquisition_041,ROI_0091,0,keep,0.21257761384832846
Archive_005,Acquisition_041,ROI_0092,0,keep,0.19902468733017656
Archive_005,Acquisition_041,ROI_0093,0,keep,0.23034846485105018
Archive_005,Acquisition_041,ROI_0094,0,keep,0.1661597806307857
Archive_005,Acquisition_041,ROI_0095,0,keep,0.2242606255123109
Archive_005,Acquisition_041,ROI_0096,0,keep,0.1649289611684686
Archive_005,Acquisition_041,ROI_0097,0,keep,0.3359527782295675
Archive_005,Acquisition_041,ROI_0098,0,keep,0.10571967471227615
Archive_005,Acquisition_041,ROI_0099,0,keep,0.171547663339527
Archive_005,Acquisition_041,ROI_0100,0,keep,0.19373906965948634
Archive_005,Acquisition_041,ROI_0101,0,keep,0.2757908774002534
Archive_005,Acquisition_041,ROI_0102,0,keep,0.1996153065848753
Archive_005,Acquisition_041,ROI_0103,0,keep,0.2909398818394521
Archive_005,Acquisition_041,ROI_0104,0,keep,0.16657927881411524
Archive_005,Acquisition_041,ROI_0105,0,keep,0.6951257965507074
Archive_005,Acquisition_041,ROI_0106,0,keep,0.12857524145870666
Archive_005,Acquisition_041,ROI_0107,0,keep,0.20486104456814994
Archive_005,Acquisition_041,ROI_0108,0,keep,0.1397638563851855
Archive_005,Acquisition_041,ROI_0109,1,discard,0.9999999750678079
Archive_005,Acquisition_041,ROI_0110,0,keep,0.27881967118038753
Archive_005,Acquisition_041,ROI_0111,1,discard,0.4981249258749714
Archive_005,Acquisition_041,ROI_0112,0,keep,0.14123541542741164
Archive_005,Acquisition_041,ROI_0113,0,keep,0.06988270523720845
Archive_005,Acquisition_041,ROI_0114,0,keep,0.06259031690950664
Archive_005,Acquisition_041,ROI_0115,0,keep,0.214313065813058
Archive_005,Acquisition_041,ROI_0116,1,discard,0.9999998758499197
Archive_005,Acquisition_041,ROI_0117,0,keep,0.5560907636471234
Archive_005,Acquisition_042,ROI_0001,1,discard,0.13638132632559274
Archive_005,Acquisition_042,ROI_0002,0,keep,0.02677997136127808
Archive_005,Acquisition_042,ROI_0003,0,keep,0.04912556166207573
Archive_005,Acquisition_042,ROI_0004,0,keep,0.1943765078709946
Archive_005,Acquisition_042,ROI_0005,0,keep,0.0301810078257514
Archive_005,Acquisition_042,ROI_0006,0,keep,0.05434622521245128
Archive_005,Acquisition_042,ROI_0007,0,keep,0.038138695577351944
Archive_005,Acquisition_042,ROI_0008,0,keep,0.02760491064630954
Archive_005,Acquisition_042,ROI_0009,0,keep,0.042954440296754666
Archive_005,Acquisition_042,ROI_0010,0,keep,0.042777448720953744
Archive_005,Acquisition_042,ROI_0011,0,keep,0.05040725774683979
Archive_005,Acquisition_042,ROI_0012,0,keep,0.06166800575372995
Archive_005,Acquisition_042,ROI_0013,0,keep,0.04348222513761885
Archive_005,Acquisition_042,ROI_0014,0,keep,0.05085662652968197
Archive_005,Acquisition_042,ROI_0015,0,keep,0.03158881396717251
Archive_005,Acquisition_042,ROI_0016,0,keep,0.05095123233556528
Archive_005,Acquisition_042,ROI_0017,0,keep,0.060477606848653005
Archive_005,Acquisition_042,ROI_0018,0,keep,0.051401083532166054
Archive_005,Acquisition_042,ROI_0019,0,keep,0.07860845327819065
Archive_005,Acquisition_042,ROI_0020,0,keep,0.04806512134914037
Archive_005,Acquisition_042,ROI_0021,0,keep,0.09825800687342591
Archive_005,Acquisition_042,ROI_0022,1,discard,0.26935281437318775
Archive_005,Acquisition_042,ROI_0023,0,keep,0.04613923016871268
Archive_005,Acquisition_042,ROI_0024,0,keep,0.05569131531882721
Archive_005,Acquisition_042,ROI_0025,0,keep,0.5286827265543175
Archive_005,Acquisition_042,ROI_0026,0,keep,0.058487230557627924
Archive_005,Acquisition_042,ROI_0027,0,keep,0.10846209222221996
Archive_005,Acquisition_042,ROI_0028,1,discard,0.9907912536275204
Archive_005,Acquisition_042,ROI_0029,1,discard,0.9690251528021797
Archive_005,Acquisition_042,ROI_0030,0,keep,0.1381542418966589
Archive_005,Acquisition_042,ROI_0031,0,keep,0.10501205647281385
Archive_005,Acquisition_042,ROI_0032,0,keep,0.10289360653064518
Archive_005,Acquisition_042,ROI_0033,0,keep,0.13007201430926532
Archive_005,Acquisition_042,ROI_0034,0,keep,0.07045530611132035
Archive_005,Acquisition_042,ROI_0035,0,keep,0.03218049613221779
Archive_005,Acquisition_042,ROI_0036,0,keep,0.11491529899871024
Archive_005,Acquisition_042,ROI_0037,0,keep,0.018068032898443772
Archive_005,Acquisition_042,ROI_0038,0,keep,0.124168733110418
Archive_005,Acquisition_042,ROI_0039,0,keep,0.08317497731235453
Archive_005,Acquisition_042,ROI_0040,0,keep,0.08040334660896617
Archive_005,Acquisition_042,ROI_0041,0,keep,0.08132671761961527
Archive_005,Acquisition_042,ROI_0042,0,keep,0.09118292119736679
Archive_005,Acquisition_042,ROI_0043,0,keep,0.08269376892815805
Archive_005,Acquisition_042,ROI_0044,0,keep,0.019509475312548857
Archive_005,Acquisition_042,ROI_0045,0,keep,0.12289977060490348
Archive_005,Acquisition_042,ROI_0046,0,keep,0.12359317522664355
Archive_005,Acquisition_042,ROI_0047,0,keep,0.23590650336431146
Archive_005,Acquisition_042,ROI_0048,0,keep,0.03883871897073594
Archive_005,Acquisition_042,ROI_0049,0,keep,0.07319326565831145
Archive_005,Acquisition_042,ROI_0050,0,keep,0.1313011784177857
Archive_005,Acquisition_042,ROI_0051,0,keep,0.18935427859733553
Archive_005,Acquisition_042,ROI_0052,0,keep,0.13763249338683034
Archive_005,Acquisition_042,ROI_0053,0,keep,0.1193884584172083
Archive_005,Acquisition_042,ROI_0054,1,discard,0.2174279021036731
Archive_005,Acquisition_042,ROI_0055,0,keep,0.9323952587607207
Archive_005,Acquisition_042,ROI_0056,1,discard,0.9941833561151686
Archive_005,Acquisition_042,ROI_0057,0,keep,0.16810587227495877
Archive_005,Acquisition_042,ROI_0058,0,keep,0.14991630667758868
Archive_005,Acquisition_042,ROI_0059,0,keep,0.17280925556868315
Archive_005,Acquisition_042,ROI_0060,0,keep,0.1551624716111886
Archive_005,Acquisition_042,ROI_0061,0,keep,0.09912940869719936
Archive_005,Acquisition_042,ROI_0062,0,keep,0.07113893700209015
Archive_005,Acquisition_042,ROI_0063,0,keep,0.10128725117896162
Archive_005,Acquisition_042,ROI_0064,0,keep,0.03701228213504545
Archive_005,Acquisition_042,ROI_0065,0,keep,0.20679343574565695
Archive_005,Acquisition_042,ROI_0066,0,keep,0.16320361567740044
Archive_005,Acquisition_042,ROI_0067,0,keep,0.30929460922710517
Archive_005,Acquisition_042,ROI_0068,0,keep,0.14332560142196102
Archive_005,Acquisition_042,ROI_0069,0,keep,0.2922870335348143
Archive_005,Acquisition_042,ROI_0070,0,keep,0.1505215171187723
Archive_005,Acquisition_042,ROI_0071,0,keep,0.24229276366896071
Archive_005,Acquisition_042,ROI_0072,0,keep,0.22383858428442693
Archive_005,Acquisition_042,ROI_0073,0,keep,0.33019953152807147
Archive_005,Acquisition_042,ROI_0074,0,keep,0.23179479257170235
Archive_005,Acquisition_042,ROI_0075,0,keep,0.16208339548345896
Archive_005,Acquisition_042,ROI_0076,0,keep,0.20368538099965766
Archive_005,Acquisition_042,ROI_0077,0,keep,0.178879947016407
Archive_005,Acquisition_042,ROI_0078,0,keep,0.23819854882290645
Archive_005,Acquisition_042,ROI_0079,0,keep,0.2512957457954725
Archive_005,Acquisition_042,ROI_0080,0,keep,0.16372885705405868
Archive_005,Acquisition_042,ROI_0081,0,keep,0.0957708348242943
Archive_005,Acquisition_042,ROI_0082,0,keep,0.20112545695946576
Archive_005,Acquisition_042,ROI_0083,0,keep,0.22973509230297584
Archive_005,Acquisition_042,ROI_0084,1,discard,0.4779428480969108
Archive_005,Acquisition_042,ROI_0085,0,keep,0.17982642561794682
Archive_005,Acquisition_042,ROI_0086,0,keep,0.1883856227895833
Archive_005,Acquisition_042,ROI_0087,0,keep,0.15760091536712711
Archive_005,Acquisition_042,ROI_0088,0,keep,0.23169663288481873
Archive_005,Acquisition_042,ROI_0089,0,keep,0.196789529148953
Archive_005,Acquisition_042,ROI_0090,1,discard,0.38183061344917124
Archive_005,Acquisition_042,ROI_0091,0,keep,0.13259708375698348
Archive_005,Acquisition_042,ROI_0092,0,keep,0.34416885244099943
Archive_005,Acquisition_042,ROI_0093,0,keep,0.22282892575454152
Archive_005,Acquisition_042,ROI_0094,0,keep,0.17295404828146835
Archive_005,Acquisition_042,ROI_0095,0,keep,0.2396704090346788
Archive_005,Acquisition_042,ROI_0096,0,keep,0.3441209992448415
Archive_005,Acquisition_042,ROI_0097,0,keep,0.14274324387628945
Archive_005,Acquisition_042,ROI_0098,1,discard,0.2817742039376675
Archive_005,Acquisition_042,ROI_0099,0,keep,0.23542511178976222
Archive_005,Acquisition_042,ROI_0100,0,keep,0.2899400096665533
Archive_005,Acquisition_042,ROI_0101,0,keep,0.30691883459689007
Archive_005,Acquisition_042,ROI_0102,0,keep,0.12488804853761287
Archive_005,Acquisition_042,ROI_0103,0,keep,0.2462969355722888
Archive_005,Acquisition_042,ROI_0104,0,keep,0.2425590656738537
Archive_005,Acquisition_042,ROI_0105,1,discard,0.9999925355338696
Archive_005,Acquisition_042,ROI_0106,0,keep,0.16791055734294197
Archive_005,Acquisition_042,ROI_0107,0,keep,0.5553646395835794
Archive_005,Acquisition_042,ROI_0108,0,keep,0.16415375240431856
Archive_005,Acquisition_042,ROI_0109,0,keep,0.19561549901092207
Archive_005,Acquisition_043,ROI_0001,0,keep,0.03145365812936148
Archive_005,Acquisition_043,ROI_0002,0,keep,0.0645051337840055
Archive_005,Acquisition_043,ROI_0003,0,keep,0.027712281983273548
Archive_005,Acquisition_043,ROI_0004,0,keep,0.013081049327004813
Archive_005,Acquisition_043,ROI_0005,0,keep,0.08305277374636764
Archive_005,Acquisition_043,ROI_0006,0,keep,0.02951752350345142
Archive_005,Acquisition_043,ROI_0007,0,keep,0.028989856427374616
Archive_005,Acquisition_043,ROI_0008,0,keep,0.033158543469347546
Archive_005,Acquisition_043,ROI_0009,0,keep,0.016486800599513157
Archive_005,Acquisition_043,ROI_0010,0,keep,0.13880779195482879
Archive_005,Acquisition_043,ROI_0011,0,keep,0.054068976506612444
Archive_005,Acquisition_043,ROI_0012,0,keep,0.05539435039866575
Archive_005,Acquisition_043,ROI_0013,0,keep,0.05425279345118025
Archive_005,Acquisition_043,ROI_0014,0,keep,0.09596321822458519
Archive_005,Acquisition_043,ROI_0015,0,keep,0.04185582338845523
Archive_005,Acquisition_043,ROI_0016,1,discard,0.2663700451443716
Archive_005,Acquisition_043,ROI_0017,0,keep,0.024907151851230245
Archive_005,Acquisition_043,ROI_0018,0,keep,0.03745593594198718
Archive_005,Acquisition_043,ROI_0019,0,keep,0.04212087661235883
Archive_005,Acquisition_043,ROI_0020,0,keep,0.03382931044813501
Archive_005,Acquisition_043,ROI_0021,0,keep,0.051318058595502286
Archive_005,Acquisition_043,ROI_0022,0,keep,0.056842812121594595
Archive_005,Acquisition_043,ROI_0023,0,keep,0.02480026507365091
Archive_005,Acquisition_043,ROI_0024,0,keep,0.027574320465331287
Archive_005,Acquisition_043,ROI_0025,1,discard,0.4188624395137657
Archive_005,Acquisition_043,ROI_0026,0,keep,0.036328251993523394
Archive_005,Acquisition_043,ROI_0027,0,keep,0.05800246473753822
Archive_005,Acquisition_043,ROI_0028,0,keep,0.07182997626888243
Archive_005,Acquisition_043,ROI_0029,0,keep,0.08461169483476917
Archive_005,Acquisition_043,ROI_0030,0,keep,0.0496636016245774
Archive_005,Acquisition_043,ROI_0031,0,keep,0.1410014033175672
Archive_005,Acquisition_043,ROI_0032,0,keep,0.028080770384483117
Archive_005,Acquisition_043,ROI_0033,0,keep,0.017354939264983545
Archive_005,Acquisition_043,ROI_0034,0,keep,0.05847686782248457
Archive_005,Acquisition_043,ROI_0035,0,keep,0.03540749539950011
Archive_005,Acquisition_043,ROI_0036,0,keep,0.08029875253903603
Archive_005,Acquisition_043,ROI_0037,0,keep,0.08108021859908468
Archive_005,Acquisition_043,ROI_0038,0,keep,0.05674870504127356
Archive_005,Acquisition_043,ROI_0039,0,keep,0.032569712279214
Archive_005,Acquisition_043,ROI_0040,0,keep,0.07066513702603097
Archive_005,Acquisition_043,ROI_0041,0,keep,0.04373764880676336
Archive_005,Acquisition_043,ROI_0042,0,keep,0.059473275219692305
Archive_005,Acquisition_043,ROI_0043,1,discard,0.8159513978452242
Archive_005,Acquisition_043,ROI_0044,0,keep,0.15312243803681158
Archive_005,Acquisition_043,ROI_0045,0,keep,0.04757476456739015
Archive_005,Acquisition_043,ROI_0046,0,keep,0.0702660490822089
Archive_005,Acquisition_043,ROI_0047,0,keep,0.061659341466296765
Archive_005,Acquisition_043,ROI_0048,0,keep,0.07816517559444579
Archive_005,Acquisition_043,ROI_0049,0,keep,0.062445878982285756
Archive_005,Acquisition_043,ROI_0050,0,keep,0.07126102349212851
Archive_005,Acquisition_043,ROI_0051,0,keep,0.18378113647886876
Archive_005,Acquisition_043,ROI_0052,0,keep,0.07902585624122434
Archive_005,Acquisition_043,ROI_0053,0,keep,0.07709584736007527
Archive_005,Acquisition_043,ROI_0054,0,keep,0.173071581622954
Archive_005,Acquisition_043,ROI_0055,0,keep,0.11913574849581642
Archive_005,Acquisition_043,ROI_0056,0,keep,0.12544691519453294
Archive_005,Acquisition_043,ROI_0057,1,discard,0.9999993349409266
Archive_005,Acquisition_043,ROI_0058,0,keep,0.07871467988994055
Archive_005,Acquisition_043,ROI_0059,0,keep,0.09103913886986048
Archive_005,Acquisition_043,ROI_0060,0,keep,0.0842144513388234
Archive_005,Acquisition_043,ROI_0061,0,keep,0.15139750734139015
Archive_005,Acquisition_043,ROI_0062,0,keep,0.09104060982109759
Archive_005,Acquisition_043,ROI_0063,0,keep,0.11718948751942314
Archive_005,Acquisition_043,ROI_0064,0,keep,0.2799427394708466
Archive_005,Acquisition_043,ROI_0065,0,keep,0.12014855253471153
Archive_005,Acquisition_043,ROI_0066,0,keep,0.09824947351268086
Archive_005,Acquisition_043,ROI_0067,0,keep,0.16604707846197717
Archive_005,Acquisition_043,ROI_0068,0,keep,0.28468190376198177
Archive_005,Acquisition_043,ROI_0069,0,keep,0.37429384887752143
Archive_005,Acquisition_043,ROI_0070,0,keep,0.1590440007483638
Archive_005,Acquisition_043,ROI_0071,0,keep,0.3849992246964279
Archive_005,Acquisition_043,ROI_0072,0,keep,0.1463528932837962
Archive_005,Acquisition_043,ROI_0073,0,keep,0.2026603013972193
Archive_005,Acquisition_043,ROI_0074,1,discard,0.9143189953026024
Archive_005,Acquisition_043,ROI_0075,0,keep,0.11337043156828501
Archive_005,Acquisition_043,ROI_0076,0,keep,0.5946533991539443
Archive_005,Acquisition_043,ROI_0077,0,keep,0.15765710920828543
Archive_005,Acquisition_043,ROI_0078,0,keep,0.12081711573987491
Archive_005,Acquisition_043,ROI_0079,0,keep,0.2255272347960331
Archive_005,Acquisition_043,ROI_0080,0,keep,0.22283187218098838
Archive_005,Acquisition_043,ROI_0081,0,keep,0.13029009906448974
Archive_005,Acquisition_043,ROI_0082,0,keep,0.11373293272744528
Archive_005,Acquisition_043,ROI_0083,1,discard,0.9999999997637741
Archive_005,Acquisition_043,ROI_0084,0,keep,0.16068073857989496
Archive_005,Acquisition_043,ROI_0085,0,keep,0.18891444364091234
Archive_005,Acquisition_043,ROI_0086,0,keep,0.20247252133748056
Archive_005,Acquisition_043,ROI_0087,0,keep,0.04403564229761298
Archive_005,Acquisition_043,ROI_0088,0,keep,0.11492532228374334
Archive_005,Acquisition_043,ROI_0089,0,keep,0.08922565380527696
Archive_005,Acquisition_043,ROI_0090,0,keep,0.15250562472000426
Archive_005,Acquisition_043,ROI_0091,0,keep,0.22659622049080053
Archive_005,Acquisition_043,ROI_0092,0,keep,0.0892310663963025
Archive_005,Acquisition_043,ROI_0093,0,keep,0.162386840620975
Archive_005,Acquisition_043,ROI_0094,0,keep,0.1219446913862974
Archive_005,Acquisition_043,ROI_0095,0,keep,0.12978377751756595
Archive_005,Acquisition_043,ROI_0096,0,keep,0.26840190994970203
Archive_005,Acquisition_043,ROI_0097,0,keep,0.26937507348182793
Archive_005,Acquisition_043,ROI_0098,0,keep,0.16272826461372458
Archive_005,Acquisition_043,ROI_0099,0,keep,0.1813081486186606
Archive_005,Acquisition_043,ROI_0100,0,keep,0.1261218516112842
Archive_005,Acquisition_043,ROI_0101,1,discard,0.9943955324573822
Archive_005,Acquisition_043,ROI_0102,0,keep,0.07664015102250643
Archive_005,Acquisition_043,ROI_0103,0,keep,0.11103888798418933
Archive_005,Acquisition_043,ROI_0104,0,keep,0.14438392464803004
Archive_005,Acquisition_043,ROI_0105,0,keep,0.22337513098584086
Archive_005,Acquisition_043,ROI_0106,0,keep,0.21280788300249784
Archive_005,Acquisition_043,ROI_0107,0,keep,0.1293612886519244
Archive_005,Acquisition_043,ROI_0108,1,discard,0.9997576606180638
Archive_005,Acquisition_043,ROI_0109,0,keep,0.20656680756061888
Archive_005,Acquisition_043,ROI_0110,0,keep,0.1970681529165267
Archive_005,Acquisition_043,ROI_0111,1,discard,0.27096472820049716
Archive_005,Acquisition_043,ROI_0112,0,keep,0.3226566015539771
Archive_005,Acquisition_043,ROI_0113,0,keep,0.1865055959771
Archive_005,Acquisition_043,ROI_0114,0,keep,0.1972067777996374
Archive_005,Acquisition_043,ROI_0115,0,keep,0.1620083803781146
Archive_005,Acquisition_043,ROI_0116,0,keep,0.23557481331775013
Archive_005,Acquisition_043,ROI_0117,0,keep,0.33248824507442853
Archive_005,Acquisition_043,ROI_0118,0,keep,0.14249765786633514
Archive_005,Acquisition_043,ROI_0119,0,keep,0.21137631554679484
Archive_005,Acquisition_043,ROI_0120,0,keep,0.2597045700902026
Archive_005,Acquisition_043,ROI_0121,0,keep,0.133499597998837
Archive_005,Acquisition_043,ROI_0122,1,discard,0.9999999999988582
Archive_005,Acquisition_043,ROI_0123,0,keep,0.24918774537914387
Archive_005,Acquisition_043,ROI_0124,1,discard,0.9999994027681353
Archive_005,Acquisition_043,ROI_0125,0,keep,0.11680701169563032
Archive_005,Acquisition_043,ROI_0126,0,keep,0.29690634995618026
Archive_005,Acquisition_043,ROI_0127,0,keep,0.197285758037843
Archive_005,Acquisition_043,ROI_0128,0,keep,0.054208740781988334
Archive_005,Acquisition_043,ROI_0129,0,keep,0.17317984480587223
Archive_005,Acquisition_043,ROI_0130,0,keep,0.28606673359456736
Archive_005,Acquisition_043,ROI_0131,0,keep,0.1523790401611472
Archive_005,Acquisition_043,ROI_0132,0,keep,0.1903171576587197
Archive_005,Acquisition_043,ROI_0133,0,keep,0.14397806303476246
Archive_005,Acquisition_043,ROI_0134,0,keep,0.2870809621830477
Archive_005,Acquisition_043,ROI_0135,0,keep,0.25759605861565205
Archive_005,Acquisition_043,ROI_0136,0,keep,0.20454407301091698
Archive_005,Acquisition_043,ROI_0137,1,discard,0.5962596808411473
Archive_005,Acquisition_043,ROI_0138,0,keep,0.1354154744509568
Archive_005,Acquisition_043,ROI_0139,0,keep,0.2100349740990099
Archive_005,Acquisition_043,ROI_0140,0,keep,0.2218776003290023
Archive_005,Acquisition_043,ROI_0141,1,discard,1.0
Archive_005,Acquisition_043,ROI_0142,1,discard,0.9999999790588876
Archive_005,Acquisition_043,ROI_0143,0,keep,0.11986342393287505
Archive_005,Acquisition_043,ROI_0144,0,keep,0.5954864040235959
Archive_005,Acquisition_043,ROI_0145,1,discard,0.7719772707991394
Archive_005,Acquisition_043,ROI_0146,0,keep,0.1948081187487601
Archive_005,Acquisition_043,ROI_0147,0,keep,0.23864744895591858
Archive_006,Acquisition_044,ROI_0001,0,keep,0.0545589077179717
Archive_006,Acquisition_044,ROI_0002,0,keep,0.09649388390195672
Archive_006,Acquisition_044,ROI_0003,0,keep,0.309968434291929
Archive_006,Acquisition_044,ROI_0004,0,keep,0.04475171374113206
Archive_006,Acquisition_044,ROI_0005,1,discard,0.9037072297725384
Archive_006,Acquisition_044,ROI_0006,0,keep,0.050485637710284914
Archive_006,Acquisition_044,ROI_0007,0,keep,0.033533028218080664
Archive_006,Acquisition_044,ROI_0008,0,keep,0.2780941536231285
Archive_006,Acquisition_044,ROI_0009,0,keep,0.053091428440805055
Archive_006,Acquisition_044,ROI_0010,0,keep,0.05589987373946352
Archive_006,Acquisition_044,ROI_0011,0,keep,0.0981388336132943
Archive_006,Acquisition_044,ROI_0012,0,keep,0.10881076536231175
Archive_006,Acquisition_044,ROI_0013,1,discard,0.44879478233993975
Archive_006,Acquisition_044,ROI_0014,0,keep,0.027767357143674766
Archive_006,Acquisition_044,ROI_0015,0,keep,0.15251603628280466
Archive_006,Acquisition_044,ROI_0016,0,keep,0.17771242893468178
Archive_006,Acquisition_044,ROI_0017,0,keep,0.03801615678308874
Archive_006,Acquisition_044,ROI_0018,0,keep,0.1054293568070502
Archive_006,Acquisition_044,ROI_0019,0,keep,0.14057700761462216
Archive_006,Acquisition_044,ROI_0020,0,keep,0.1278276410438668
Archive_006,Acquisition_044,ROI_0021,0,keep,0.07209780233210339
Archive_006,Acquisition_044,ROI_0022,0,keep,0.13898002441656995
Archive_006,Acquisition_044,ROI_0023,0,keep,0.35890907430597263
Archive_006,Acquisition_044,ROI_0024,0,keep,0.10491885294212834
Archive_006,Acquisition_044,ROI_0025,1,discard,0.7553568504102488
Archive_006,Acquisition_044,ROI_0026,0,keep,0.11825530228139054
Archive_006,Acquisition_044,ROI_0027,0,keep,0.3032987613431355
Archive_006,Acquisition_044,ROI_0028,1,discard,0.7005770773425474
Archive_006,Acquisition_044,ROI_0029,0,keep,0.10218140896549682
Archive_006,Acquisition_044,ROI_0030,0,keep,0.15426790457748807
Archive_006,Acquisition_044,ROI_0031,1,discard,0.9065856350132108
Archive_006,Acquisition_044,ROI_0032,0,keep,0.14467470309698127
Archive_006,Acquisition_044,ROI_0033,0,keep,0.18939464275470505
Archive_006,Acquisition_044,ROI_0034,0,keep,0.1854915104804707
Archive_006,Acquisition_044,ROI_0035,0,keep,0.10016812748016683
Archive_006,Acquisition_044,ROI_0036,0,keep,0.2626127830795846
Archive_006,Acquisition_044,ROI_0037,0,keep,0.07242791939569475
Archive_006,Acquisition_044,ROI_0038,0,keep,0.1559699543067846
Archive_006,Acquisition_044,ROI_0039,0,keep,0.10809376653283806
Archive_006,Acquisition_044,ROI_0040,0,keep,0.2796916558284573
Archive_006,Acquisition_044,ROI_0041,0,keep,0.11385644690156115
Archive_006,Acquisition_044,ROI_0042,0,keep,0.2974940277706081
Archive_006,Acquisition_044,ROI_0043,0,keep,0.22659591771822113
Archive_006,Acquisition_044,ROI_0044,0,keep,0.10952732395269454
Archive_006,Acquisition_044,ROI_0045,0,keep,0.11556144964712448
Archive_006,Acquisition_044,ROI_0046,0,keep,0.24881726489817374
Archive_006,Acquisition_044,ROI_0047,1,discard,0.8496574102607248
Archive_006,Acquisition_044,ROI_0048,0,keep,0.3539824908139541
Archive_006,Acquisition_044,ROI_0049,0,keep,0.257016082956092
Archive_006,Acquisition_044,ROI_0050,0,keep,0.0771933232332121
Archive_006,Acquisition_044,ROI_0051,0,keep,0.22538731802973078
Archive_006,Acquisition_044,ROI_0052,0,keep,0.30393031079963
Archive_006,Acquisition_044,ROI_0053,0,keep,0.32367406401098925
Archive_006,Acquisition_044,ROI_0054,0,keep,0.28050911114060006
Archive_006,Acquisition_044,ROI_0055,0,keep,0.11572829671145735
Archive_006,Acquisition_044,ROI_0056,0,keep,0.30887437338974116
Archive_006,Acquisition_044,ROI_0057,0,keep,0.18982159169456653
Archive_006,Acquisition_044,ROI_0058,0,keep,0.21644128784124617
Archive_006,Acquisition_044,ROI_0059,0,keep,0.32626235196054787
Archive_006,Acquisition_044,ROI_0060,0,keep,0.12768824658734096
Archive_006,Acquisition_044,ROI_0061,0,keep,0.3803965212144094
Archive_006,Acquisition_044,ROI_0062,0,keep,0.1263903686465875
Archive_006,Acquisition_044,ROI_0063,0,keep,0.2962817758444515
Archive_006,Acquisition_044,ROI_0064,1,discard,0.45465228904015037
Archive_006,Acquisition_044,ROI_0065,0,keep,0.26448909658175696
Archive_006,Acquisition_044,ROI_0066,0,keep,0.26520434988042624
Archive_006,Acquisition_044,ROI_0067,0,keep,0.23308283429284432
Archive_006,Acquisition_044,ROI_0068,0,keep,0.21517503425177986
Archive_006,Acquisition_044,ROI_0069,0,keep,0.3088425357871587
Archive_006,Acquisition_044,ROI_0070,0,keep,0.3556880698746023
Archive_006,Acquisition_044,ROI_0071,0,keep,0.2843387052934405
Archive_006,Acquisition_044,ROI_0072,1,discard,0.5069435180863637
Archive_006,Acquisition_044,ROI_0073,0,keep,0.29162597532957174
Archive_006,Acquisition_044,ROI_0074,0,keep,0.12847346490926817
Archive_006,Acquisition_044,ROI_0075,0,keep,0.3412619148278922
Archive_006,Acquisition_044,ROI_0076,0,keep,0.37353907183456075
Archive_006,Acquisition_044,ROI_0077,0,keep,0.25306918289544805
Archive_006,Acquisition_044,ROI_0078,0,keep,0.35592938400237234
Archive_006,Acquisition_044,ROI_0079,0,keep,0.3655698870061106
Archive_006,Acquisition_044,ROI_0080,0,keep,0.4352803891216176
Archive_006,Acquisition_044,ROI_0081,0,keep,0.3490611801739946
Archive_006,Acquisition_044,ROI_0082,0,keep,0.36583669501626376
Archive_006,Acquisition_044,ROI_0083,0,keep,0.3111199564145402
Archive_006,Acquisition_044,ROI_0084,0,keep,0.19543319807859522
Archive_006,Acquisition_044,ROI_0085,0,keep,0.30573535541998087
Archive_006,Acquisition_044,ROI_0086,0,keep,0.35286760012020674
Archive_006,Acquisition_044,ROI_0087,0,keep,0.273329036924853
Archive_006,Acquisition_044,ROI_0088,0,keep,0.11622605612869448
Archive_006,Acquisition_044,ROI_0089,1,discard,0.7302049650548941
Archive_006,Acquisition_044,ROI_0090,0,keep,0.335164442660111
Archive_006,Acquisition_044,ROI_0091,0,keep,0.3482834607387919
Archive_006,Acquisition_044,ROI_0092,0,keep,0.2840903296389745
Archive_006,Acquisition_044,ROI_0093,0,keep,0.24686534118980807
Archive_006,Acquisition_044,ROI_0094,0,keep,0.17799773955690584
Archive_006,Acquisition_044,ROI_0095,0,keep,0.2326211404436645
Archive_006,Acquisition_044,ROI_0096,0,keep,0.2852130441760765
Archive_006,Acquisition_044,ROI_0097,0,keep,0.18888023530235484
Archive_006,Acquisition_044,ROI_0098,0,keep,0.3429246476920791
Archive_006,Acquisition_044,ROI_0099,0,keep,0.25902344296027885
Archive_006,Acquisition_044,ROI_0100,0,keep,0.30538394070270164
Archive_006,Acquisition_044,ROI_0101,0,keep,0.287305747318198
Archive_006,Acquisition_044,ROI_0102,0,keep,0.31206616206886095
Archive_006,Acquisition_044,ROI_0103,0,keep,0.44634011400753604
Archive_006,Acquisition_044,ROI_0104,0,keep,0.29058537417319436
Archive_006,Acquisition_044,ROI_0105,0,keep,0.3216278193551815
Archive_006,Acquisition_044,ROI_0106,0,keep,0.27570507010087036
Archive_006,Acquisition_044,ROI_0107,0,keep,0.36260385808825113
Archive_006,Acquisition_044,ROI_0108,0,keep,0.19426066165261158
Archive_006,Acquisition_044,ROI_0109,0,keep,0.1312798375419653
Archive_006,Acquisition_044,ROI_0110,0,keep,0.2501323994817394
Archive_006,Acquisition_044,ROI_0111,0,keep,0.290135061565593
Archive_006,Acquisition_044,ROI_0112,0,keep,0.3984848654213996
Archive_006,Acquisition_044,ROI_0113,1,discard,0.9999999499563313
Archive_006,Acquisition_044,ROI_0114,0,keep,0.18150293138199358
Archive_006,Acquisition_044,ROI_0115,0,keep,0.38886466970225064
Archive_006,Acquisition_045,ROI_0001,1,discard,0.9990595766450544
Archive_006,Acquisition_045,ROI_0002,1,discard,0.9986368317209802
Archive_006,Acquisition_045,ROI_0003,1,discard,0.986930917017521
Archive_006,Acquisition_045,ROI_0004,1,discard,0.987523053399368
Archive_006,Acquisition_045,ROI_0005,1,discard,0.9997613325173865
Archive_006,Acquisition_045,ROI_0006,0,keep,0.21079292957537513
Archive_006,Acquisition_045,ROI_0007,0,keep,0.029235128266837846
Archive_006,Acquisition_045,ROI_0008,0,keep,0.0318931852394096
Archive_006,Acquisition_045,ROI_0009,0,keep,0.6846796905869152
Archive_006,Acquisition_045,ROI_0010,0,keep,0.25664591268446546
Archive_006,Acquisition_045,ROI_0011,0,keep,0.9640670224197334
Archive_006,Acquisition_045,ROI_0012,0,keep,0.025826269880889895
Archive_006,Acquisition_045,ROI_0013,0,keep,0.033235144577178515
Archive_006,Acquisition_045,ROI_0014,1,discard,0.999149801129251
Archive_006,Acquisition_045,ROI_0015,1,discard,0.9978896104351983
Archive_006,Acquisition_045,ROI_0016,0,keep,0.1654392727173302
Archive_006,Acquisition_045,ROI_0017,1,discard,0.9876809531184957
Archive_006,Acquisition_045,ROI_0018,1,discard,0.940541139833012
Archive_006,Acquisition_045,ROI_0019,1,discard,0.9990476883605321
Archive_006,Acquisition_045,ROI_0020,0,keep,0.240013493693232
Archive_006,Acquisition_045,ROI_0021,0,keep,0.09895353451903235
Archive_006,Acquisition_045,ROI_0022,0,keep,0.6962496113469993
Archive_006,Acquisition_045,ROI_0023,0,keep,0.11928330498701216
Archive_006,Acquisition_045,ROI_0024,0,keep,0.06038606711152827
Archive_006,Acquisition_045,ROI_0025,1,discard,0.9999999882567233
Archive_006,Acquisition_045,ROI_0026,0,keep,0.08167767968272586
Archive_006,Acquisition_045,ROI_0027,0,keep,0.0784033975729929
Archive_006,Acquisition_045,ROI_0028,0,keep,0.10188904553594166
Archive_006,Acquisition_045,ROI_0029,0,keep,0.05906263081218291
Archive_006,Acquisition_045,ROI_0030,0,keep,0.027583104121120295
Archive_006,Acquisition_045,ROI_0031,0,keep,0.12655950686228176
Archive_006,Acquisition_045,ROI_0032,0,keep,0.08396803649999306
Archive_006,Acquisition_045,ROI_0033,0,keep,0.15830047775747097
Archive_006,Acquisition_045,ROI_0034,0,keep,0.03474958272252675
Archive_006,Acquisition_045,ROI_0035,0,keep,0.40505815731551603
Archive_006,Acquisition_045,ROI_0036,0,keep,0.09060550679167055
Archive_006,Acquisition_045,ROI_0037,0,keep,0.11939733389644881
Archive_006,Acquisition_045,ROI_0038,0,keep,0.11624325722415266
Archive_006,Acquisition_045,ROI_0039,0,keep,0.1476522395389531
Archive_006,Acquisition_045,ROI_0040,0,keep,0.08056373710804667
Archive_006,Acquisition_045,ROI_0041,0,keep,0.07703896729817843
Archive_006,Acquisition_045,ROI_0042,0,keep,0.14071825297092708
Archive_006,Acquisition_045,ROI_0043,1,discard,0.12087608332139713
Archive_006,Acquisition_045,ROI_0044,0,keep,0.08750243896539306
Archive_006,Acquisition_045,ROI_0045,1,discard,0.8503370689337427
Archive_006,Acquisition_045,ROI_0046,0,keep,0.2405396169400806
Archive_006,Acquisition_045,ROI_0047,0,keep,0.21115051637165608
Archive_006,Acquisition_045,ROI_0048,0,keep,0.07793390480166085
Archive_006,Acquisition_045,ROI_0049,0,keep,0.20100739141429172
Archive_006,Acquisition_045,ROI_0050,0,keep,0.07536660783327122
Archive_006,Acquisition_045,ROI_0051,0,keep,0.1869604027011447
Archive_006,Acquisition_045,ROI_0052,0,keep,0.32502149583728085
Archive_006,Acquisition_045,ROI_0053,0,keep,0.2559664926009648
Archive_006,Acquisition_045,ROI_0054,0,keep,0.8153528678008319
Archive_006,Acquisition_045,ROI_0055,0,keep,0.9843108504821199
Archive_006,Acquisition_045,ROI_0056,0,keep,0.1212975016298735
Archive_006,Acquisition_045,ROI_0057,0,keep,0.0889363232610714
Archive_006,Acquisition_045,ROI_0058,0,keep,0.3049738408703591
Archive_006,Acquisition_045,ROI_0059,0,keep,0.1924339157936568
Archive_006,Acquisition_045,ROI_0060,0,keep,0.28019036582971657
Archive_006,Acquisition_045,ROI_0061,0,keep,0.1531569538906482
Archive_006,Acquisition_045,ROI_0062,0,keep,0.13441546805352175
Archive_006,Acquisition_045,ROI_0063,0,keep,0.1373398240420647
Archive_006,Acquisition_045,ROI_0064,0,keep,0.16814463586856387
Archive_006,Acquisition_045,ROI_0065,0,keep,0.21670920074133823
Archive_006,Acquisition_045,ROI_0066,0,keep,0.21837697097900832
Archive_006,Acquisition_045,ROI_0067,0,keep,0.2718463935301653
Archive_006,Acquisition_045,ROI_0068,0,keep,0.28149239504614604
Archive_006,Acquisition_045,ROI_0069,0,keep,0.3205383128191024
Archive_006,Acquisition_045,ROI_0070,0,keep,0.12365338366031267
Archive_006,Acquisition_045,ROI_0071,0,keep,0.19590579199656458
Archive_006,Acquisition_045,ROI_0072,0,keep,0.07780379427040919
Archive_006,Acquisition_045,ROI_0073,0,keep,0.12723646830753743
Archive_006,Acquisition_045,ROI_0074,0,keep,0.3350342999791521
Archive_006,Acquisition_045,ROI_0075,0,keep,0.1857800895794171
Archive_006,Acquisition_045,ROI_0076,0,keep,0.047126255050606164
Archive_006,Acquisition_045,ROI_0077,0,keep,0.5270786186054972
Archive_006,Acquisition_045,ROI_0078,0,keep,0.26960009937686646
Archive_006,Acquisition_045,ROI_0079,0,keep,0.5570204275837457
Archive_006,Acquisition_045,ROI_0080,0,keep,0.19455103350538855
Archive_006,Acquisition_045,ROI_0081,0,keep,0.17418559386633348
Archive_006,Acquisition_045,ROI_0082,0,keep,0.22761473559932133
Archive_006,Acquisition_045,ROI_0083,1,discard,0.5658675401104744
Archive_006,Acquisition_045,ROI_0084,0,keep,0.22861555106107806
Archive_006,Acquisition_045,ROI_0085,0,keep,0.090294201004151
Archive_006,Acquisition_045,ROI_0086,0,keep,0.4245143452768974
Archive_006,Acquisition_045,ROI_0087,0,keep,0.4740849914842133
Archive_006,Acquisition_045,ROI_0088,0,keep,0.25430848928754846
Archive_006,Acquisition_045,ROI_0089,0,keep,0.043629313467587354
Archive_006,Acquisition_045,ROI_0090,1,discard,0.37235053516176914
Archive_006,Acquisition_045,ROI_0091,0,keep,0.45183470343636684
Archive_006,Acquisition_045,ROI_0092,0,keep,0.29777880930720474
Archive_006,Acquisition_045,ROI_0093,0,keep,0.2863714871009666
Archive_006,Acquisition_045,ROI_0094,0,keep,0.4958535428770988
Archive_006,Acquisition_045,ROI_0095,0,keep,0.33204823551512225
Archive_006,Acquisition_045,ROI_0096,0,keep,0.4247450275631404
Archive_006,Acquisition_045,ROI_0097,0,keep,0.22122331778017407
Archive_006,Acquisition_045,ROI_0098,0,keep,0.19768493348934316
Archive_006,Acquisition_045,ROI_0099,0,keep,0.22682817280084627
Archive_006,Acquisition_045,ROI_0100,0,keep,0.15199523588039845
Archive_006,Acquisition_045,ROI_0101,1,discard,0.717418192418429
Archive_006,Acquisition_045,ROI_0102,0,keep,0.1948506674715205
Archive_006,Acquisition_045,ROI_0103,0,keep,0.41034715797424604
Archive_006,Acquisition_045,ROI_0104,1,discard,0.4110990288295765
Archive_006,Acquisition_045,ROI_0105,0,keep,0.25984657720631293
Archive_006,Acquisition_045,ROI_0106,0,keep,0.2156294240855819
Archive_006,Acquisition_045,ROI_0107,0,keep,0.13537996595387147
Archive_006,Acquisition_045,ROI_0108,0,keep,0.18632110809626226
Archive_006,Acquisition_045,ROI_0109,0,keep,0.15032906402719365
Archive_006,Acquisition_045,ROI_0110,0,keep,0.0795964364645255
Archive_006,Acquisition_045,ROI_0111,0,keep,0.32236299683001385
Archive_006,Acquisition_045,ROI_0112,0,keep,0.24553400658862645
Archive_006,Acquisition_045,ROI_0113,0,keep,0.2652255761890125
Archive_006,Acquisition_045,ROI_0114,0,keep,0.40919385460379065
Archive_006,Acquisition_045,ROI_0115,0,keep,0.27320648130994135
Archive_006,Acquisition_045,ROI_0116,0,keep,0.2010460778292682
Archive_006,Acquisition_045,ROI_0117,0,keep,0.450987929353282
Archive_006,Acquisition_045,ROI_0118,0,keep,0.3867704585168653
Archive_006,Acquisition_045,ROI_0119,0,keep,0.2902605367149321
Archive_006,Acquisition_045,ROI_0120,0,keep,0.5758661639060774
Archive_006,Acquisition_045,ROI_0121,0,keep,0.09368121519850005
Archive_006,Acquisition_045,ROI_0122,0,keep,0.3208959187939326
Archive_006,Acquisition_045,ROI_0123,0,keep,0.47011226094987557
Archive_006,Acquisition_045,ROI_0124,0,keep,0.18848299837817234
Archive_006,Acquisition_045,ROI_0125,0,keep,0.1336385444895627
Archive_006,Acquisition_045,ROI_0126,1,discard,0.9999855374344339
Archive_006,Acquisition_045,ROI_0127,0,keep,0.2496147945041254
Archive_006,Acquisition_045,ROI_0128,1,discard,0.9999999999999998
Archive_006,Acquisition_046,ROI_0001,0,keep,0.07271049129965779
Archive_006,Acquisition_046,ROI_0002,0,keep,0.0492084141874634
Archive_006,Acquisition_046,ROI_0003,0,keep,0.015900470028497014
Archive_006,Acquisition_046,ROI_0004,0,keep,0.0740712417522544
Archive_006,Acquisition_046,ROI_0005,0,keep,0.033747639508024486
Archive_006,Acquisition_046,ROI_0006,0,keep,0.05939087264353189
Archive_006,Acquisition_046,ROI_0007,1,discard,0.9791182994762048
Archive_006,Acquisition_046,ROI_0008,0,keep,0.08934132992443895
Archive_006,Acquisition_046,ROI_0009,0,keep,0.0398241095955064
Archive_006,Acquisition_046,ROI_0010,0,keep,0.27501947646684577
Archive_006,Acquisition_046,ROI_0011,0,keep,0.03851648578019508
Archive_006,Acquisition_046,ROI_0012,0,keep,0.04743007865018145
Archive_006,Acquisition_046,ROI_0013,0,keep,0.09340205969950106
Archive_006,Acquisition_046,ROI_0014,0,keep,0.04117476474283021
Archive_006,Acquisition_046,ROI_0015,0,keep,0.2016348224210175
Archive_006,Acquisition_046,ROI_0016,0,keep,0.07976477821140844
Archive_006,Acquisition_046,ROI_0017,0,keep,0.16458521804596127
Archive_006,Acquisition_046,ROI_0018,0,keep,0.05261443186112428
Archive_006,Acquisition_046,ROI_0019,0,keep,0.057928802583854216
Archive_006,Acquisition_046,ROI_0020,0,keep,0.18930066842215182
Archive_006,Acquisition_046,ROI_0021,0,keep,0.09091949654953789
Archive_006,Acquisition_046,ROI_0022,0,keep,0.10384999218333739
Archive_006,Acquisition_046,ROI_0023,0,keep,0.1288885487307529
Archive_006,Acquisition_046,ROI_0024,0,keep,0.05801379559447203
Archive_006,Acquisition_046,ROI_0025,0,keep,0.10637230175773925
Archive_006,Acquisition_046,ROI_0026,1,discard,0.17430550941734207
Archive_006,Acquisition_046,ROI_0027,0,keep,0.25166069405730374
Archive_006,Acquisition_046,ROI_0028,1,discard,0.069186193559639
Archive_006,Acquisition_046,ROI_0029,0,keep,0.08560143787342814
Archive_006,Acquisition_046,ROI_0030,0,keep,0.11553787405950566
Archive_006,Acquisition_046,ROI_0031,0,keep,0.26610786593516306
Archive_006,Acquisition_046,ROI_0032,0,keep,0.06414864108576127
Archive_006,Acquisition_046,ROI_0033,1,discard,0.9999999872081952
Archive_006,Acquisition_046,ROI_0034,0,keep,0.25755534298462385
Archive_006,Acquisition_046,ROI_0035,0,keep,0.13005612592470345
Archive_006,Acquisition_046,ROI_0036,0,keep,0.05578678169835342
Archive_006,Acquisition_046,ROI_0037,0,keep,0.1337426524847521
Archive_006,Acquisition_046,ROI_0038,0,keep,0.13441028205855507
Archive_006,Acquisition_046,ROI_0039,0,keep,0.14894346797903965
Archive_006,Acquisition_046,ROI_0040,0,keep,0.1357715412282947
Archive_006,Acquisition_046,ROI_0041,0,keep,0.15370015553777844
Archive_006,Acquisition_046,ROI_0042,0,keep,0.19401116680671163
Archive_006,Acquisition_046,ROI_0043,0,keep,0.21548872806332953
Archive_006,Acquisition_046,ROI_0044,0,keep,0.20594666271264875
Archive_006,Acquisition_046,ROI_0045,0,keep,0.12057574189758294
Archive_006,Acquisition_046,ROI_0046,0,keep,0.09942250752993659
Archive_006,Acquisition_046,ROI_0047,0,keep,0.3080285652174502
Archive_006,Acquisition_046,ROI_0048,0,keep,0.13641454227777364
Archive_006,Acquisition_046,ROI_0049,0,keep,0.19156229800391295
Archive_006,Acquisition_046,ROI_0050,0,keep,0.10801612122429909
Archive_006,Acquisition_046,ROI_0051,0,keep,0.2472959964201617
Archive_006,Acquisition_046,ROI_0052,0,keep,0.11868865576198737
Archive_006,Acquisition_046,ROI_0053,0,keep,0.3641753761664098
Archive_006,Acquisition_046,ROI_0054,0,keep,0.10657566712004486
Archive_006,Acquisition_046,ROI_0055,0,keep,0.19518403096186104
Archive_006,Acquisition_046,ROI_0056,0,keep,0.1953616854138143
Archive_006,Acquisition_046,ROI_0057,0,keep,0.15990396381685296
Archive_006,Acquisition_046,ROI_0058,0,keep,0.15904076726854396
Archive_006,Acquisition_046,ROI_0059,0,keep,0.23727656220939114
Archive_006,Acquisition_046,ROI_0060,0,keep,0.23005568716574337
Archive_006,Acquisition_046,ROI_0061,0,keep,0.3094824291847997
Archive_006,Acquisition_046,ROI_0062,0,keep,0.2952806430458165
Archive_006,Acquisition_046,ROI_0063,0,keep,0.2865295228471171
Archive_006,Acquisition_046,ROI_0064,0,keep,0.21829575437898704
Archive_006,Acquisition_046,ROI_0065,0,keep,0.11057687482597668
Archive_006,Acquisition_046,ROI_0066,0,keep,0.13615424845799426
Archive_006,Acquisition_046,ROI_0067,0,keep,0.22774055331716808
Archive_006,Acquisition_046,ROI_0068,0,keep,0.38911103842999156
Archive_006,Acquisition_046,ROI_0069,0,keep,0.43182339882178805
Archive_006,Acquisition_046,ROI_0070,0,keep,0.11440820593192388
Archive_006,Acquisition_046,ROI_0071,1,discard,0.38963169862865227
Archive_006,Acquisition_046,ROI_0072,1,discard,0.6832400436171976
Archive_006,Acquisition_046,ROI_0073,0,keep,0.23160699932959045
Archive_006,Acquisition_046,ROI_0074,0,keep,0.2294522935997141
Archive_006,Acquisition_046,ROI_0075,0,keep,0.3060962412329247
Archive_006,Acquisition_046,ROI_0076,0,keep,0.20834914935088736
Archive_006,Acquisition_046,ROI_0077,0,keep,0.3236095355903043
Archive_006,Acquisition_046,ROI_0078,0,keep,0.288027370353545
Archive_006,Acquisition_046,ROI_0079,0,keep,0.12463715411613754
Archive_006,Acquisition_046,ROI_0080,0,keep,0.21782442452439904
Archive_006,Acquisition_046,ROI_0081,1,discard,0.8134270232999462
Archive_006,Acquisition_046,ROI_0082,0,keep,0.2613637469293144
Archive_006,Acquisition_046,ROI_0083,0,keep,0.369820381551945
Archive_006,Acquisition_046,ROI_0084,0,keep,0.42251367618036295
Archive_006,Acquisition_046,ROI_0085,0,keep,0.3696125317298714
Archive_006,Acquisition_046,ROI_0086,0,keep,0.3160718135133093
Archive_006,Acquisition_046,ROI_0087,0,keep,0.4278434143331256
Archive_006,Acquisition_046,ROI_0088,0,keep,0.2267957572290361
Archive_006,Acquisition_046,ROI_0089,0,keep,0.30430499366703434
Archive_006,Acquisition_046,ROI_0090,0,keep,0.23396809018705003
Archive_006,Acquisition_046,ROI_0091,0,keep,0.24797528364070298
Archive_006,Acquisition_046,ROI_0092,0,keep,0.2554436152371994
Archive_006,Acquisition_046,ROI_0093,0,keep,0.28834064632358725
Archive_006,Acquisition_046,ROI_0094,0,keep,0.3510479754948248
Archive_006,Acquisition_046,ROI_0095,0,keep,0.13682456495536818
Archive_006,Acquisition_046,ROI_0096,0,keep,0.42280894609094594
Archive_006,Acquisition_046,ROI_0097,0,keep,0.09402804316163783
Archive_006,Acquisition_046,ROI_0098,0,keep,0.4042640393583378
Archive_006,Acquisition_046,ROI_0099,0,keep,0.6018296394043229
Archive_006,Acquisition_046,ROI_0100,1,discard,0.9999997961849247
Archive_006,Acquisition_046,ROI_0101,0,keep,0.2816527849560222
Archive_006,Acquisition_046,ROI_0102,0,keep,0.2081759661793705
Archive_006,Acquisition_046,ROI_0103,1,discard,0.9999999999999989
Archive_006,Acquisition_046,ROI_0104,0,keep,0.4853467980559299
Archive_006,Acquisition_046,ROI_0105,0,keep,0.38620025661818297
Archive_006,Acquisition_046,ROI_0106,1,discard,0.9999999999994216
Archive_006,Acquisition_046,ROI_0107,0,keep,0.21859008287641346
Archive_006,Acquisition_046,ROI_0108,0,keep,0.43894015767752426
Archive_006,Acquisition_046,ROI_0109,0,keep,0.2215394852325234
Archive_006,Acquisition_046,ROI_0110,0,keep,0.2567388167928356
Archive_006,Acquisition_046,ROI_0111,0,keep,0.36621458673319207
Archive_006,Acquisition_046,ROI_0112,0,keep,0.3441989783453235
Archive_006,Acquisition_046,ROI_0113,0,keep,0.3535651397492834
Archive_006,Acquisition_046,ROI_0114,1,discard,0.9999999999999989
Archive_006,Acquisition_046,ROI_0115,0,keep,0.2701195404956664
Archive_006,Acquisition_046,ROI_0116,0,keep,0.23038532392304872
Archive_006,Acquisition_046,ROI_0117,0,keep,0.276150912856235
Archive_006,Acquisition_046,ROI_0118,0,keep,0.16336310635446616
Archive_006,Acquisition_046,ROI_0119,0,keep,0.2709471012532355
Archive_006,Acquisition_046,ROI_0120,0,keep,0.2950643742568222
Archive_006,Acquisition_046,ROI_0121,0,keep,0.34308389731406214
Archive_006,Acquisition_046,ROI_0122,0,keep,0.3378841832231734
Archive_006,Acquisition_046,ROI_0123,0,keep,0.3640891562548341
Archive_006,Acquisition_046,ROI_0124,0,keep,0.34111486656524376
Archive_006,Acquisition_046,ROI_0125,0,keep,0.15470756404023142
Archive_006,Acquisition_046,ROI_0126,0,keep,0.199019785850246
Archive_006,Acquisition_046,ROI_0127,1,discard,0.3228569828690591
Archive_006,Acquisition_046,ROI_0128,0,keep,0.3558487416271847
Archive_006,Acquisition_046,ROI_0129,0,keep,0.39055925513531514
Archive_006,Acquisition_046,ROI_0130,0,keep,0.33164123810974366
Archive_006,Acquisition_046,ROI_0131,0,keep,0.3154285948700738
Archive_006,Acquisition_046,ROI_0132,0,keep,0.4334261665552469
Archive_006,Acquisition_046,ROI_0133,0,keep,0.34557177094917824
Archive_006,Acquisition_046,ROI_0134,1,discard,1.0
Archive_006,Acquisition_046,ROI_0135,0,keep,0.3742151047381664
Archive_006,Acquisition_047,ROI_0001,1,discard,0.9924253361650301
Archive_006,Acquisition_047,ROI_0002,1,discard,0.996600370633586
Archive_006,Acquisition_047,ROI_0003,0,keep,0.03748343391199533
Archive_006,Acquisition_047,ROI_0004,1,discard,0.9994724808104926
Archive_006,Acquisition_047,ROI_0005,1,discard,0.9998157630535969
Archive_006,Acquisition_047,ROI_0006,1,discard,0.9994270645459925
Archive_006,Acquisition_047,ROI_0007,1,discard,0.9971805468244139
Archive_006,Acquisition_047,ROI_0008,0,keep,0.0194022255408356
Archive_006,Acquisition_047,ROI_0009,0,keep,0.12889903643868916
Archive_006,Acquisition_047,ROI_0010,0,keep,0.04052713570824415
Archive_006,Acquisition_047,ROI_0011,0,keep,0.03495377804654996
Archive_006,Acquisition_047,ROI_0012,0,keep,0.0517346087659151
Archive_006,Acquisition_047,ROI_0013,0,keep,0.16660837986040528
Archive_006,Acquisition_047,ROI_0014,0,keep,0.036721737986028784
Archive_006,Acquisition_047,ROI_0015,0,keep,0.03634840759879928
Archive_006,Acquisition_047,ROI_0016,0,keep,0.023032045718116487
Archive_006,Acquisition_047,ROI_0017,0,keep,0.09959009830437164
Archive_006,Acquisition_047,ROI_0018,0,keep,0.038427657494122205
Archive_006,Acquisition_047,ROI_0019,0,keep,0.02378739464784685
Archive_006,Acquisition_047,ROI_0020,0,keep,0.7886964505352286
Archive_006,Acquisition_047,ROI_0021,0,keep,0.1503438533385308
Archive_006,Acquisition_047,ROI_0022,0,keep,0.04636123533150681
Archive_006,Acquisition_047,ROI_0023,0,keep,0.11749931131157827
Archive_006,Acquisition_047,ROI_0024,0,keep,0.05536140292412516
Archive_006,Acquisition_047,ROI_0025,0,keep,0.2401497447053426
Archive_006,Acquisition_047,ROI_0026,0,keep,0.05648535372609019
Archive_006,Acquisition_047,ROI_0027,0,keep,0.045215546808508186
Archive_006,Acquisition_047,ROI_0028,0,keep,0.18156615094913978
Archive_006,Acquisition_047,ROI_0029,0,keep,0.231266770730071
Archive_006,Acquisition_047,ROI_0030,0,keep,0.0828117133715859
Archive_006,Acquisition_047,ROI_0031,1,discard,0.9320101922370161
Archive_006,Acquisition_047,ROI_0032,0,keep,0.15679762177748463
Archive_006,Acquisition_047,ROI_0033,0,keep,0.2786092974443928
Archive_006,Acquisition_047,ROI_0034,0,keep,0.10113765242994248
Archive_006,Acquisition_047,ROI_0035,0,keep,0.2651016745958515
Archive_006,Acquisition_047,ROI_0036,0,keep,0.2815929836546198
Archive_006,Acquisition_047,ROI_0037,0,keep,0.16249219493480016
Archive_006,Acquisition_047,ROI_0038,0,keep,0.19489277939102043
Archive_006,Acquisition_047,ROI_0039,0,keep,0.21865244500773834
Archive_006,Acquisition_047,ROI_0040,0,keep,0.16861819782076487
Archive_006,Acquisition_047,ROI_0041,0,keep,0.26801237185926013
Archive_006,Acquisition_047,ROI_0042,0,keep,0.2978032037848201
Archive_006,Acquisition_047,ROI_0043,0,keep,0.24107259258555802
Archive_006,Acquisition_047,ROI_0044,0,keep,0.179741850043297
Archive_006,Acquisition_047,ROI_0045,0,keep,0.21005951417222035
Archive_006,Acquisition_047,ROI_0046,0,keep,0.31594304728516004
Archive_006,Acquisition_047,ROI_0047,0,keep,0.20822355028302222
Archive_006,Acquisition_047,ROI_0048,0,keep,0.16319138529565608
Archive_006,Acquisition_047,ROI_0049,0,keep,0.6127915034609954
Archive_006,Acquisition_047,ROI_0050,0,keep,0.28276614356827523
Archive_006,Acquisition_047,ROI_0051,0,keep,0.2509444984426012
Archive_006,Acquisition_047,ROI_0052,0,keep,0.22441502900810475
Archive_006,Acquisition_047,ROI_0053,0,keep,0.36615329148265957
Archive_006,Acquisition_047,ROI_0054,0,keep,0.31539399167332965
Archive_006,Acquisition_047,ROI_0055,0,keep,0.18491617919229808
Archive_006,Acquisition_047,ROI_0056,0,keep,0.3804538307185025
Archive_006,Acquisition_047,ROI_0057,0,keep,0.20663194431352885
Archive_006,Acquisition_047,ROI_0058,1,discard,0.758987842455889
Archive_006,Acquisition_047,ROI_0059,0,keep,0.10081901297610645
Archive_006,Acquisition_047,ROI_0060,0,keep,0.31448779343200794
Archive_006,Acquisition_047,ROI_0061,0,keep,0.3301436483762393
Archive_006,Acquisition_047,ROI_0062,0,keep,0.22434260182404142
Archive_006,Acquisition_047,ROI_0063,0,keep,0.28014364785712864
Archive_006,Acquisition_047,ROI_0064,0,keep,0.1002514832955061
Archive_006,Acquisition_047,ROI_0065,0,keep,0.48698380208334674
Archive_006,Acquisition_047,ROI_0066,0,keep,0.22911164605053963
Archive_006,Acquisition_047,ROI_0067,0,keep,0.5333705983414424
Archive_006,Acquisition_047,ROI_0068,0,keep,0.4179440240600843
Archive_006,Acquisition_047,ROI_0069,0,keep,0.15495071871442417
Archive_006,Acquisition_047,ROI_0070,0,keep,0.17510857243068217
Archive_006,Acquisition_047,ROI_0071,0,keep,0.3219167112456319
Archive_006,Acquisition_047,ROI_0072,1,discard,0.320988852006911
Archive_006,Acquisition_047,ROI_0073,0,keep,0.26179319117104627
Archive_006,Acquisition_047,ROI_0074,0,keep,0.16627558861474118
Archive_006,Acquisition_047,ROI_0075,0,keep,0.18015846731444332
Archive_006,Acquisition_047,ROI_0076,1,discard,0.8174807887762383
Archive_006,Acquisition_047,ROI_0077,0,keep,0.17655837457574097
Archive_006,Acquisition_047,ROI_0078,0,keep,0.35243127487660075
Archive_006,Acquisition_047,ROI_0079,0,keep,0.21624641541803613
Archive_006,Acquisition_047,ROI_0080,0,keep,0.2817254824365485
Archive_006,Acquisition_047,ROI_0081,0,keep,0.1543849812005254
Archive_006,Acquisition_047,ROI_0082,0,keep,0.1941505758181618
Archive_006,Acquisition_047,ROI_0083,0,keep,0.36751718146488144
Archive_006,Acquisition_047,ROI_0084,0,keep,0.22661465410641918
Archive_006,Acquisition_047,ROI_0085,0,keep,0.12218302577890965
Archive_006,Acquisition_047,ROI_0086,0,keep,0.28233591971156036
Archive_006,Acquisition_047,ROI_0087,0,keep,0.23835223900509933
Archive_006,Acquisition_047,ROI_0088,1,discard,0.27750184908643233
Archive_006,Acquisition_047,ROI_0089,0,keep,0.3052897991419328
Archive_006,Acquisition_047,ROI_0090,0,keep,0.28654570920715555
Archive_006,Acquisition_047,ROI_0091,0,keep,0.37316048341328906
Archive_006,Acquisition_047,ROI_0092,0,keep,0.1998377818314949
Archive_006,Acquisition_047,ROI_0093,0,keep,0.25784694807625674
Archive_006,Acquisition_047,ROI_0094,0,keep,0.17570149545387412
Archive_006,Acquisition_047,ROI_0095,0,keep,0.22586822008118906
Archive_006,Acquisition_047,ROI_0096,0,keep,0.21439379891027174
Archive_006,Acquisition_047,ROI_0097,0,keep,0.4288515279858712
Archive_006,Acquisition_047,ROI_0098,0,keep,0.2626574476272311
Archive_006,Acquisition_047,ROI_0099,0,keep,0.25099481269750495
Archive_006,Acquisition_047,ROI_0100,0,keep,0.25382949870567145
Archive_006,Acquisition_047,ROI_0101,0,keep,0.2950553760964103
Archive_006,Acquisition_047,ROI_0102,0,keep,0.38538463839543763
Archive_006,Acquisition_047,ROI_0103,0,keep,0.3227224163088046
Archive_006,Acquisition_047,ROI_0104,0,keep,0.10152591239011871
Archive_006,Acquisition_047,ROI_0105,0,keep,0.27285879050024714
Archive_006,Acquisition_047,ROI_0106,0,keep,0.2747927376942555
Archive_006,Acquisition_047,ROI_0107,0,keep,0.20482646941334803
Archive_006,Acquisition_047,ROI_0108,0,keep,0.19684129960625676
Archive_006,Acquisition_047,ROI_0109,0,keep,0.24890629765776154
Archive_006,Acquisition_047,ROI_0110,0,keep,0.3432695922256133
Archive_006,Acquisition_047,ROI_0111,0,keep,0.39641108187774315
Archive_006,Acquisition_047,ROI_0112,0,keep,0.125229258624516
Archive_006,Acquisition_047,ROI_0113,0,keep,0.2784807253497418
Archive_006,Acquisition_047,ROI_0114,0,keep,0.30637443908356765
Archive_006,Acquisition_047,ROI_0115,0,keep,0.43587192232172933
Archive_006,Acquisition_047,ROI_0116,0,keep,0.33059628396383695
Archive_006,Acquisition_047,ROI_0117,0,keep,0.23770140625035846
Archive_006,Acquisition_047,ROI_0118,0,keep,0.7649691886602995
Archive_006,Acquisition_047,ROI_0119,0,keep,0.27960684740804825
Archive_006,Acquisition_047,ROI_0120,0,keep,0.32193446930893244
Archive_006,Acquisition_047,ROI_0121,0,keep,0.3360167014382242
Archive_006,Acquisition_047,ROI_0122,0,keep,0.3331442897320202
Archive_006,Acquisition_047,ROI_0123,0,keep,0.25720441002475114
Archive_006,Acquisition_047,ROI_0124,1,discard,0.9999997783925407
Archive_006,Acquisition_047,ROI_0125,1,discard,0.9999999999999989
Archive_006,Acquisition_047,ROI_0126,0,keep,0.16253070379546522
Archive_006,Acquisition_047,ROI_0127,0,keep,0.26770256091772626
Archive_006,Acquisition_047,ROI_0128,0,keep,0.5387900138305581
Archive_006,Acquisition_047,ROI_0129,0,keep,0.15763018065455364
Archive_006,Acquisition_047,ROI_0130,0,keep,0.4963253304482286
Archive_006,Acquisition_047,ROI_0131,1,discard,0.9998065299302197
Archive_006,Acquisition_047,ROI_0132,0,keep,0.2562229846668021
Archive_006,Acquisition_047,ROI_0133,0,keep,0.1996911189779545
Archive_006,Acquisition_047,ROI_0134,0,keep,0.48304413802763696
Archive_006,Acquisition_047,ROI_0135,1,discard,0.9999999999967013
Archive_006,Acquisition_047,ROI_0136,0,keep,0.3957102767920097
Archive_006,Acquisition_047,ROI_0137,0,keep,0.32894625698992047
Archive_006,Acquisition_047,ROI_0138,0,keep,0.46221173024137935
Archive_006,Acquisition_047,ROI_0139,0,keep,0.41785186282385645
Archive_006,Acquisition_047,ROI_0140,0,keep,0.3148339681533273
Archive_006,Acquisition_048,ROI_0001,0,keep,0.1576213975635013
Archive_006,Acquisition_048,ROI_0002,1,discard,0.9913938522716012
Archive_006,Acquisition_048,ROI_0003,1,discard,0.5072325385573441
Archive_006,Acquisition_048,ROI_0004,0,keep,0.2716843155961944
Archive_006,Acquisition_048,ROI_0005,1,discard,0.9801289408268627
Archive_006,Acquisition_048,ROI_0006,0,keep,0.5795743839045238
Archive_006,Acquisition_048,ROI_0007,0,keep,0.020932741652694858
Archive_006,Acquisition_048,ROI_0008,0,keep,0.014066158376520213
Archive_006,Acquisition_048,ROI_0009,0,keep,0.028769505184338746
Archive_006,Acquisition_048,ROI_0010,0,keep,0.11695758780052008
Archive_006,Acquisition_048,ROI_0011,0,keep,0.03589081926234466
Archive_006,Acquisition_048,ROI_0012,0,keep,0.08953482107376295
Archive_006,Acquisition_048,ROI_0013,0,keep,0.03118969950907102
Archive_006,Acquisition_048,ROI_0014,1,discard,0.9972986605707602
Archive_006,Acquisition_048,ROI_0015,0,keep,0.055807608154686446
Archive_006,Acquisition_048,ROI_0016,0,keep,0.04926254503681619
Archive_006,Acquisition_048,ROI_0017,0,keep,0.3253338605654808
Archive_006,Acquisition_048,ROI_0018,0,keep,0.13337850012569752
Archive_006,Acquisition_048,ROI_0019,0,keep,0.057658413908886486
Archive_006,Acquisition_048,ROI_0020,0,keep,0.5251407309546553
Archive_006,Acquisition_048,ROI_0021,0,keep,0.04946701688488204
Archive_006,Acquisition_048,ROI_0022,0,keep,0.1970315235681296
Archive_006,Acquisition_048,ROI_0023,0,keep,0.04642299096835954
Archive_006,Acquisition_048,ROI_0024,0,keep,0.05833221633663244
Archive_006,Acquisition_048,ROI_0025,0,keep,0.0646719701488486
Archive_006,Acquisition_048,ROI_0026,0,keep,0.02722848425747281
Archive_006,Acquisition_048,ROI_0027,1,discard,0.8723584777327803
Archive_006,Acquisition_048,ROI_0028,0,keep,0.04680770776772207
Archive_006,Acquisition_048,ROI_0029,0,keep,0.12565033440345932
Archive_006,Acquisition_048,ROI_0030,0,keep,0.05126273623112685
Archive_006,Acquisition_048,ROI_0031,0,keep,0.14796681227433703
Archive_006,Acquisition_048,ROI_0032,0,keep,0.051202592272847604
Archive_006,Acquisition_048,ROI_0033,0,keep,0.11709455964648872
Archive_006,Acquisition_048,ROI_0034,0,keep,0.24955194816809848
Archive_006,Acquisition_048,ROI_0035,0,keep,0.11007436194569296
Archive_006,Acquisition_048,ROI_0036,0,keep,0.3148982278142377
Archive_006,Acquisition_048,ROI_0037,0,keep,0.4037744755820261
Archive_006,Acquisition_048,ROI_0038,1,discard,0.9485237218235113
Archive_006,Acquisition_048,ROI_0039,0,keep,0.09955399530902544
Archive_006,Acquisition_048,ROI_0040,0,keep,0.15386247173310194
Archive_006,Acquisition_048,ROI_0041,0,keep,0.17463502491716415
Archive_006,Acquisition_048,ROI_0042,0,keep,0.13499767549354308
Archive_006,Acquisition_048,ROI_0043,0,keep,0.2763548649108376
Archive_006,Acquisition_048,ROI_0044,0,keep,0.39634795437401354
Archive_006,Acquisition_048,ROI_0045,0,keep,0.12172934494792509
Archive_006,Acquisition_048,ROI_0046,0,keep,0.04287044615405503
Archive_006,Acquisition_048,ROI_0047,0,keep,0.1625584440287015
Archive_006,Acquisition_048,ROI_0048,0,keep,0.10927216274212026
Archive_006,Acquisition_048,ROI_0049,0,keep,0.15856156132178612
Archive_006,Acquisition_048,ROI_0050,0,keep,0.271029081214708
Archive_006,Acquisition_048,ROI_0051,0,keep,0.1369917359067876
Archive_006,Acquisition_048,ROI_0052,0,keep,0.08206760485225906
Archive_006,Acquisition_048,ROI_0053,0,keep,0.33363693364800645
Archive_006,Acquisition_048,ROI_0054,0,keep,0.11457960554625028
Archive_006,Acquisition_048,ROI_0055,0,keep,0.12675099502063072
Archive_006,Acquisition_048,ROI_0056,0,keep,0.2975754912146673
Archive_006,Acquisition_048,ROI_0057,0,keep,0.3844803155948064
Archive_006,Acquisition_048,ROI_0058,0,keep,0.1702511789395961
Archive_006,Acquisition_048,ROI_0059,0,keep,0.15666843815828635
Archive_006,Acquisition_048,ROI_0060,0,keep,0.18978785939935278
Archive_006,Acquisition_048,ROI_0061,0,keep,0.6954459149358678
Archive_006,Acquisition_048,ROI_0062,0,keep,0.2138905306216579
Archive_006,Acquisition_048,ROI_0063,0,keep,0.3815896794717793
Archive_006,Acquisition_048,ROI_0064,0,keep,0.11604041093610168
Archive_006,Acquisition_048,ROI_0065,0,keep,0.24168024408813182
Archive_006,Acquisition_048,ROI_0066,0,keep,0.30436785995352955
Archive_006,Acquisition_048,ROI_0067,0,keep,0.1968764577003707
Archive_006,Acquisition_048,ROI_0068,1,discard,0.7369352766437884
Archive_006,Acquisition_048,ROI_0069,0,keep,0.12273128464145602
Archive_006,Acquisition_048,ROI_0070,0,keep,0.25443433606608656
Archive_006,Acquisition_048,ROI_0071,0,keep,0.313242897266014
Archive_006,Acquisition_048,ROI_0072,0,keep,0.17993175302631434
Archive_006,Acquisition_048,ROI_0073,1,discard,0.8361018412162678
Archive_006,Acquisition_048,ROI_0074,0,keep,0.23369576299377356
Archive_006,Acquisition_048,ROI_0075,0,keep,0.2811062477127523
Archive_006,Acquisition_048,ROI_0076,0,keep,0.26225820946255674
Archive_006,Acquisition_048,ROI_0077,1,discard,0.8072607526668588
Archive_006,Acquisition_048,ROI_0078,0,keep,0.1089633987781011
Archive_006,Acquisition_048,ROI_0079,0,keep,0.11601015304325984
Archive_006,Acquisition_048,ROI_0080,0,keep,0.2474034918767125
Archive_006,Acquisition_048,ROI_0081,0,keep,0.5305581818919096
Archive_006,Acquisition_048,ROI_0082,0,keep,0.22329056631845223
Archive_006,Acquisition_048,ROI_0083,0,keep,0.32106066558750956
Archive_006,Acquisition_048,ROI_0084,0,keep,0.3240929998596056
Archive_006,Acquisition_048,ROI_0085,0,keep,0.31773211918053185
Archive_006,Acquisition_048,ROI_0086,0,keep,0.3570853498921891
Archive_006,Acquisition_048,ROI_0087,0,keep,0.45644187743763337
Archive_006,Acquisition_048,ROI_0088,0,keep,0.18883184430802863
Archive_006,Acquisition_048,ROI_0089,0,keep,0.3726195175163636
Archive_006,Acquisition_048,ROI_0090,0,keep,0.33835789216758955
Archive_006,Acquisition_048,ROI_0091,0,keep,0.28882567962418354
Archive_006,Acquisition_048,ROI_0092,0,keep,0.24333722304713523
Archive_006,Acquisition_048,ROI_0093,0,keep,0.2855947144359354
Archive_006,Acquisition_048,ROI_0094,0,keep,0.20575151794509874
Archive_006,Acquisition_048,ROI_0095,0,keep,0.19553855224796254
Archive_006,Acquisition_048,ROI_0096,0,keep,0.2564298424931144
Archive_006,Acquisition_048,ROI_0097,0,keep,0.31243625045561324
Archive_006,Acquisition_048,ROI_0098,0,keep,0.37074000214255715
Archive_006,Acquisition_048,ROI_0099,0,keep,0.5432009451647847
Archive_006,Acquisition_048,ROI_0100,0,keep,0.2151271243929186
Archive_006,Acquisition_048,ROI_0101,0,keep,0.35534714763044395
Archive_006,Acquisition_048,ROI_0102,0,keep,0.25409422177311264
Archive_006,Acquisition_048,ROI_0103,0,keep,0.1758618239026136
Archive_006,Acquisition_048,ROI_0104,0,keep,0.4705054876916067
Archive_006,Acquisition_048,ROI_0105,0,keep,0.45235620594703313
Archive_006,Acquisition_048,ROI_0106,0,keep,0.29024142377235157
Archive_006,Acquisition_048,ROI_0107,0,keep,0.2565700886150485
Archive_006,Acquisition_048,ROI_0108,0,keep,0.35527869322720596
Archive_006,Acquisition_048,ROI_0109,0,keep,0.5801266394536959
Archive_006,Acquisition_048,ROI_0110,0,keep,0.31085931497951946
Archive_006,Acquisition_048,ROI_0111,1,discard,0.6944972948998499
Archive_006,Acquisition_048,ROI_0112,0,keep,0.46665915778046013
Archive_006,Acquisition_048,ROI_0113,0,keep,0.28389094567549905
Archive_006,Acquisition_048,ROI_0114,1,discard,0.9999999975669216
Archive_006,Acquisition_048,ROI_0115,0,keep,0.33278638918601106
Archive_006,Acquisition_048,ROI_0116,0,keep,0.3285206374189434
Archive_006,Acquisition_048,ROI_0117,1,discard,0.438646942247971
Archive_006,Acquisition_048,ROI_0118,0,keep,0.3644240777548019
Archive_006,Acquisition_048,ROI_0119,0,keep,0.23145018840402612
Archive_006,Acquisition_048,ROI_0120,0,keep,0.29650481650516386
Archive_006,Acquisition_048,ROI_0121,1,discard,0.9999999994271993
Archive_006,Acquisition_048,ROI_0122,0,keep,0.2544730099983516
Archive_006,Acquisition_048,ROI_0123,0,keep,0.37458126613838494
Archive_006,Acquisition_048,ROI_0124,1,discard,0.9729794209720783
Archive_006,Acquisition_048,ROI_0125,0,keep,0.08525519872973514
Archive_006,Acquisition_048,ROI_0126,0,keep,0.2690629309003911
Archive_006,Acquisition_048,ROI_0127,0,keep,0.21665527531551798
Archive_006,Acquisition_048,ROI_0128,0,keep,0.34534466930291297
Archive_006,Acquisition_048,ROI_0129,0,keep,0.385889369757353
Archive_006,Acquisition_048,ROI_0130,0,keep,0.2739072618006303
Archive_006,Acquisition_048,ROI_0131,0,keep,0.30430893734762327
Archive_006,Acquisition_048,ROI_0132,0,keep,0.14177186367792236
Archive_006,Acquisition_048,ROI_0133,0,keep,0.3943293869114152
Archive_006,Acquisition_048,ROI_0134,0,keep,0.20628305028923835
Archive_006,Acquisition_048,ROI_0135,0,keep,0.3428488362454315
Archive_006,Acquisition_048,ROI_0136,0,keep,0.5050318377511103
Archive_006,Acquisition_048,ROI_0137,0,keep,0.4952067294005656
Archive_006,Acquisition_048,ROI_0138,0,keep,0.21542016297254782
Archive_006,Acquisition_048,ROI_0139,0,keep,0.11967306249526409
Archive_006,Acquisition_048,ROI_0140,0,keep,0.09928302045485918
Archive_006,Acquisition_048,ROI_0141,0,keep,0.21957985186493034
Archive_006,Acquisition_048,ROI_0142,1,discard,0.9870042835802924
Archive_006,Acquisition_048,ROI_0143,0,keep,0.39035645024793825
Archive_006,Acquisition_048,ROI_0144,0,keep,0.3255343020459556
Archive_006,Acquisition_048,ROI_0145,0,keep,0.3218515664130309
Archive_006,Acquisition_048,ROI_0146,0,keep,0.42639292275245094
Archive_006,Acquisition_048,ROI_0147,0,keep,0.40634945786656285
Archive_006,Acquisition_048,ROI_0148,1,discard,0.9999999999999989
Archive_006,Acquisition_048,ROI_0149,1,discard,0.9727820963733134
Archive_006,Acquisition_048,ROI_0150,1,discard,0.9998797954929961
Archive_006,Acquisition_048,ROI_0151,0,keep,0.29496903250369444
Archive_006,Acquisition_048,ROI_0152,0,keep,0.3605425822936872
Archive_006,Acquisition_048,ROI_0153,1,discard,0.9999999999792455
Archive_006,Acquisition_048,ROI_0154,0,keep,0.395021912917689
Archive_006,Acquisition_048,ROI_0155,0,keep,0.43373218001121544
Archive_006,Acquisition_048,ROI_0156,0,keep,0.27810653824785003
Archive_006,Acquisition_048,ROI_0157,0,keep,0.4017768545874186
Archive_006,Acquisition_049,ROI_0001,0,keep,0.07380612844038302
Archive_006,Acquisition_049,ROI_0002,0,keep,0.051731540843507645
Archive_006,Acquisition_049,ROI_0003,0,keep,0.035398894516598695
Archive_006,Acquisition_049,ROI_0004,0,keep,0.03389342949394625
Archive_006,Acquisition_049,ROI_0005,1,discard,0.9671005671568821
Archive_006,Acquisition_049,ROI_0006,1,discard,0.9617112431029168
Archive_006,Acquisition_049,ROI_0007,0,keep,0.06125594306025878
Archive_006,Acquisition_049,ROI_0008,0,keep,0.037062021418112275
Archive_006,Acquisition_049,ROI_0009,0,keep,0.06592504942157505
Archive_006,Acquisition_049,ROI_0010,0,keep,0.390450107728751
Archive_006,Acquisition_049,ROI_0011,1,discard,0.9726855454470805
Archive_006,Acquisition_049,ROI_0012,0,keep,0.02935592267935002
Archive_006,Acquisition_049,ROI_0013,1,discard,0.6230872637314134
Archive_006,Acquisition_049,ROI_0014,0,keep,0.03005297154850934
Archive_006,Acquisition_049,ROI_0015,1,discard,0.9953903375946249
Archive_006,Acquisition_049,ROI_0016,0,keep,0.06694724027428292
Archive_006,Acquisition_049,ROI_0017,1,discard,0.8772750758457515
Archive_006,Acquisition_049,ROI_0018,1,discard,0.772366767050059
Archive_006,Acquisition_049,ROI_0019,0,keep,0.034289057487804114
Archive_006,Acquisition_049,ROI_0020,0,keep,0.06997390670647174
Archive_006,Acquisition_049,ROI_0021,0,keep,0.07497544229176688
Archive_006,Acquisition_049,ROI_0022,0,keep,0.0916830313264856
Archive_006,Acquisition_049,ROI_0023,0,keep,0.08973237696813971
Archive_006,Acquisition_049,ROI_0024,1,discard,0.9999999999999987
Archive_006,Acquisition_049,ROI_0025,0,keep,0.032696368157507795
Archive_006,Acquisition_049,ROI_0026,0,keep,0.24461079099431907
Archive_006,Acquisition_049,ROI_0027,0,keep,0.24918127578255847
Archive_006,Acquisition_049,ROI_0028,1,discard,0.986285372426014
Archive_006,Acquisition_049,ROI_0029,0,keep,0.07357686951348409
Archive_006,Acquisition_049,ROI_0030,0,keep,0.10147273493683896
Archive_006,Acquisition_049,ROI_0031,0,keep,0.12549432633928212
Archive_006,Acquisition_049,ROI_0032,0,keep,0.14597665357009498
Archive_006,Acquisition_049,ROI_0033,0,keep,0.06614141960219495
Archive_006,Acquisition_049,ROI_0034,0,keep,0.20626341063640463
Archive_006,Acquisition_049,ROI_0035,0,keep,0.0975914325781441
Archive_006,Acquisition_049,ROI_0036,0,keep,0.02474350817521892
Archive_006,Acquisition_049,ROI_0037,0,keep,0.1053886121606684
Archive_006,Acquisition_049,ROI_0038,0,keep,0.13111056864237228
Archive_006,Acquisition_049,ROI_0039,0,keep,0.21734282019233103
Archive_006,Acquisition_049,ROI_0040,0,keep,0.08566369603072992
Archive_006,Acquisition_049,ROI_0041,0,keep,0.24915540747304693
Archive_006,Acquisition_049,ROI_0042,0,keep,0.22309933709880944
Archive_006,Acquisition_049,ROI_0043,0,keep,0.0715403347347031
Archive_006,Acquisition_049,ROI_0044,0,keep,0.04824222575381913
Archive_006,Acquisition_049,ROI_0045,0,keep,0.11055820117218217
Archive_006,Acquisition_049,ROI_0046,0,keep,0.17503277055363115
Archive_006,Acquisition_049,ROI_0047,0,keep,0.10065624547773411
Archive_006,Acquisition_049,ROI_0048,0,keep,0.19129198064813627
Archive_006,Acquisition_049,ROI_0049,0,keep,0.11619127100527128
Archive_006,Acquisition_049,ROI_0050,0,keep,0.18546618944924195
Archive_006,Acquisition_049,ROI_0051,0,keep,0.1429769356452528
Archive_006,Acquisition_049,ROI_0052,0,keep,0.21100852484135993
Archive_006,Acquisition_049,ROI_0053,0,keep,0.13248066948157655
Archive_006,Acquisition_049,ROI_0054,0,keep,0.2018393166628923
Archive_006,Acquisition_049,ROI_0055,0,keep,0.16367031024571488
Archive_006,Acquisition_049,ROI_0056,0,keep,0.5411027208819109
Archive_006,Acquisition_049,ROI_0057,0,keep,0.14189295776951164
Archive_006,Acquisition_049,ROI_0058,0,keep,0.22581501249006655
Archive_006,Acquisition_049,ROI_0059,0,keep,0.1827973387117102
Archive_006,Acquisition_049,ROI_0060,0,keep,0.35968191776486574
Archive_006,Acquisition_049,ROI_0061,0,keep,0.2964050468765721
Archive_006,Acquisition_049,ROI_0062,0,keep,0.27366194775372105
Archive_006,Acquisition_049,ROI_0063,0,keep,0.2215962932208257
Archive_006,Acquisition_049,ROI_0064,0,keep,0.23413204476956664
Archive_006,Acquisition_049,ROI_0065,0,keep,0.09716319145262212
Archive_006,Acquisition_049,ROI_0066,0,keep,0.2447885806971165
Archive_006,Acquisition_049,ROI_0067,0,keep,0.16742575461343512
Archive_006,Acquisition_049,ROI_0068,0,keep,0.055640411809444026
Archive_006,Acquisition_049,ROI_0069,0,keep,0.18650139865837684
Archive_006,Acquisition_049,ROI_0070,1,discard,0.9363228480888941
Archive_006,Acquisition_049,ROI_0071,0,keep,0.17344410332008356
Archive_006,Acquisition_049,ROI_0072,0,keep,0.23338386131507086
Archive_006,Acquisition_049,ROI_0073,0,keep,0.06126134860774124
Archive_006,Acquisition_049,ROI_0074,0,keep,0.16461968429262325
Archive_006,Acquisition_049,ROI_0075,0,keep,0.28957204474856485
Archive_006,Acquisition_049,ROI_0076,0,keep,0.2300354923099785
Archive_006,Acquisition_049,ROI_0077,0,keep,0.20603450429895462
Archive_006,Acquisition_049,ROI_0078,1,discard,0.8604412400520935
Archive_006,Acquisition_049,ROI_0079,0,keep,0.29828581583906866
Archive_006,Acquisition_049,ROI_0080,0,keep,0.16864554274781576
Archive_006,Acquisition_049,ROI_0081,0,keep,0.23271616054808014
Archive_006,Acquisition_049,ROI_0082,0,keep,0.2630316080685299
Archive_006,Acquisition_049,ROI_0083,0,keep,0.09629887547539176
Archive_006,Acquisition_049,ROI_0084,0,keep,0.5116645907984311
Archive_006,Acquisition_049,ROI_0085,1,discard,0.9999999999994547
Archive_006,Acquisition_049,ROI_0086,0,keep,0.22569279180958826
Archive_006,Acquisition_049,ROI_0087,0,keep,0.3325032236712167
Archive_006,Acquisition_049,ROI_0088,0,keep,0.371033126439214
Archive_006,Acquisition_049,ROI_0089,0,keep,0.23929477223976192
Archive_006,Acquisition_049,ROI_0090,0,keep,0.45765081662837226
Archive_006,Acquisition_049,ROI_0091,0,keep,0.16037947306520417
Archive_006,Acquisition_049,ROI_0092,0,keep,0.10862153943684122
Archive_006,Acquisition_049,ROI_0093,1,discard,0.9999999999994544
Archive_006,Acquisition_049,ROI_0094,0,keep,0.26713209727213394
Archive_006,Acquisition_049,ROI_0095,0,keep,0.3224404460219185
Archive_006,Acquisition_049,ROI_0096,0,keep,0.258671456130462
Archive_006,Acquisition_049,ROI_0097,0,keep,0.3571805234374122
Archive_006,Acquisition_049,ROI_0098,0,keep,0.13177507045552564
Archive_006,Acquisition_049,ROI_0099,0,keep,0.14606239188235096
Archive_006,Acquisition_049,ROI_0100,0,keep,0.20320966474239896
Archive_006,Acquisition_049,ROI_0101,0,keep,0.2640517653518392
Archive_006,Acquisition_049,ROI_0102,0,keep,0.2927744248310685
Archive_006,Acquisition_049,ROI_0103,1,discard,0.2641804914355607
Archive_006,Acquisition_049,ROI_0104,0,keep,0.3437657100157785
Archive_006,Acquisition_049,ROI_0105,0,keep,0.16226456241442214
Archive_006,Acquisition_049,ROI_0106,0,keep,0.2908954690506291
Archive_006,Acquisition_049,ROI_0107,0,keep,0.5987733279769555
Archive_006,Acquisition_049,ROI_0108,0,keep,0.3161486912680029
Archive_006,Acquisition_049,ROI_0109,0,keep,0.18701197227786148
Archive_006,Acquisition_049,ROI_0110,0,keep,0.2902262432934078
Archive_006,Acquisition_049,ROI_0111,0,keep,0.2710410625892822
Archive_006,Acquisition_049,ROI_0112,0,keep,0.3291296542420834
Archive_006,Acquisition_049,ROI_0113,0,keep,0.23334945833101578
Archive_006,Acquisition_049,ROI_0114,0,keep,0.40675134884327385
Archive_006,Acquisition_049,ROI_0115,0,keep,0.6580457101698081
Archive_006,Acquisition_049,ROI_0116,0,keep,0.2446934007274667
Archive_006,Acquisition_049,ROI_0117,0,keep,0.2926873335269823
Archive_006,Acquisition_049,ROI_0118,0,keep,0.4083279381427049
Archive_006,Acquisition_049,ROI_0119,0,keep,0.18135243102226017
Archive_006,Acquisition_049,ROI_0120,0,keep,0.13010836590005032
Archive_006,Acquisition_049,ROI_0121,0,keep,0.23930994802779657
Archive_006,Acquisition_049,ROI_0122,1,discard,0.9999999999999993
Archive_006,Acquisition_049,ROI_0123,1,discard,0.676373355595256
Archive_006,Acquisition_049,ROI_0124,0,keep,0.20434028394853598
Archive_006,Acquisition_049,ROI_0125,1,discard,0.900330450941814
Archive_006,Acquisition_049,ROI_0126,0,keep,0.17267746404014758
Archive_006,Acquisition_049,ROI_0127,0,keep,0.17664912456115733
Archive_006,Acquisition_049,ROI_0128,0,keep,0.38752248928817645
Archive_006,Acquisition_049,ROI_0129,1,discard,0.9217785075727704
Archive_006,Acquisition_049,ROI_0130,0,keep,0.41191064507171876
Archive_006,Acquisition_049,ROI_0131,0,keep,0.29624184486441396
Archive_006,Acquisition_049,ROI_0132,0,keep,0.13567912877334642
Archive_006,Acquisition_049,ROI_0133,0,keep,0.24493249082425836
Archive_006,Acquisition_049,ROI_0134,0,keep,0.2956005495792292
Archive_006,Acquisition_049,ROI_0135,0,keep,0.19395971124857211
Archive_006,Acquisition_049,ROI_0136,1,discard,0.9999999999999267
Archive_006,Acquisition_049,ROI_0137,0,keep,0.3097810148830702
Archive_006,Acquisition_049,ROI_0138,1,discard,0.9997316724548913
Archive_006,Acquisition_049,ROI_0139,0,keep,0.23618375881378623
Archive_006,Acquisition_050,ROI_0001,0,keep,0.13590075734373555
Archive_006,Acquisition_050,ROI_0002,0,keep,0.02800130443793551
Archive_006,Acquisition_050,ROI_0003,0,keep,0.06193359421969366
Archive_006,Acquisition_050,ROI_0004,0,keep,0.037633347359136045
Archive_006,Acquisition_050,ROI_0005,0,keep,0.01993455144926537
Archive_006,Acquisition_050,ROI_0006,0,keep,0.04030715974036277
Archive_006,Acquisition_050,ROI_0007,1,discard,0.7172657879560778
Archive_006,Acquisition_050,ROI_0008,0,keep,0.12384367751978949
Archive_006,Acquisition_050,ROI_0009,0,keep,0.1293060066845347
Archive_006,Acquisition_050,ROI_0010,0,keep,0.08638149326973055
Archive_006,Acquisition_050,ROI_0011,0,keep,0.08606374649823084
Archive_006,Acquisition_050,ROI_0012,0,keep,0.05418404729382103
Archive_006,Acquisition_050,ROI_0013,0,keep,0.11786942104155063
Archive_006,Acquisition_050,ROI_0014,1,discard,0.9237198195049996
Archive_006,Acquisition_050,ROI_0015,0,keep,0.05289313067714004
Archive_006,Acquisition_050,ROI_0016,0,keep,0.07921755296706608
Archive_006,Acquisition_050,ROI_0017,0,keep,0.787815200451944
Archive_006,Acquisition_050,ROI_0018,0,keep,0.481833078336643
Archive_006,Acquisition_050,ROI_0019,0,keep,0.1043772718846195
Archive_006,Acquisition_050,ROI_0020,0,keep,0.02324346677132486
Archive_006,Acquisition_050,ROI_0021,0,keep,0.06278200274375201
Archive_006,Acquisition_050,ROI_0022,0,keep,0.10361716994144798
Archive_006,Acquisition_050,ROI_0023,0,keep,0.19590012475341892
Archive_006,Acquisition_050,ROI_0024,0,keep,0.19176083984271167
Archive_006,Acquisition_050,ROI_0025,0,keep,0.10266320915122593
Archive_006,Acquisition_050,ROI_0026,0,keep,0.3544784384175054
Archive_006,Acquisition_050,ROI_0027,0,keep,0.09497641658147102
Archive_006,Acquisition_050,ROI_0028,0,keep,0.14318051030064802
Archive_006,Acquisition_050,ROI_0029,0,keep,0.0993866483969884
Archive_006,Acquisition_050,ROI_0030,0,keep,0.1034982785864994
Archive_006,Acquisition_050,ROI_0031,0,keep,0.16411231478091418
Archive_006,Acquisition_050,ROI_0032,0,keep,0.17702940721791288
Archive_006,Acquisition_050,ROI_0033,0,keep,0.07490528766755926
Archive_006,Acquisition_050,ROI_0034,0,keep,0.05023708144709404
Archive_006,Acquisition_050,ROI_0035,0,keep,0.054839074830620796
Archive_006,Acquisition_050,ROI_0036,0,keep,0.11864496559991587
Archive_006,Acquisition_050,ROI_0037,0,keep,0.15085656416670343
Archive_006,Acquisition_050,ROI_0038,0,keep,0.1253897800721809
Archive_006,Acquisition_050,ROI_0039,0,keep,0.076767989007728
Archive_006,Acquisition_050,ROI_0040,0,keep,0.23230334966380464
Archive_006,Acquisition_050,ROI_0041,0,keep,0.23118915993648997
Archive_006,Acquisition_050,ROI_0042,0,keep,0.10873337747028262
Archive_006,Acquisition_050,ROI_0043,0,keep,0.5994275501126389
Archive_006,Acquisition_050,ROI_0044,0,keep,0.1467964956917758
Archive_006,Acquisition_050,ROI_0045,0,keep,0.23304744730063084
Archive_006,Acquisition_050,ROI_0046,0,keep,0.07636596411683959
Archive_006,Acquisition_050,ROI_0047,0,keep,0.14948444342273198
Archive_006,Acquisition_050,ROI_0048,0,keep,0.22539629810295012
Archive_006,Acquisition_050,ROI_0049,0,keep,0.39396824925135665
Archive_006,Acquisition_050,ROI_0050,0,keep,0.0962618832667267
Archive_006,Acquisition_050,ROI_0051,0,keep,0.13798442183912704
Archive_006,Acquisition_050,ROI_0052,0,keep,0.36580467054649185
Archive_006,Acquisition_050,ROI_0053,0,keep,0.11674028413081822
Archive_006,Acquisition_050,ROI_0054,0,keep,0.26233818206874643
Archive_006,Acquisition_050,ROI_0055,0,keep,0.09582509515881274
Archive_006,Acquisition_050,ROI_0056,0,keep,0.26042873091184343
Archive_006,Acquisition_050,ROI_0057,0,keep,0.4000833974708823
Archive_006,Acquisition_050,ROI_0058,0,keep,0.2198859018670188
Archive_006,Acquisition_050,ROI_0059,0,keep,0.17492518240817181
Archive_006,Acquisition_050,ROI_0060,0,keep,0.13405663621921046
Archive_006,Acquisition_050,ROI_0061,0,keep,0.2857585879850959
Archive_006,Acquisition_050,ROI_0062,0,keep,0.0887219141918041
Archive_006,Acquisition_050,ROI_0063,0,keep,0.343804197715035
Archive_006,Acquisition_050,ROI_0064,0,keep,0.13166271334868615
Archive_006,Acquisition_050,ROI_0065,0,keep,0.5109157761666809
Archive_006,Acquisition_050,ROI_0066,1,discard,0.6173688255666329
Archive_006,Acquisition_050,ROI_0067,0,keep,0.18326808923167262
Archive_006,Acquisition_050,ROI_0068,0,keep,0.08833572417528
Archive_006,Acquisition_050,ROI_0069,0,keep,0.21878651042626657
Archive_006,Acquisition_050,ROI_0070,0,keep,0.24776677381615575
Archive_006,Acquisition_050,ROI_0071,0,keep,0.36705231957938383
Archive_006,Acquisition_050,ROI_0072,0,keep,0.281128188572609
Archive_006,Acquisition_050,ROI_0073,0,keep,0.2776267603909949
Archive_006,Acquisition_050,ROI_0074,0,keep,0.28297384483804117
Archive_006,Acquisition_050,ROI_0075,0,keep,0.2803642036590833
Archive_006,Acquisition_050,ROI_0076,0,keep,0.12050392192905608
Archive_006,Acquisition_050,ROI_0077,1,discard,0.3304710744763057
Archive_006,Acquisition_050,ROI_0078,0,keep,0.27433709082271757
Archive_006,Acquisition_050,ROI_0079,0,keep,0.3019769202020094
Archive_006,Acquisition_050,ROI_0080,0,keep,0.37381669496299286
Archive_006,Acquisition_050,ROI_0081,1,discard,0.8162222066832105
Archive_006,Acquisition_050,ROI_0082,1,discard,0.9999084554017924
Archive_006,Acquisition_050,ROI_0083,0,keep,0.3384000321539221
Archive_006,Acquisition_050,ROI_0084,0,keep,0.237494512174075
Archive_006,Acquisition_050,ROI_0085,1,discard,0.7436069467307854
Archive_006,Acquisition_050,ROI_0086,0,keep,0.022571375850785603
Archive_006,Acquisition_050,ROI_0087,0,keep,0.35276023421577785
Archive_006,Acquisition_050,ROI_0088,0,keep,0.10144996955602997
Archive_006,Acquisition_050,ROI_0089,0,keep,0.22541301639735994
Archive_006,Acquisition_050,ROI_0090,1,discard,0.9999999886594847
Archive_006,Acquisition_050,ROI_0091,0,keep,0.31371721993761303
Archive_006,Acquisition_050,ROI_0092,0,keep,0.42436282793998326
Archive_006,Acquisition_050,ROI_0093,0,keep,0.3959268938358931
Archive_006,Acquisition_050,ROI_0094,0,keep,0.3305306597033733
Archive_006,Acquisition_050,ROI_0095,0,keep,0.343528779785193
Archive_006,Acquisition_050,ROI_0096,0,keep,0.26536875904504675
Archive_006,Acquisition_050,ROI_0097,0,keep,0.4419172568360243
Archive_006,Acquisition_050,ROI_0098,0,keep,0.34055556257870473
Archive_006,Acquisition_050,ROI_0099,0,keep,0.29625763864512783
Archive_006,Acquisition_050,ROI_0100,0,keep,0.4072688424561693
Archive_006,Acquisition_050,ROI_0101,0,keep,0.439497800299569
Archive_006,Acquisition_050,ROI_0102,0,keep,0.3708388823439852
Archive_006,Acquisition_050,ROI_0103,0,keep,0.25349532052458856
Archive_006,Acquisition_050,ROI_0104,0,keep,0.47277173700511443
Archive_006,Acquisition_050,ROI_0105,0,keep,0.16440624642338544
Archive_006,Acquisition_050,ROI_0106,0,keep,0.22218906382591314
Archive_006,Acquisition_050,ROI_0107,0,keep,0.488309889483173
Archive_006,Acquisition_050,ROI_0108,0,keep,0.15068177956153359
Archive_006,Acquisition_050,ROI_0109,0,keep,0.2792391693915745
Archive_006,Acquisition_050,ROI_0110,0,keep,0.32981209753159846
Archive_006,Acquisition_050,ROI_0111,0,keep,0.23639797658694747
Archive_006,Acquisition_050,ROI_0112,0,keep,0.1979454641916955
Archive_006,Acquisition_050,ROI_0113,0,keep,0.17807944008780868
Archive_006,Acquisition_050,ROI_0114,0,keep,0.29267619735742645
Archive_006,Acquisition_050,ROI_0115,0,keep,0.33907576142846413
Archive_006,Acquisition_050,ROI_0116,0,keep,0.1738020847263309
Archive_006,Acquisition_050,ROI_0117,0,keep,0.3306429318477561
Archive_006,Acquisition_050,ROI_0118,0,keep,0.36463403193078225
Archive_006,Acquisition_050,ROI_0119,0,keep,0.28576741931565725
Archive_006,Acquisition_050,ROI_0120,0,keep,0.28019980023289837
Archive_006,Acquisition_050,ROI_0121,0,keep,0.11458952341346043
Archive_006,Acquisition_050,ROI_0122,0,keep,0.2551776810265971
Archive_006,Acquisition_050,ROI_0123,1,discard,0.9999999999999998
Archive_006,Acquisition_050,ROI_0124,0,keep,0.206841178402613
Archive_006,Acquisition_050,ROI_0125,0,keep,0.26284816772178166
Archive_006,Acquisition_050,ROI_0126,1,discard,0.9999999999999989
Archive_006,Acquisition_050,ROI_0127,1,discard,0.9989474264812953
Archive_006,Acquisition_050,ROI_0128,0,keep,0.48600114670090167
Archive_006,Acquisition_050,ROI_0129,0,keep,0.3387149072204614
Archive_006,Acquisition_051,ROI_0001,0,keep,0.1481211534457151
Archive_006,Acquisition_051,ROI_0002,0,keep,0.04757421623264489
Archive_006,Acquisition_051,ROI_0003,0,keep,0.02305642528495117
Archive_006,Acquisition_051,ROI_0004,0,keep,0.05461658875765236
Archive_006,Acquisition_051,ROI_0005,1,discard,0.0734426608576457
Archive_006,Acquisition_051,ROI_0006,1,discard,0.9954642735814887
Archive_006,Acquisition_051,ROI_0007,0,keep,0.04190914327924534
Archive_006,Acquisition_051,ROI_0008,0,keep,0.032992491403321444
Archive_006,Acquisition_051,ROI_0009,0,keep,0.03468770631577049
Archive_006,Acquisition_051,ROI_0010,0,keep,0.028716446172455883
Archive_006,Acquisition_051,ROI_0011,0,keep,0.3373873116733538
Archive_006,Acquisition_051,ROI_0012,1,discard,0.994311385530403
Archive_006,Acquisition_051,ROI_0013,0,keep,0.02878139575291468
Archive_006,Acquisition_051,ROI_0014,0,keep,0.052602584864714155
Archive_006,Acquisition_051,ROI_0015,0,keep,0.029068990586722184
Archive_006,Acquisition_051,ROI_0016,0,keep,0.07324045726896869
Archive_006,Acquisition_051,ROI_0017,0,keep,0.03486542035005733
Archive_006,Acquisition_051,ROI_0018,0,keep,0.09649143596864537
Archive_006,Acquisition_051,ROI_0019,1,discard,0.9860005535843107
Archive_006,Acquisition_051,ROI_0020,1,discard,0.99595513185755
Archive_006,Acquisition_051,ROI_0021,0,keep,0.07336010544863186
Archive_006,Acquisition_051,ROI_0022,0,keep,0.6850741420855909
Archive_006,Acquisition_051,ROI_0023,0,keep,0.028882244640247957
Archive_006,Acquisition_051,ROI_0024,0,keep,0.05804236802013563
Archive_006,Acquisition_051,ROI_0025,0,keep,0.09163395202918072
Archive_006,Acquisition_051,ROI_0026,0,keep,0.09529026434741901
Archive_006,Acquisition_051,ROI_0027,1,discard,0.6769490590499717
Archive_006,Acquisition_051,ROI_0028,0,keep,0.14725072404465253
Archive_006,Acquisition_051,ROI_0029,0,keep,0.12879827962981255
Archive_006,Acquisition_051,ROI_0030,0,keep,0.1997325506735208
Archive_006,Acquisition_051,ROI_0031,0,keep,0.09029292348600668
Archive_006,Acquisition_051,ROI_0032,0,keep,0.16100156245086442
Archive_006,Acquisition_051,ROI_0033,0,keep,0.16936649794066547
Archive_006,Acquisition_051,ROI_0034,0,keep,0.20433467542321365
Archive_006,Acquisition_051,ROI_0035,0,keep,0.17259224924248553
Archive_006,Acquisition_051,ROI_0036,0,keep,0.23498434603526078
Archive_006,Acquisition_051,ROI_0037,0,keep,0.057022070551367654
Archive_006,Acquisition_051,ROI_0038,0,keep,0.11852665548673297
Archive_006,Acquisition_051,ROI_0039,0,keep,0.25737749836420815
Archive_006,Acquisition_051,ROI_0040,0,keep,0.09728069888356776
Archive_006,Acquisition_051,ROI_0041,0,keep,0.20359842776356687
Archive_006,Acquisition_051,ROI_0042,0,keep,0.1420901087597511
Archive_006,Acquisition_051,ROI_0043,0,keep,0.1384410398833693
Archive_006,Acquisition_051,ROI_0044,0,keep,0.1313086530182805
Archive_006,Acquisition_051,ROI_0045,0,keep,0.18823758763157378
Archive_006,Acquisition_051,ROI_0046,0,keep,0.17246381979491432
Archive_006,Acquisition_051,ROI_0047,0,keep,0.18827173031979585
Archive_006,Acquisition_051,ROI_0048,0,keep,0.2729522956037147
Archive_006,Acquisition_051,ROI_0049,0,keep,0.2832751549482872
Archive_006,Acquisition_051,ROI_0050,0,keep,0.12463065788904276
Archive_006,Acquisition_051,ROI_0051,1,discard,0.999999999372615
Archive_006,Acquisition_051,ROI_0052,0,keep,0.24823778170809357
Archive_006,Acquisition_051,ROI_0053,0,keep,0.10316319009893359
Archive_006,Acquisition_051,ROI_0054,0,keep,0.2779307094082643
Archive_006,Acquisition_051,ROI_0055,1,discard,0.08471382501183057
Archive_006,Acquisition_051,ROI_0056,0,keep,0.13626754731121377
Archive_006,Acquisition_051,ROI_0057,0,keep,0.44221861122318395
Archive_006,Acquisition_051,ROI_0058,0,keep,0.33581646019215183
Archive_006,Acquisition_051,ROI_0059,0,keep,0.16630189463254663
Archive_006,Acquisition_051,ROI_0060,0,keep,0.29502200385164656
Archive_006,Acquisition_051,ROI_0061,0,keep,0.21963675443695563
Archive_006,Acquisition_051,ROI_0062,0,keep,0.3043001401950296
Archive_006,Acquisition_051,ROI_0063,0,keep,0.28079177608501277
Archive_006,Acquisition_051,ROI_0064,0,keep,0.1834351973274014
Archive_006,Acquisition_051,ROI_0065,0,keep,0.2663932431485348
Archive_006,Acquisition_051,ROI_0066,0,keep,0.28615358283780834
Archive_006,Acquisition_051,ROI_0067,0,keep,0.38890799929973774
Archive_006,Acquisition_051,ROI_0068,0,keep,0.24078502615100586
Archive_006,Acquisition_051,ROI_0069,0,keep,0.2810370036022371
Archive_006,Acquisition_051,ROI_0070,0,keep,0.12561145649254923
Archive_006,Acquisition_051,ROI_0071,0,keep,0.22447119476027438
Archive_006,Acquisition_051,ROI_0072,0,keep,0.330878374810913
Archive_006,Acquisition_051,ROI_0073,0,keep,0.12099988555777448
Archive_006,Acquisition_051,ROI_0074,0,keep,0.40031199594965683
Archive_006,Acquisition_051,ROI_0075,0,keep,0.37328345579539646
Archive_006,Acquisition_051,ROI_0076,0,keep,0.0923531599957121
Archive_006,Acquisition_051,ROI_0077,0,keep,0.4579373433889779
Archive_006,Acquisition_051,ROI_0078,0,keep,0.23543101851145265
Archive_006,Acquisition_051,ROI_0079,0,keep,0.35730732170354956
Archive_006,Acquisition_051,ROI_0080,0,keep,0.280001857131498
Archive_006,Acquisition_051,ROI_0081,0,keep,0.3249711474061733
Archive_006,Acquisition_051,ROI_0082,0,keep,0.3301572383559396
Archive_006,Acquisition_051,ROI_0083,0,keep,0.4846572791408682
Archive_006,Acquisition_051,ROI_0084,0,keep,0.3807601066200151
Archive_006,Acquisition_051,ROI_0085,0,keep,0.3534440532801851
Archive_006,Acquisition_051,ROI_0086,0,keep,0.4689405910944077
Archive_006,Acquisition_051,ROI_0087,0,keep,0.3820634191932827
Archive_006,Acquisition_051,ROI_0088,0,keep,0.5968209656060325
Archive_006,Acquisition_051,ROI_0089,0,keep,0.1613771249145215
Archive_006,Acquisition_051,ROI_0090,0,keep,0.6413299761694831
Archive_006,Acquisition_051,ROI_0091,0,keep,0.42560020935401865
Archive_006,Acquisition_051,ROI_0092,1,discard,0.9999999999999989
Archive_006,Acquisition_051,ROI_0093,0,keep,0.29593966987473175
Archive_006,Acquisition_051,ROI_0094,0,keep,0.2160060340723277
Archive_006,Acquisition_051,ROI_0095,0,keep,0.18434402972778274
Archive_006,Acquisition_051,ROI_0096,0,keep,0.33853053052409093
Archive_006,Acquisition_051,ROI_0097,0,keep,0.4044333728082661
Archive_006,Acquisition_051,ROI_0098,1,discard,0.9999999999999989
Archive_006,Acquisition_051,ROI_0099,0,keep,0.24282583110411513
Archive_006,Acquisition_051,ROI_0100,1,discard,0.9999999999999998
Archive_006,Acquisition_051,ROI_0101,0,keep,0.23809358413563556
Archive_006,Acquisition_051,ROI_0102,0,keep,0.2730668787450029
Archive_006,Acquisition_051,ROI_0103,0,keep,0.2941442687719014
Archive_006,Acquisition_051,ROI_0104,0,keep,0.3834668326331935
Archive_006,Acquisition_051,ROI_0105,0,keep,0.24470901119727817
Archive_006,Acquisition_051,ROI_0106,0,keep,0.20856035337730006
Archive_006,Acquisition_051,ROI_0107,0,keep,0.3933985725765417
Archive_006,Acquisition_051,ROI_0108,0,keep,0.33459201122123283
Archive_006,Acquisition_051,ROI_0109,0,keep,0.3293579395093544
Archive_006,Acquisition_051,ROI_0110,1,discard,0.9989543522964434
Archive_006,Acquisition_051,ROI_0111,0,keep,0.3055121473699087
Archive_006,Acquisition_051,ROI_0112,1,discard,0.3624986861424305
Archive_006,Acquisition_051,ROI_0113,0,keep,0.3864698294395973
Archive_006,Acquisition_051,ROI_0114,0,keep,0.3548784243789216
Archive_006,Acquisition_052,ROI_0001,0,keep,0.03499845393227396
Archive_006,Acquisition_052,ROI_0002,0,keep,0.06364793354202629
Archive_006,Acquisition_052,ROI_0003,0,keep,0.07041587675049929
Archive_006,Acquisition_052,ROI_0004,0,keep,0.5374498808199919
Archive_006,Acquisition_052,ROI_0005,1,discard,0.9999999510411697
Archive_006,Acquisition_052,ROI_0006,0,keep,0.10230528645173455
Archive_006,Acquisition_052,ROI_0007,0,keep,0.04774421274579086
Archive_006,Acquisition_052,ROI_0008,0,keep,0.015499354647137729
Archive_006,Acquisition_052,ROI_0009,0,keep,0.0441675762085167
Archive_006,Acquisition_052,ROI_0010,1,discard,0.19799188533097903
Archive_006,Acquisition_052,ROI_0011,0,keep,0.178284800555014
Archive_006,Acquisition_052,ROI_0012,0,keep,0.15393718680289903
Archive_006,Acquisition_052,ROI_0013,1,discard,0.6969223383899651
Archive_006,Acquisition_052,ROI_0014,0,keep,0.3561139140720532
Archive_006,Acquisition_052,ROI_0015,0,keep,0.29033636833291576
Archive_006,Acquisition_052,ROI_0016,0,keep,0.09044289316267848
Archive_006,Acquisition_052,ROI_0017,0,keep,0.17429785017021857
Archive_006,Acquisition_052,ROI_0018,0,keep,0.10542353075798408
Archive_006,Acquisition_052,ROI_0019,0,keep,0.3779721996551246
Archive_006,Acquisition_052,ROI_0020,0,keep,0.243834947432719
Archive_006,Acquisition_052,ROI_0021,0,keep,0.12483721307920947
Archive_006,Acquisition_052,ROI_0022,0,keep,0.07107854165742514
Archive_006,Acquisition_052,ROI_0023,0,keep,0.15507801487666903
Archive_006,Acquisition_052,ROI_0024,1,discard,0.8126310631329656
Archive_006,Acquisition_052,ROI_0025,0,keep,0.15135421875612715
Archive_006,Acquisition_052,ROI_0026,0,keep,0.056813396566232965
Archive_006,Acquisition_052,ROI_0027,0,keep,0.20991727564721427
Archive_006,Acquisition_052,ROI_0028,0,keep,0.2189822799072633
Archive_006,Acquisition_052,ROI_0029,0,keep,0.13658192840952296
Archive_006,Acquisition_052,ROI_0030,0,keep,0.12304021900462798
Archive_006,Acquisition_052,ROI_0031,0,keep,0.09604831755175854
Archive_006,Acquisition_052,ROI_0032,0,keep,0.15110731326556015
Archive_006,Acquisition_052,ROI_0033,0,keep,0.20290106081788
Archive_006,Acquisition_052,ROI_0034,0,keep,0.1935272497145604
Archive_006,Acquisition_052,ROI_0035,0,keep,0.09453645988003317
Archive_006,Acquisition_052,ROI_0036,0,keep,0.2375623532724107
Archive_006,Acquisition_052,ROI_0037,0,keep,0.201017758745772
Archive_006,Acquisition_052,ROI_0038,0,keep,0.1763807225224458
Archive_006,Acquisition_052,ROI_0039,0,keep,0.20215309057358996
Archive_006,Acquisition_052,ROI_0040,1,discard,0.7625132837005308
Archive_006,Acquisition_052,ROI_0041,1,discard,0.35298080297161133
Archive_006,Acquisition_052,ROI_0042,0,keep,0.2052487200808123
Archive_006,Acquisition_052,ROI_0043,0,keep,0.17721317073224607
Archive_006,Acquisition_052,ROI_0044,0,keep,0.27736004992269137
Archive_006,Acquisition_052,ROI_0045,0,keep,0.30949929965887707
Archive_006,Acquisition_052,ROI_0046,0,keep,0.2750177516696261
Archive_006,Acquisition_052,ROI_0047,0,keep,0.32302084457657015
Archive_006,Acquisition_052,ROI_0048,0,keep,0.28228831125384884
Archive_006,Acquisition_052,ROI_0049,0,keep,0.20745708703239535
Archive_006,Acquisition_052,ROI_0050,0,keep,0.17818095690712912
Archive_006,Acquisition_052,ROI_0051,0,keep,0.23453302002153323
Archive_006,Acquisition_052,ROI_0052,0,keep,0.11299889284012207
Archive_006,Acquisition_052,ROI_0053,0,keep,0.3719581017637338
Archive_006,Acquisition_052,ROI_0054,0,keep,0.334181592321633
Archive_006,Acquisition_052,ROI_0055,0,keep,0.2974856408127117
Archive_006,Acquisition_052,ROI_0056,0,keep,0.29360688443692656
Archive_006,Acquisition_052,ROI_0057,0,keep,0.15039473952538468
Archive_006,Acquisition_052,ROI_0058,0,keep,0.20598385465876742
Archive_006,Acquisition_052,ROI_0059,0,keep,0.27573083744353133
Archive_006,Acquisition_052,ROI_0060,0,keep,0.2761032647660004
Archive_006,Acquisition_052,ROI_0061,0,keep,0.2266529169293633
Archive_006,Acquisition_052,ROI_0062,0,keep,0.3724774679866567
Archive_006,Acquisition_052,ROI_0063,0,keep,0.20175641198687533
Archive_006,Acquisition_052,ROI_0064,0,keep,0.24254109899974982
Archive_006,Acquisition_052,ROI_0065,0,keep,0.09178154623281688
Archive_006,Acquisition_052,ROI_0066,0,keep,0.3014945703594858
Archive_006,Acquisition_052,ROI_0067,0,keep,0.3675398165375607
Archive_006,Acquisition_052,ROI_0068,0,keep,0.2308611560570774
Archive_006,Acquisition_052,ROI_0069,0,keep,0.1703557926154358
Archive_006,Acquisition_052,ROI_0070,0,keep,0.32962567483831445
Archive_006,Acquisition_052,ROI_0071,0,keep,0.3643313148789702
Archive_006,Acquisition_052,ROI_0072,0,keep,0.21649899254992885
Archive_006,Acquisition_052,ROI_0073,0,keep,0.09173448289573384
Archive_006,Acquisition_052,ROI_0074,0,keep,0.22400992468014902
Archive_006,Acquisition_052,ROI_0075,0,keep,0.28601859101684657
Archive_006,Acquisition_052,ROI_0076,0,keep,0.24983539014594924
Archive_006,Acquisition_052,ROI_0077,0,keep,0.2918602318773809
Archive_006,Acquisition_052,ROI_0078,0,keep,0.17733497949067134
Archive_006,Acquisition_052,ROI_0079,0,keep,0.32871802463805194
Archive_006,Acquisition_052,ROI_0080,0,keep,0.28664301302954076
Archive_006,Acquisition_052,ROI_0081,0,keep,0.2753948234786656
Archive_006,Acquisition_052,ROI_0082,0,keep,0.2793562572234759
Archive_006,Acquisition_052,ROI_0083,0,keep,0.27404668454063996
Archive_006,Acquisition_052,ROI_0084,0,keep,0.2659179840016424
Archive_006,Acquisition_052,ROI_0085,0,keep,0.20205105725473943
Archive_006,Acquisition_052,ROI_0086,0,keep,0.05307983762057571
Archive_006,Acquisition_052,ROI_0087,0,keep,0.3399107700853185
Archive_006,Acquisition_052,ROI_0088,0,keep,0.37635053740012453
Archive_006,Acquisition_052,ROI_0089,0,keep,0.13739427809809768
Archive_006,Acquisition_052,ROI_0090,0,keep,0.2974508779574161
Archive_006,Acquisition_052,ROI_0091,0,keep,0.27686666117535136
Archive_006,Acquisition_052,ROI_0092,0,keep,0.25246350737049356
Archive_006,Acquisition_052,ROI_0093,0,keep,0.1700967278525697
Archive_006,Acquisition_052,ROI_0094,0,keep,0.41361910094931925
Archive_006,Acquisition_052,ROI_0095,0,keep,0.1418810036911996
Archive_006,Acquisition_052,ROI_0096,0,keep,0.4431510566444691
Archive_006,Acquisition_052,ROI_0097,1,discard,0.9999999999999989
Archive_006,Acquisition_052,ROI_0098,0,keep,0.28039453637628053
Archive_006,Acquisition_052,ROI_0099,0,keep,0.4025570455691119
Archive_006,Acquisition_052,ROI_0100,0,keep,0.2821967209742473
Archive_006,Acquisition_052,ROI_0101,0,keep,0.254378113801233
Archive_006,Acquisition_052,ROI_0102,0,keep,0.26237520059566605
Archive_006,Acquisition_052,ROI_0103,0,keep,0.3257060695641064
Archive_006,Acquisition_052,ROI_0104,0,keep,0.3621525180870051
Archive_006,Acquisition_052,ROI_0105,0,keep,0.3119126682515199
Archive_006,Acquisition_052,ROI_0106,1,discard,0.999999067402723
Archive_006,Acquisition_052,ROI_0107,1,discard,0.9999999999999989
Archive_006,Acquisition_052,ROI_0108,0,keep,0.39158923767466036
Archive_006,Acquisition_052,ROI_0109,1,discard,0.9999959481276264
